
> radioos@0.1.0 dev
> next dev

▲ Next.js 16.3.1 (Turbopack)
- Local:         http://localhost:51397
- Network:       http://10.141.159.200:51397
- Environments: .env.local
✓ Ready in 1601ms
✓ Running next.config.ts took 161ms
 GET / 200 in 3.4s (next.js: 2.2s, proxy.ts: 230ms, application-code: 1036ms)
 GET / 200 in 456ms (next.js: 18ms, proxy.ts: 17ms, application-code: 422ms)
 GET / 200 in 714ms (next.js: 26ms, proxy.ts: 19ms, application-code: 669ms)
 GET /login 200 in 833ms (next.js: 377ms, proxy.ts: 10ms, application-code: 445ms)
 GET / 200 in 722ms (next.js: 29ms, proxy.ts: 20ms, application-code: 673ms)
 GET /login 200 in 279ms (next.js: 129ms, proxy.ts: 44ms, application-code: 106ms)
 POST /login 200 in 107ms (next.js: 17ms, proxy.ts: 15ms, application-code: 75ms)
  └─ ƒ signInWithGoogle() in 30ms src/lib/supabase/actions.ts
 GET /login 200 in 329ms (next.js: 16ms, proxy.ts: 15ms, application-code: 298ms)
 GET /register 200 in 541ms (next.js: 459ms, proxy.ts: 15ms, application-code: 67ms)
✓ Compiled in 1705ms
 GET /register 200 in 1779ms (next.js: 1255ms, proxy.ts: 331ms, application-code: 192ms)
 GET /login 200 in 740ms (next.js: 51ms, proxy.ts: 10ms, application-code: 679ms)
 GET /login 200 in 815ms (next.js: 31ms, proxy.ts: 21ms, application-code: 763ms)
 GET /login 200 in 675ms (next.js: 35ms, proxy.ts: 24ms, application-code: 615ms)
 GET /login 200 in 625ms (next.js: 36ms, proxy.ts: 27ms, application-code: 561ms)
 GET /login 200 in 619ms (next.js: 76ms, proxy.ts: 24ms, application-code: 520ms)
 GET /login 200 in 739ms (next.js: 40ms, proxy.ts: 22ms, application-code: 677ms)
 GET /login 200 in 898ms (next.js: 33ms, proxy.ts: 18ms, application-code: 847ms)
 GET /login 200 in 924ms (next.js: 38ms, proxy.ts: 27ms, application-code: 858ms)
 GET /login 200 in 938ms (next.js: 48ms, proxy.ts: 22ms, application-code: 869ms)
 GET /login?verified=true 200 in 1155ms (next.js: 45ms, proxy.ts: 16ms, application-code: 1094ms)
 GET /login 200 in 1226ms (next.js: 166ms, proxy.ts: 28ms, application-code: 1032ms)
 POST /register 200 in 5.0s (next.js: 851ms, proxy.ts: 209ms, application-code: 3.9s)
  └─ ƒ signUp({}) in 2159ms src/lib/supabase/actions.ts
 GET /login?verified=true 200 in 763ms (next.js: 285ms, proxy.ts: 30ms, application-code: 448ms)
 GET /login 200 in 1215ms (next.js: 48ms, proxy.ts: 35ms, application-code: 1132ms)
 GET /login 200 in 1383ms (next.js: 51ms, proxy.ts: 25ms, application-code: 1306ms)
 GET /login?verified=true 200 in 1660ms (next.js: 75ms, proxy.ts: 143ms, application-code: 1442ms)
 GET /login 200 in 1554ms (next.js: 193ms, proxy.ts: 25ms, application-code: 1336ms)
 GET /login?verified=true 200 in 1682ms (next.js: 84ms, proxy.ts: 240ms, application-code: 1358ms)
 GET /login 200 in 1460ms (next.js: 159ms, proxy.ts: 41ms, application-code: 1260ms)
 GET /login?verified=true 200 in 1569ms (next.js: 98ms, proxy.ts: 107ms, application-code: 1364ms)
 GET /login 200 in 1477ms (next.js: 194ms, proxy.ts: 35ms, application-code: 1248ms)
 GET /login?verified=true 200 in 1576ms (next.js: 86ms, proxy.ts: 129ms, application-code: 1361ms)
 GET /login 200 in 1469ms (next.js: 187ms, proxy.ts: 37ms, application-code: 1245ms)
 GET /login?verified=true 200 in 1582ms (next.js: 89ms, proxy.ts: 158ms, application-code: 1335ms)
 GET /login 200 in 1452ms (next.js: 176ms, proxy.ts: 36ms, application-code: 1239ms)
 GET /login?verified=true 200 in 1557ms (next.js: 93ms, proxy.ts: 142ms, application-code: 1322ms)
 GET /login 200 in 1404ms (next.js: 178ms, proxy.ts: 24ms, application-code: 1201ms)
 GET /login?verified=true 200 in 1512ms (next.js: 83ms, proxy.ts: 124ms, application-code: 1304ms)
 GET /login 200 in 1405ms (next.js: 165ms, proxy.ts: 31ms, application-code: 1208ms)
 GET /login?verified=true 200 in 1546ms (next.js: 86ms, proxy.ts: 150ms, application-code: 1310ms)
 GET /login 200 in 1412ms (next.js: 200ms, proxy.ts: 28ms, application-code: 1185ms)
 GET /login?verified=true 200 in 1495ms (next.js: 91ms, proxy.ts: 123ms, application-code: 1282ms)
 GET /login 200 in 1397ms (next.js: 180ms, proxy.ts: 37ms, application-code: 1179ms)
 GET /login?verified=true 200 in 1444ms (next.js: 79ms, proxy.ts: 110ms, application-code: 1255ms)
 GET /login 200 in 1323ms (next.js: 156ms, proxy.ts: 18ms, application-code: 1149ms)
 GET /login?verified=true 200 in 1548ms (next.js: 63ms, proxy.ts: 151ms, application-code: 1335ms)
 GET /login 200 in 1416ms (next.js: 195ms, proxy.ts: 26ms, application-code: 1195ms)
 GET /login?verified=true 200 in 1352ms (next.js: 73ms, proxy.ts: 141ms, application-code: 1137ms)
 GET /login 200 in 1298ms (next.js: 172ms, proxy.ts: 26ms, application-code: 1100ms)
 GET /login?verified=true 200 in 1375ms (next.js: 89ms, proxy.ts: 126ms, application-code: 1160ms)
 GET /login 200 in 1327ms (next.js: 130ms, proxy.ts: 38ms, application-code: 1160ms)
 GET /login?verified=true 200 in 1293ms (next.js: 88ms, proxy.ts: 95ms, application-code: 1109ms)
 GET /login 200 in 1319ms (next.js: 195ms, proxy.ts: 19ms, application-code: 1105ms)
 GET /login?verified=true 200 in 1296ms (next.js: 66ms, proxy.ts: 196ms, application-code: 1035ms)
 GET /login 200 in 1251ms (next.js: 142ms, proxy.ts: 25ms, application-code: 1084ms)
 GET /login?verified=true 200 in 1247ms (next.js: 143ms, proxy.ts: 20ms, application-code: 1084ms)
 GET /login 200 in 1225ms (next.js: 254ms, proxy.ts: 17ms, application-code: 953ms)
 GET /login?verified=true 200 in 1119ms (next.js: 135ms, proxy.ts: 19ms, application-code: 966ms)
 GET /login 200 in 1128ms (next.js: 127ms, proxy.ts: 15ms, application-code: 986ms)
 GET /login?verified=true 200 in 1133ms (next.js: 199ms, proxy.ts: 11ms, application-code: 922ms)
 GET /login 200 in 1074ms (next.js: 160ms, proxy.ts: 18ms, application-code: 896ms)
 GET /login?verified=true 200 in 1067ms (next.js: 200ms, proxy.ts: 26ms, application-code: 840ms)
 GET /login 200 in 1028ms (next.js: 139ms, proxy.ts: 16ms, application-code: 873ms)
 GET /login?verified=true 200 in 1076ms (next.js: 123ms, proxy.ts: 14ms, application-code: 939ms)
 GET /login 200 in 1101ms (next.js: 144ms, proxy.ts: 11ms, application-code: 945ms)
 GET /login?verified=true 200 in 1113ms (next.js: 148ms, proxy.ts: 15ms, application-code: 951ms)
 GET /login 200 in 1100ms (next.js: 131ms, proxy.ts: 16ms, application-code: 953ms)
 GET /login?verified=true 200 in 1090ms (next.js: 141ms, proxy.ts: 16ms, application-code: 933ms)
 GET /login 200 in 1092ms (next.js: 135ms, proxy.ts: 18ms, application-code: 939ms)
 GET /login?verified=true 200 in 1132ms (next.js: 173ms, proxy.ts: 18ms, application-code: 942ms)
 GET /login 200 in 1210ms (next.js: 197ms, proxy.ts: 24ms, application-code: 989ms)
 GET /login?verified=true 200 in 1193ms (next.js: 154ms, proxy.ts: 23ms, application-code: 1017ms)
 GET /login 200 in 1224ms (next.js: 159ms, proxy.ts: 17ms, application-code: 1048ms)
 GET /login?verified=true 200 in 1239ms (next.js: 135ms, proxy.ts: 14ms, application-code: 1090ms)
 GET /login 200 in 1222ms (next.js: 122ms, proxy.ts: 12ms, application-code: 1088ms)
 GET /login?verified=true 200 in 1241ms (next.js: 138ms, proxy.ts: 15ms, application-code: 1089ms)
 GET /login 200 in 1322ms (next.js: 179ms, proxy.ts: 17ms, application-code: 1125ms)
 GET /login?verified=true 200 in 1362ms (next.js: 233ms, proxy.ts: 25ms, application-code: 1104ms)
 GET /login 200 in 1322ms (next.js: 183ms, proxy.ts: 23ms, application-code: 1117ms)
 GET /login?verified=true 200 in 1347ms (next.js: 203ms, proxy.ts: 24ms, application-code: 1120ms)
 GET /login 200 in 1335ms (next.js: 179ms, proxy.ts: 34ms, application-code: 1122ms)
 GET /login?verified=true 200 in 1343ms (next.js: 119ms, proxy.ts: 16ms, application-code: 1209ms)
 GET /login 200 in 1405ms (next.js: 142ms, proxy.ts: 14ms, application-code: 1249ms)
 GET /login?verified=true 200 in 1545ms (next.js: 215ms, proxy.ts: 16ms, application-code: 1313ms)
 GET /login 200 in 1527ms (next.js: 213ms, proxy.ts: 20ms, application-code: 1294ms)
 GET /login?verified=true 200 in 1517ms (next.js: 200ms, proxy.ts: 18ms, application-code: 1299ms)
 GET /login 200 in 1498ms (next.js: 192ms, proxy.ts: 22ms, application-code: 1283ms)
 GET /login?verified=true 200 in 1491ms (next.js: 178ms, proxy.ts: 26ms, application-code: 1287ms)
 GET /login 200 in 1462ms (next.js: 214ms, proxy.ts: 19ms, application-code: 1229ms)
 GET /login?verified=true 200 in 1467ms (next.js: 196ms, proxy.ts: 19ms, application-code: 1252ms)
 GET /login 200 in 1575ms (next.js: 334ms, proxy.ts: 18ms, application-code: 1223ms)
 GET /login?verified=true 200 in 1332ms (next.js: 183ms, proxy.ts: 26ms, application-code: 1123ms)
 GET /login 200 in 1273ms (next.js: 66ms, proxy.ts: 21ms, application-code: 1185ms)
 GET /login?verified=true 200 in 1265ms (next.js: 169ms, proxy.ts: 29ms, application-code: 1067ms)
 GET /login 200 in 1278ms (next.js: 58ms, proxy.ts: 43ms, application-code: 1178ms)
 GET /login?verified=true 200 in 1252ms (next.js: 141ms, proxy.ts: 22ms, application-code: 1089ms)
 GET /login 200 in 1303ms (next.js: 90ms, proxy.ts: 21ms, application-code: 1192ms)
 GET /login?verified=true 200 in 1300ms (next.js: 224ms, proxy.ts: 19ms, application-code: 1056ms)
 GET /login 200 in 1248ms (next.js: 57ms, proxy.ts: 23ms, application-code: 1168ms)
 GET /login?verified=true 200 in 1238ms (next.js: 135ms, proxy.ts: 19ms, application-code: 1085ms)
 GET /login 200 in 1271ms (next.js: 58ms, proxy.ts: 23ms, application-code: 1190ms)
 GET /login?verified=true 200 in 1265ms (next.js: 154ms, proxy.ts: 25ms, application-code: 1086ms)
 GET /login 200 in 1406ms (next.js: 65ms, proxy.ts: 28ms, application-code: 1312ms)
 GET /login?verified=true 200 in 1392ms (next.js: 158ms, proxy.ts: 27ms, application-code: 1207ms)
 GET /login 200 in 1506ms (next.js: 65ms, proxy.ts: 32ms, application-code: 1409ms)
 GET /login?verified=true 200 in 1507ms (next.js: 138ms, proxy.ts: 30ms, application-code: 1339ms)
 GET /login 200 in 1277ms (next.js: 59ms, proxy.ts: 23ms, application-code: 1195ms)
 GET /login?verified=true 200 in 1253ms (next.js: 136ms, proxy.ts: 26ms, application-code: 1091ms)
 GET /login 200 in 1010ms (next.js: 101ms, proxy.ts: 33ms, application-code: 876ms)
 GET /login?verified=true 200 in 977ms (next.js: 272ms, proxy.ts: 26ms, application-code: 679ms)
 GET /login?verified=true 200 in 535ms (next.js: 110ms, proxy.ts: 21ms, application-code: 404ms)
 GET /login 200 in 565ms (next.js: 270ms, proxy.ts: 27ms, application-code: 269ms)
 GET /login 200 in 884ms (next.js: 37ms, proxy.ts: 12ms, application-code: 835ms)
 GET /login?verified=true 200 in 976ms (next.js: 363ms, proxy.ts: 22ms, application-code: 591ms)
 GET /login?verified=true 200 in 1713ms (next.js: 306ms, proxy.ts: 65ms, application-code: 1343ms)
 GET /login 200 in 1790ms (next.js: 530ms, proxy.ts: 26ms, application-code: 1234ms)
 GET /login?verified=true 200 in 1123ms (next.js: 69ms, proxy.ts: 15ms, application-code: 1039ms)
 GET /login 200 in 1107ms (next.js: 168ms, proxy.ts: 37ms, application-code: 902ms)
 GET /login?verified=true 200 in 806ms (next.js: 67ms, proxy.ts: 17ms, application-code: 721ms)
 GET /login 200 in 788ms (next.js: 143ms, proxy.ts: 35ms, application-code: 610ms)
 GET /login?verified=true 200 in 514ms (next.js: 85ms, proxy.ts: 21ms, application-code: 408ms)
 GET /login 200 in 493ms (next.js: 254ms, proxy.ts: 17ms, application-code: 221ms)
 GET /login 200 in 1051ms (next.js: 52ms, proxy.ts: 13ms, application-code: 986ms)
 GET /login?verified=true 200 in 1094ms (next.js: 194ms, proxy.ts: 26ms, application-code: 874ms)
 GET /login 200 in 1223ms (next.js: 77ms, proxy.ts: 29ms, application-code: 1118ms)
 GET /login?verified=true 200 in 1220ms (next.js: 262ms, proxy.ts: 29ms, application-code: 928ms)
 GET /login?verified=true 200 in 1104ms (next.js: 111ms, proxy.ts: 16ms, application-code: 977ms)
 GET /login 200 in 1437ms (next.js: 288ms, proxy.ts: 106ms, application-code: 1043ms)
 GET /login?verified=true 200 in 914ms (next.js: 51ms, proxy.ts: 16ms, application-code: 846ms)
 GET /login 200 in 899ms (next.js: 210ms, proxy.ts: 23ms, application-code: 666ms)
 GET /login?verified=true 200 in 450ms (next.js: 96ms, proxy.ts: 50ms, application-code: 304ms)
 GET /login?verified=true 200 in 676ms (next.js: 171ms, proxy.ts: 10ms, application-code: 495ms)
 GET /login?verified=true 200 in 416ms (next.js: 20ms, proxy.ts: 26ms, application-code: 370ms)
 GET /login?verified=true 200 in 638ms (next.js: 44ms, proxy.ts: 8ms, application-code: 586ms)
 GET /login?verified=true 200 in 506ms (next.js: 28ms, proxy.ts: 20ms, application-code: 458ms)
 GET /login?verified=true 200 in 340ms (next.js: 22ms, proxy.ts: 18ms, application-code: 300ms)
 GET /login?verified=true 200 in 323ms (next.js: 31ms, proxy.ts: 18ms, application-code: 274ms)
 GET /login?verified=true 200 in 155ms (next.js: 25ms, proxy.ts: 12ms, application-code: 118ms)
 GET /login?verified=true 200 in 404ms (next.js: 20ms, proxy.ts: 14ms, application-code: 370ms)
 GET /login?verified=true 200 in 193ms (next.js: 20ms, proxy.ts: 12ms, application-code: 161ms)
 GET /login 200 in 1856ms (next.js: 595ms, proxy.ts: 66ms, application-code: 1195ms)
 GET /login?verified=true 200 in 1990ms (next.js: 866ms, proxy.ts: 123ms, application-code: 1002ms)
 GET /login 200 in 1122ms (next.js: 33ms, proxy.ts: 23ms, application-code: 1066ms)
 GET /login?verified=true 200 in 1136ms (next.js: 124ms, proxy.ts: 24ms, application-code: 987ms)
 GET /login 200 in 1216ms (next.js: 54ms, proxy.ts: 18ms, application-code: 1144ms)
 GET /login?verified=true 200 in 1209ms (next.js: 137ms, proxy.ts: 17ms, application-code: 1054ms)
 GET /login 200 in 1205ms (next.js: 56ms, proxy.ts: 30ms, application-code: 1119ms)
 GET /login?verified=true 200 in 1201ms (next.js: 141ms, proxy.ts: 21ms, application-code: 1039ms)
 GET /login 200 in 1157ms (next.js: 58ms, proxy.ts: 29ms, application-code: 1070ms)
 GET /login?verified=true 200 in 1136ms (next.js: 107ms, proxy.ts: 26ms, application-code: 1003ms)
 GET /login 200 in 1159ms (next.js: 63ms, proxy.ts: 22ms, application-code: 1074ms)
 GET /login?verified=true 200 in 1152ms (next.js: 180ms, proxy.ts: 22ms, application-code: 949ms)
 GET /login 200 in 1133ms (next.js: 63ms, proxy.ts: 25ms, application-code: 1045ms)
 GET /login?verified=true 200 in 1126ms (next.js: 146ms, proxy.ts: 23ms, application-code: 957ms)
 GET /login 200 in 1105ms (next.js: 69ms, proxy.ts: 24ms, application-code: 1011ms)
 GET /login?verified=true 200 in 1103ms (next.js: 147ms, proxy.ts: 21ms, application-code: 936ms)
 GET /login?verified=true 200 in 1099ms (next.js: 112ms, proxy.ts: 16ms, application-code: 970ms)
 GET /login 200 in 1128ms (next.js: 52ms, proxy.ts: 26ms, application-code: 1051ms)
 GET /login 200 in 1160ms (next.js: 59ms, proxy.ts: 40ms, application-code: 1061ms)
 GET /login?verified=true 200 in 1143ms (next.js: 159ms, proxy.ts: 25ms, application-code: 958ms)
 GET /login?verified=true 200 in 1106ms (next.js: 41ms, proxy.ts: 32ms, application-code: 1033ms)
 GET /login 200 in 1128ms (next.js: 142ms, proxy.ts: 32ms, application-code: 953ms)
 GET /login?verified=true 200 in 1142ms (next.js: 58ms, proxy.ts: 26ms, application-code: 1058ms)
 GET /login 200 in 1125ms (next.js: 143ms, proxy.ts: 23ms, application-code: 960ms)
 GET /login?verified=true 200 in 1077ms (next.js: 69ms, proxy.ts: 24ms, application-code: 985ms)
 GET /login 200 in 1062ms (next.js: 140ms, proxy.ts: 20ms, application-code: 902ms)
 GET /login?verified=true 200 in 984ms (next.js: 52ms, proxy.ts: 21ms, application-code: 911ms)
 GET /login 200 in 972ms (next.js: 131ms, proxy.ts: 21ms, application-code: 820ms)
 GET /login?verified=true 200 in 930ms (next.js: 52ms, proxy.ts: 26ms, application-code: 852ms)
 GET /login 200 in 919ms (next.js: 166ms, proxy.ts: 21ms, application-code: 733ms)
 GET /login?verified=true 200 in 896ms (next.js: 56ms, proxy.ts: 17ms, application-code: 824ms)
 GET /login 200 in 896ms (next.js: 117ms, proxy.ts: 15ms, application-code: 764ms)
 GET /login?verified=true 200 in 931ms (next.js: 40ms, proxy.ts: 15ms, application-code: 875ms)
 GET /login 200 in 991ms (next.js: 100ms, proxy.ts: 16ms, application-code: 875ms)
 GET /login?verified=true 200 in 982ms (next.js: 38ms, proxy.ts: 14ms, application-code: 930ms)
 GET /login 200 in 1067ms (next.js: 92ms, proxy.ts: 13ms, application-code: 962ms)
 GET /login 200 in 1112ms (next.js: 82ms, proxy.ts: 26ms, application-code: 1003ms)
 GET /login?verified=true 200 in 1170ms (next.js: 304ms, proxy.ts: 23ms, application-code: 843ms)
 GET /login 200 in 1025ms (next.js: 48ms, proxy.ts: 77ms, application-code: 899ms)
 GET /login?verified=true 200 in 964ms (next.js: 133ms, proxy.ts: 17ms, application-code: 814ms)
 GET /login 200 in 937ms (next.js: 52ms, proxy.ts: 77ms, application-code: 808ms)
 GET /login?verified=true 200 in 944ms (next.js: 147ms, proxy.ts: 21ms, application-code: 775ms)
 GET /login 200 in 894ms (next.js: 68ms, proxy.ts: 103ms, application-code: 723ms)
 GET /login?verified=true 200 in 912ms (next.js: 130ms, proxy.ts: 27ms, application-code: 754ms)
 GET /login 200 in 957ms (next.js: 74ms, proxy.ts: 78ms, application-code: 805ms)
 GET /login?verified=true 200 in 872ms (next.js: 115ms, proxy.ts: 18ms, application-code: 739ms)
 GET /login 200 in 856ms (next.js: 39ms, proxy.ts: 14ms, application-code: 804ms)
 GET /login?verified=true 200 in 853ms (next.js: 111ms, proxy.ts: 14ms, application-code: 729ms)
 GET /login 200 in 877ms (next.js: 42ms, proxy.ts: 17ms, application-code: 818ms)
 GET /login?verified=true 200 in 869ms (next.js: 100ms, proxy.ts: 17ms, application-code: 752ms)
 GET /login 200 in 871ms (next.js: 70ms, proxy.ts: 21ms, application-code: 779ms)
 GET /login?verified=true 200 in 858ms (next.js: 98ms, proxy.ts: 47ms, application-code: 713ms)
 GET /login 200 in 885ms (next.js: 43ms, proxy.ts: 14ms, application-code: 828ms)
 GET /login?verified=true 200 in 884ms (next.js: 103ms, proxy.ts: 16ms, application-code: 765ms)
 GET /login 200 in 933ms (next.js: 41ms, proxy.ts: 15ms, application-code: 876ms)
 GET /login?verified=true 200 in 928ms (next.js: 129ms, proxy.ts: 15ms, application-code: 785ms)
 GET /login 200 in 1034ms (next.js: 37ms, proxy.ts: 14ms, application-code: 983ms)
 GET /login?verified=true 200 in 1033ms (next.js: 98ms, proxy.ts: 13ms, application-code: 921ms)
 GET /login 200 in 1118ms (next.js: 38ms, proxy.ts: 15ms, application-code: 1065ms)
 GET /login?verified=true 200 in 1137ms (next.js: 113ms, proxy.ts: 13ms, application-code: 1010ms)
 GET /login 200 in 933ms (next.js: 51ms, proxy.ts: 23ms, application-code: 859ms)
 GET /login?verified=true 200 in 910ms (next.js: 129ms, proxy.ts: 22ms, application-code: 759ms)
 GET /login 200 in 683ms (next.js: 42ms, proxy.ts: 15ms, application-code: 626ms)
 GET /login?verified=true 200 in 667ms (next.js: 123ms, proxy.ts: 14ms, application-code: 530ms)
 GET /login 200 in 391ms (next.js: 56ms, proxy.ts: 34ms, application-code: 301ms)
 GET /login?verified=true 200 in 354ms (next.js: 114ms, proxy.ts: 27ms, application-code: 213ms)
 GET /login 200 in 1223ms (next.js: 152ms, proxy.ts: 20ms, application-code: 1051ms)
 GET /login?verified=true 200 in 1164ms (next.js: 247ms, proxy.ts: 41ms, application-code: 876ms)
 GET /login 200 in 1025ms (next.js: 36ms, proxy.ts: 20ms, application-code: 970ms)
 GET /login?verified=true 200 in 1035ms (next.js: 131ms, proxy.ts: 21ms, application-code: 882ms)
 GET /login 200 in 1054ms (next.js: 47ms, proxy.ts: 22ms, application-code: 985ms)
 GET /login?verified=true 200 in 1048ms (next.js: 133ms, proxy.ts: 17ms, application-code: 898ms)
 GET /login 200 in 1067ms (next.js: 45ms, proxy.ts: 16ms, application-code: 1006ms)
 GET /login?verified=true 200 in 1063ms (next.js: 131ms, proxy.ts: 17ms, application-code: 915ms)
 GET /login 200 in 1098ms (next.js: 44ms, proxy.ts: 16ms, application-code: 1038ms)
 GET /login?verified=true 200 in 1095ms (next.js: 123ms, proxy.ts: 19ms, application-code: 953ms)
 GET /login 200 in 1128ms (next.js: 42ms, proxy.ts: 22ms, application-code: 1064ms)
 GET /login?verified=true 200 in 1120ms (next.js: 144ms, proxy.ts: 16ms, application-code: 961ms)
 GET /login 200 in 1140ms (next.js: 56ms, proxy.ts: 18ms, application-code: 1066ms)
 GET /login?verified=true 200 in 1138ms (next.js: 147ms, proxy.ts: 21ms, application-code: 969ms)
 GET /login 200 in 1130ms (next.js: 46ms, proxy.ts: 19ms, application-code: 1065ms)
 GET /login?verified=true 200 in 1121ms (next.js: 130ms, proxy.ts: 15ms, application-code: 976ms)
 GET /login 200 in 1122ms (next.js: 51ms, proxy.ts: 25ms, application-code: 1047ms)
 GET /login?verified=true 200 in 1106ms (next.js: 119ms, proxy.ts: 18ms, application-code: 969ms)
 GET /login 200 in 1097ms (next.js: 56ms, proxy.ts: 25ms, application-code: 1016ms)
 GET /login?verified=true 200 in 1081ms (next.js: 149ms, proxy.ts: 23ms, application-code: 908ms)
 GET /login 200 in 1095ms (next.js: 54ms, proxy.ts: 20ms, application-code: 1021ms)
 GET /login?verified=true 200 in 1085ms (next.js: 130ms, proxy.ts: 21ms, application-code: 934ms)
 GET /login 200 in 1058ms (next.js: 43ms, proxy.ts: 25ms, application-code: 991ms)
 GET /login?verified=true 200 in 1048ms (next.js: 133ms, proxy.ts: 17ms, application-code: 898ms)
 GET /login 200 in 1021ms (next.js: 40ms, proxy.ts: 18ms, application-code: 964ms)
 GET /login?verified=true 200 in 1021ms (next.js: 116ms, proxy.ts: 18ms, application-code: 887ms)
 GET /login 200 in 931ms (next.js: 39ms, proxy.ts: 18ms, application-code: 875ms)
 GET /login?verified=true 200 in 1019ms (next.js: 113ms, proxy.ts: 13ms, application-code: 893ms)
 GET /login 200 in 964ms (next.js: 82ms, proxy.ts: 21ms, application-code: 861ms)
 GET /login?verified=true 200 in 1017ms (next.js: 119ms, proxy.ts: 20ms, application-code: 879ms)
 GET /login?verified=true 200 in 1093ms (next.js: 40ms, proxy.ts: 20ms, application-code: 1034ms)
 GET /login 200 in 1142ms (next.js: 163ms, proxy.ts: 18ms, application-code: 961ms)
 GET /login?verified=true 200 in 889ms (next.js: 40ms, proxy.ts: 22ms, application-code: 827ms)
 GET /login 200 in 868ms (next.js: 108ms, proxy.ts: 15ms, application-code: 746ms)
 GET /login?verified=true 200 in 663ms (next.js: 51ms, proxy.ts: 26ms, application-code: 586ms)
 GET /login 200 in 636ms (next.js: 138ms, proxy.ts: 17ms, application-code: 481ms)
 GET /login?verified=true 200 in 388ms (next.js: 45ms, proxy.ts: 19ms, application-code: 324ms)
 GET /login 200 in 369ms (next.js: 149ms, proxy.ts: 13ms, application-code: 207ms)
 GET /login 200 in 1067ms (next.js: 50ms, proxy.ts: 14ms, application-code: 1003ms)
 GET /login?verified=true 200 in 1132ms (next.js: 207ms, proxy.ts: 14ms, application-code: 911ms)
 GET /login 200 in 1110ms (next.js: 76ms, proxy.ts: 17ms, application-code: 1017ms)
 GET /login?verified=true 200 in 1101ms (next.js: 142ms, proxy.ts: 47ms, application-code: 912ms)
 GET /login 200 in 1049ms (next.js: 40ms, proxy.ts: 20ms, application-code: 989ms)
 GET /login?verified=true 200 in 1039ms (next.js: 125ms, proxy.ts: 15ms, application-code: 899ms)
 GET /login 200 in 998ms (next.js: 46ms, proxy.ts: 22ms, application-code: 930ms)
 GET /login?verified=true 200 in 1014ms (next.js: 121ms, proxy.ts: 17ms, application-code: 876ms)
 GET /login 200 in 968ms (next.js: 54ms, proxy.ts: 19ms, application-code: 895ms)
 GET /login?verified=true 200 in 960ms (next.js: 154ms, proxy.ts: 18ms, application-code: 787ms)
 GET /login 200 in 919ms (next.js: 42ms, proxy.ts: 21ms, application-code: 857ms)
 GET /login?verified=true 200 in 911ms (next.js: 128ms, proxy.ts: 16ms, application-code: 767ms)
 GET /login 200 in 928ms (next.js: 40ms, proxy.ts: 15ms, application-code: 872ms)
 GET /login?verified=true 200 in 929ms (next.js: 105ms, proxy.ts: 15ms, application-code: 809ms)
 GET /login 200 in 969ms (next.js: 65ms, proxy.ts: 15ms, application-code: 888ms)
 GET /login?verified=true 200 in 975ms (next.js: 130ms, proxy.ts: 12ms, application-code: 833ms)
 GET /login 200 in 994ms (next.js: 44ms, proxy.ts: 15ms, application-code: 935ms)
 GET /login?verified=true 200 in 996ms (next.js: 106ms, proxy.ts: 16ms, application-code: 874ms)
 GET /login?verified=true 200 in 1038ms (next.js: 42ms, proxy.ts: 22ms, application-code: 975ms)
 GET /login 200 in 1073ms (next.js: 174ms, proxy.ts: 21ms, application-code: 878ms)
 GET /login?verified=true 200 in 1379ms (next.js: 41ms, proxy.ts: 20ms, application-code: 1319ms)
 GET /login 200 in 1367ms (next.js: 113ms, proxy.ts: 17ms, application-code: 1237ms)
 GET /login?verified=true 200 in 1469ms (next.js: 55ms, proxy.ts: 26ms, application-code: 1388ms)
 GET /login 200 in 1495ms (next.js: 126ms, proxy.ts: 21ms, application-code: 1347ms)
 GET /login?verified=true 200 in 1748ms (next.js: 47ms, proxy.ts: 24ms, application-code: 1678ms)
 GET /login 200 in 1826ms (next.js: 131ms, proxy.ts: 18ms, application-code: 1677ms)
 GET /login?verified=true 200 in 1708ms (next.js: 124ms, proxy.ts: 21ms, application-code: 1563ms)
 GET /login 200 in 1694ms (next.js: 443ms, proxy.ts: 19ms, application-code: 1232ms)
 GET /login?verified=true 200 in 1173ms (next.js: 332ms, proxy.ts: 54ms, application-code: 788ms)
 GET /login 200 in 1136ms (next.js: 465ms, proxy.ts: 12ms, application-code: 659ms)
 GET /login?verified=true 200 in 923ms (next.js: 126ms, proxy.ts: 23ms, application-code: 773ms)
 GET /login?verified=true 200 in 1198ms (next.js: 22ms, proxy.ts: 14ms, application-code: 1161ms)
 GET /login 200 in 1098ms (next.js: 147ms, proxy.ts: 19ms, application-code: 932ms)
 GET /login?verified=true 200 in 1094ms (next.js: 48ms, proxy.ts: 21ms, application-code: 1026ms)
 GET /login 200 in 1050ms (next.js: 27ms, proxy.ts: 24ms, application-code: 999ms)
 GET /login?verified=true 200 in 1076ms (next.js: 126ms, proxy.ts: 23ms, application-code: 927ms)
 GET /login 200 in 838ms (next.js: 64ms, proxy.ts: 21ms, application-code: 753ms)
 GET /login?verified=true 200 in 817ms (next.js: 279ms, proxy.ts: 14ms, application-code: 524ms)
 GET /login 200 in 1075ms (next.js: 189ms, proxy.ts: 35ms, application-code: 851ms)
 GET /login?verified=true 200 in 1029ms (next.js: 46ms, proxy.ts: 22ms, application-code: 961ms)
 GET /login 200 in 1028ms (next.js: 29ms, proxy.ts: 26ms, application-code: 972ms)
 GET /login?verified=true 200 in 1046ms (next.js: 124ms, proxy.ts: 26ms, application-code: 896ms)
 GET /login 200 in 1257ms (next.js: 235ms, proxy.ts: 23ms, application-code: 999ms)
 GET /login?verified=true 200 in 1234ms (next.js: 62ms, proxy.ts: 23ms, application-code: 1148ms)
 GET /login 200 in 994ms (next.js: 28ms, proxy.ts: 24ms, application-code: 942ms)
 GET /login?verified=true 200 in 1011ms (next.js: 122ms, proxy.ts: 23ms, application-code: 866ms)
 GET /login 200 in 991ms (next.js: 76ms, proxy.ts: 26ms, application-code: 889ms)
 GET /login?verified=true 200 in 946ms (next.js: 120ms, proxy.ts: 15ms, application-code: 811ms)
 GET /login 200 in 987ms (next.js: 41ms, proxy.ts: 18ms, application-code: 928ms)
 GET /login?verified=true 200 in 981ms (next.js: 134ms, proxy.ts: 13ms, application-code: 834ms)
 GET /login 200 in 944ms (next.js: 41ms, proxy.ts: 17ms, application-code: 886ms)
 GET /login?verified=true 200 in 948ms (next.js: 109ms, proxy.ts: 16ms, application-code: 823ms)
 GET /login 200 in 1071ms (next.js: 47ms, proxy.ts: 17ms, application-code: 1007ms)
 GET /login?verified=true 200 in 1069ms (next.js: 109ms, proxy.ts: 19ms, application-code: 941ms)
 GET /login 200 in 1139ms (next.js: 44ms, proxy.ts: 19ms, application-code: 1076ms)
 GET /login?verified=true 200 in 1132ms (next.js: 134ms, proxy.ts: 14ms, application-code: 984ms)
 GET /login?verified=true 200 in 1123ms (next.js: 43ms, proxy.ts: 18ms, application-code: 1062ms)
 GET /login 200 in 1143ms (next.js: 127ms, proxy.ts: 18ms, application-code: 999ms)
 GET /login?verified=true 200 in 1183ms (next.js: 97ms, proxy.ts: 23ms, application-code: 1063ms)
 GET /login 200 in 1182ms (next.js: 186ms, proxy.ts: 29ms, application-code: 967ms)
 GET /login?verified=true 200 in 1089ms (next.js: 54ms, proxy.ts: 35ms, application-code: 1000ms)
 GET /login 200 in 1080ms (next.js: 145ms, proxy.ts: 31ms, application-code: 904ms)
 GET /login?verified=true 200 in 1098ms (next.js: 41ms, proxy.ts: 28ms, application-code: 1030ms)
 GET /login 200 in 1095ms (next.js: 116ms, proxy.ts: 29ms, application-code: 950ms)
 GET /login?verified=true 200 in 1259ms (next.js: 57ms, proxy.ts: 25ms, application-code: 1177ms)
 GET /login 200 in 1279ms (next.js: 136ms, proxy.ts: 33ms, application-code: 1110ms)
 GET /login?verified=true 200 in 1547ms (next.js: 50ms, proxy.ts: 29ms, application-code: 1468ms)
 GET /login 200 in 1719ms (next.js: 112ms, proxy.ts: 22ms, application-code: 1585ms)
 GET /login?verified=true 200 in 1610ms (next.js: 59ms, proxy.ts: 21ms, application-code: 1530ms)
 GET /login 200 in 1731ms (next.js: 172ms, proxy.ts: 23ms, application-code: 1535ms)
 GET /login?verified=true 200 in 1515ms (next.js: 100ms, proxy.ts: 24ms, application-code: 1392ms)
 GET /login 200 in 1691ms (next.js: 248ms, proxy.ts: 17ms, application-code: 1426ms)
 GET /login?verified=true 200 in 1575ms (next.js: 604ms, proxy.ts: 23ms, application-code: 949ms)
 GET /login 200 in 1552ms (next.js: 659ms, proxy.ts: 55ms, application-code: 838ms)
 GET /login?verified=true 200 in 960ms (next.js: 43ms, proxy.ts: 64ms, application-code: 853ms)
 GET /login 200 in 958ms (next.js: 102ms, proxy.ts: 66ms, application-code: 790ms)
 GET /login?verified=true 200 in 917ms (next.js: 43ms, proxy.ts: 22ms, application-code: 853ms)
 GET /login 200 in 915ms (next.js: 110ms, proxy.ts: 23ms, application-code: 782ms)
 GET /login?verified=true 200 in 890ms (next.js: 35ms, proxy.ts: 18ms, application-code: 836ms)
 GET /login 200 in 888ms (next.js: 101ms, proxy.ts: 19ms, application-code: 768ms)
 GET /login?verified=true 200 in 994ms (next.js: 40ms, proxy.ts: 24ms, application-code: 929ms)
 GET /login 200 in 1003ms (next.js: 118ms, proxy.ts: 26ms, application-code: 859ms)
 GET /login?verified=true 200 in 1018ms (next.js: 38ms, proxy.ts: 16ms, application-code: 964ms)
 GET /login 200 in 1014ms (next.js: 104ms, proxy.ts: 15ms, application-code: 895ms)
 GET /login?verified=true 200 in 1066ms (next.js: 42ms, proxy.ts: 17ms, application-code: 1006ms)
 GET /login 200 in 1059ms (next.js: 119ms, proxy.ts: 16ms, application-code: 924ms)
 GET /login?verified=true 200 in 1092ms (next.js: 50ms, proxy.ts: 20ms, application-code: 1022ms)
 GET /login 200 in 1087ms (next.js: 134ms, proxy.ts: 19ms, application-code: 934ms)
 GET /login?verified=true 200 in 1120ms (next.js: 78ms, proxy.ts: 21ms, application-code: 1021ms)
 GET /login 200 in 1082ms (next.js: 132ms, proxy.ts: 22ms, application-code: 929ms)
 GET /login?verified=true 200 in 1096ms (next.js: 43ms, proxy.ts: 17ms, application-code: 1036ms)
 GET /login 200 in 1090ms (next.js: 133ms, proxy.ts: 16ms, application-code: 941ms)
 GET /login?verified=true 200 in 1095ms (next.js: 44ms, proxy.ts: 22ms, application-code: 1029ms)
 GET /login 200 in 1087ms (next.js: 141ms, proxy.ts: 18ms, application-code: 928ms)
 GET /login?verified=true 200 in 1132ms (next.js: 56ms, proxy.ts: 18ms, application-code: 1059ms)
 GET /login 200 in 1127ms (next.js: 141ms, proxy.ts: 20ms, application-code: 966ms)
 GET /login?verified=true 200 in 1086ms (next.js: 44ms, proxy.ts: 16ms, application-code: 1026ms)
 GET /login 200 in 1088ms (next.js: 124ms, proxy.ts: 15ms, application-code: 950ms)
 GET /login?verified=true 200 in 1079ms (next.js: 44ms, proxy.ts: 24ms, application-code: 1012ms)
 GET /login 200 in 1070ms (next.js: 114ms, proxy.ts: 18ms, application-code: 938ms)
 GET /login?verified=true 200 in 1092ms (next.js: 77ms, proxy.ts: 22ms, application-code: 992ms)
 GET /login 200 in 1083ms (next.js: 171ms, proxy.ts: 19ms, application-code: 894ms)
 GET /login?verified=true 200 in 1109ms (next.js: 47ms, proxy.ts: 24ms, application-code: 1039ms)
 GET /login 200 in 1102ms (next.js: 106ms, proxy.ts: 18ms, application-code: 977ms)
 GET /login?verified=true 200 in 1074ms (next.js: 58ms, proxy.ts: 28ms, application-code: 988ms)
 GET /login 200 in 1072ms (next.js: 121ms, proxy.ts: 25ms, application-code: 926ms)
 GET /login?verified=true 200 in 1044ms (next.js: 54ms, proxy.ts: 24ms, application-code: 966ms)
 GET /login 200 in 1119ms (next.js: 136ms, proxy.ts: 20ms, application-code: 963ms)
 GET /login?verified=true 200 in 1059ms (next.js: 56ms, proxy.ts: 26ms, application-code: 977ms)
 GET /login 200 in 1154ms (next.js: 192ms, proxy.ts: 18ms, application-code: 943ms)
 GET /login?verified=true 200 in 1121ms (next.js: 51ms, proxy.ts: 21ms, application-code: 1049ms)
 GET /login 200 in 1089ms (next.js: 96ms, proxy.ts: 12ms, application-code: 981ms)
 GET /login 200 in 1147ms (next.js: 83ms, proxy.ts: 35ms, application-code: 1029ms)
 GET /login?verified=true 200 in 1172ms (next.js: 182ms, proxy.ts: 34ms, application-code: 956ms)
 GET /login 200 in 1109ms (next.js: 49ms, proxy.ts: 27ms, application-code: 1032ms)
 GET /login?verified=true 200 in 1101ms (next.js: 146ms, proxy.ts: 17ms, application-code: 938ms)
 GET /login 200 in 1095ms (next.js: 52ms, proxy.ts: 20ms, application-code: 1023ms)
 GET /login?verified=true 200 in 1098ms (next.js: 135ms, proxy.ts: 19ms, application-code: 944ms)
 GET /login 200 in 1119ms (next.js: 53ms, proxy.ts: 26ms, application-code: 1040ms)
 GET /login?verified=true 200 in 1115ms (next.js: 121ms, proxy.ts: 22ms, application-code: 971ms)
 GET /login?verified=true 200 in 1122ms (next.js: 55ms, proxy.ts: 24ms, application-code: 1043ms)
 GET /login 200 in 1149ms (next.js: 173ms, proxy.ts: 24ms, application-code: 952ms)
 GET /login?verified=true 200 in 1116ms (next.js: 50ms, proxy.ts: 27ms, application-code: 1039ms)
 GET /login 200 in 1113ms (next.js: 130ms, proxy.ts: 28ms, application-code: 955ms)
 GET /login?verified=true 200 in 1104ms (next.js: 68ms, proxy.ts: 28ms, application-code: 1008ms)
 GET /login 200 in 1102ms (next.js: 153ms, proxy.ts: 28ms, application-code: 921ms)
 GET /login?verified=true 200 in 1071ms (next.js: 39ms, proxy.ts: 27ms, application-code: 1006ms)
 GET /login 200 in 1068ms (next.js: 129ms, proxy.ts: 25ms, application-code: 914ms)
 GET /login 200 in 1083ms (next.js: 34ms, proxy.ts: 25ms, application-code: 1024ms)
 GET /login?verified=true 200 in 1104ms (next.js: 148ms, proxy.ts: 26ms, application-code: 930ms)
 GET /login 200 in 1097ms (next.js: 53ms, proxy.ts: 25ms, application-code: 1019ms)
 GET /login?verified=true 200 in 1080ms (next.js: 126ms, proxy.ts: 21ms, application-code: 933ms)
 GET /login 200 in 1022ms (next.js: 53ms, proxy.ts: 22ms, application-code: 947ms)
 GET /login?verified=true 200 in 1009ms (next.js: 134ms, proxy.ts: 18ms, application-code: 857ms)
 GET /login 200 in 970ms (next.js: 59ms, proxy.ts: 21ms, application-code: 890ms)
 GET /login?verified=true 200 in 960ms (next.js: 136ms, proxy.ts: 24ms, application-code: 800ms)
 GET /login 200 in 948ms (next.js: 102ms, proxy.ts: 25ms, application-code: 821ms)
 GET /login?verified=true 200 in 934ms (next.js: 181ms, proxy.ts: 17ms, application-code: 736ms)
 GET /login 200 in 903ms (next.js: 35ms, proxy.ts: 13ms, application-code: 856ms)
 GET /login?verified=true 200 in 905ms (next.js: 98ms, proxy.ts: 12ms, application-code: 795ms)
 GET /login 200 in 752ms (next.js: 38ms, proxy.ts: 14ms, application-code: 700ms)
 GET /login?verified=true 200 in 739ms (next.js: 98ms, proxy.ts: 13ms, application-code: 628ms)
 GET /login 200 in 566ms (next.js: 48ms, proxy.ts: 20ms, application-code: 498ms)
 GET /login?verified=true 200 in 557ms (next.js: 135ms, proxy.ts: 17ms, application-code: 405ms)
 GET /login 200 in 543ms (next.js: 44ms, proxy.ts: 21ms, application-code: 479ms)
 GET /login?verified=true 200 in 560ms (next.js: 109ms, proxy.ts: 17ms, application-code: 435ms)
 GET /login 200 in 1149ms (next.js: 80ms, proxy.ts: 20ms, application-code: 1048ms)
 GET /login?verified=true 200 in 1150ms (next.js: 141ms, proxy.ts: 22ms, application-code: 986ms)
 GET /login 200 in 1029ms (next.js: 78ms, proxy.ts: 21ms, application-code: 931ms)
 GET /login?verified=true 200 in 1120ms (next.js: 175ms, proxy.ts: 15ms, application-code: 930ms)
 GET /login 200 in 1002ms (next.js: 50ms, proxy.ts: 20ms, application-code: 933ms)
 GET /login?verified=true 200 in 1094ms (next.js: 140ms, proxy.ts: 17ms, application-code: 937ms)
 GET /login 200 in 1000ms (next.js: 44ms, proxy.ts: 18ms, application-code: 938ms)
 GET /login?verified=true 200 in 1078ms (next.js: 123ms, proxy.ts: 15ms, application-code: 941ms)
 GET /login?verified=true 200 in 1105ms (next.js: 37ms, proxy.ts: 33ms, application-code: 1035ms)
 GET /login 200 in 1157ms (next.js: 168ms, proxy.ts: 30ms, application-code: 958ms)
 GET /login?verified=true 200 in 881ms (next.js: 58ms, proxy.ts: 25ms, application-code: 798ms)
 GET /login 200 in 857ms (next.js: 141ms, proxy.ts: 20ms, application-code: 695ms)
 GET /login?verified=true 200 in 607ms (next.js: 47ms, proxy.ts: 28ms, application-code: 531ms)
 GET /login 200 in 579ms (next.js: 135ms, proxy.ts: 15ms, application-code: 429ms)
 GET /login?verified=true 200 in 351ms (next.js: 74ms, proxy.ts: 17ms, application-code: 261ms)
 GET /login 200 in 335ms (next.js: 151ms, proxy.ts: 16ms, application-code: 168ms)
 GET /login 200 in 1648ms (next.js: 63ms, proxy.ts: 24ms, application-code: 1561ms)
 GET /login?verified=true 200 in 1674ms (next.js: 167ms, proxy.ts: 22ms, application-code: 1485ms)
 GET /login?verified=true 200 in 1862ms (next.js: 691ms, proxy.ts: 28ms, application-code: 1143ms)
 GET /login 200 in 1877ms (next.js: 816ms, proxy.ts: 34ms, application-code: 1027ms)
 GET /login?verified=true 200 in 1158ms (next.js: 52ms, proxy.ts: 84ms, application-code: 1022ms)
 GET /login 200 in 1156ms (next.js: 137ms, proxy.ts: 87ms, application-code: 933ms)
 GET /login?verified=true 200 in 1060ms (next.js: 34ms, proxy.ts: 22ms, application-code: 1004ms)
 GET /login 200 in 1072ms (next.js: 119ms, proxy.ts: 23ms, application-code: 930ms)
 GET /login?verified=true 200 in 1126ms (next.js: 54ms, proxy.ts: 24ms, application-code: 1048ms)
 GET /login 200 in 1117ms (next.js: 138ms, proxy.ts: 20ms, application-code: 959ms)
 GET /login?verified=true 200 in 1110ms (next.js: 46ms, proxy.ts: 25ms, application-code: 1039ms)
 GET /login 200 in 1098ms (next.js: 141ms, proxy.ts: 22ms, application-code: 935ms)
 GET /login?verified=true 200 in 1127ms (next.js: 46ms, proxy.ts: 15ms, application-code: 1065ms)
 GET /login 200 in 1126ms (next.js: 116ms, proxy.ts: 20ms, application-code: 990ms)
 GET /login?verified=true 200 in 1145ms (next.js: 57ms, proxy.ts: 24ms, application-code: 1064ms)
 GET /login 200 in 1135ms (next.js: 135ms, proxy.ts: 22ms, application-code: 978ms)
 GET /login?verified=true 200 in 1151ms (next.js: 85ms, proxy.ts: 22ms, application-code: 1044ms)
 GET /login 200 in 1114ms (next.js: 143ms, proxy.ts: 21ms, application-code: 950ms)
 GET /login?verified=true 200 in 1100ms (next.js: 50ms, proxy.ts: 19ms, application-code: 1031ms)
 GET /login 200 in 1095ms (next.js: 160ms, proxy.ts: 15ms, application-code: 919ms)
 GET /login?verified=true 200 in 1113ms (next.js: 53ms, proxy.ts: 18ms, application-code: 1043ms)
 GET /login 200 in 1108ms (next.js: 131ms, proxy.ts: 20ms, application-code: 957ms)
 GET /login?verified=true 200 in 1159ms (next.js: 51ms, proxy.ts: 25ms, application-code: 1084ms)
 GET /login 200 in 1153ms (next.js: 136ms, proxy.ts: 18ms, application-code: 999ms)
 GET /login?verified=true 200 in 1390ms (next.js: 51ms, proxy.ts: 24ms, application-code: 1314ms)
 GET /login 200 in 1678ms (next.js: 134ms, proxy.ts: 18ms, application-code: 1525ms)
 GET /login?verified=true 200 in 1706ms (next.js: 50ms, proxy.ts: 17ms, application-code: 1640ms)
 GET /login 200 in 1707ms (next.js: 140ms, proxy.ts: 19ms, application-code: 1549ms)
 GET /login?verified=true 200 in 1649ms (next.js: 84ms, proxy.ts: 21ms, application-code: 1543ms)
 GET /login 200 in 1636ms (next.js: 159ms, proxy.ts: 20ms, application-code: 1457ms)
 GET /login?verified=true 200 in 1606ms (next.js: 116ms, proxy.ts: 26ms, application-code: 1464ms)
 GET /login 200 in 1803ms (next.js: 823ms, proxy.ts: 26ms, application-code: 953ms)
 GET /login?verified=true 200 in 1747ms (next.js: 46ms, proxy.ts: 823ms, application-code: 878ms)
 GET /login 200 in 1000ms (next.js: 111ms, proxy.ts: 82ms, application-code: 806ms)
 GET /login?verified=true 200 in 949ms (next.js: 32ms, proxy.ts: 20ms, application-code: 896ms)
 GET /login 200 in 957ms (next.js: 112ms, proxy.ts: 22ms, application-code: 823ms)
 GET /login?verified=true 200 in 917ms (next.js: 41ms, proxy.ts: 18ms, application-code: 858ms)
 GET /login 200 in 912ms (next.js: 103ms, proxy.ts: 15ms, application-code: 793ms)
 GET /login?verified=true 200 in 918ms (next.js: 47ms, proxy.ts: 26ms, application-code: 845ms)
 GET /login 200 in 899ms (next.js: 101ms, proxy.ts: 17ms, application-code: 782ms)
 GET /login?verified=true 200 in 939ms (next.js: 53ms, proxy.ts: 17ms, application-code: 870ms)
 GET /login 200 in 932ms (next.js: 123ms, proxy.ts: 20ms, application-code: 789ms)
 GET /login?verified=true 200 in 921ms (next.js: 39ms, proxy.ts: 16ms, application-code: 866ms)
 GET /login 200 in 915ms (next.js: 102ms, proxy.ts: 14ms, application-code: 799ms)
 GET /login?verified=true 200 in 952ms (next.js: 48ms, proxy.ts: 18ms, application-code: 885ms)
 GET /login 200 in 947ms (next.js: 112ms, proxy.ts: 19ms, application-code: 815ms)
 GET /login?verified=true 200 in 1022ms (next.js: 65ms, proxy.ts: 15ms, application-code: 942ms)
 GET /login 200 in 996ms (next.js: 104ms, proxy.ts: 14ms, application-code: 878ms)
 GET /login?verified=true 200 in 1037ms (next.js: 39ms, proxy.ts: 20ms, application-code: 977ms)
 GET /login 200 in 1036ms (next.js: 112ms, proxy.ts: 15ms, application-code: 910ms)
 GET /login?verified=true 200 in 1126ms (next.js: 42ms, proxy.ts: 16ms, application-code: 1067ms)
 GET /login 200 in 1137ms (next.js: 111ms, proxy.ts: 16ms, application-code: 1010ms)
 GET /login?verified=true 200 in 986ms (next.js: 53ms, proxy.ts: 20ms, application-code: 914ms)
 GET /login 200 in 977ms (next.js: 144ms, proxy.ts: 19ms, application-code: 814ms)
 GET /login?verified=true 200 in 956ms (next.js: 55ms, proxy.ts: 24ms, application-code: 878ms)
 GET /login 200 in 939ms (next.js: 136ms, proxy.ts: 20ms, application-code: 783ms)
 GET /login 200 in 939ms (next.js: 55ms, proxy.ts: 27ms, application-code: 857ms)
 GET /login?verified=true 200 in 1057ms (next.js: 184ms, proxy.ts: 23ms, application-code: 850ms)
 GET /login 200 in 1090ms (next.js: 78ms, proxy.ts: 14ms, application-code: 998ms)
 GET /login?verified=true 200 in 1063ms (next.js: 137ms, proxy.ts: 7ms, application-code: 919ms)
 GET /login 200 in 1146ms (next.js: 50ms, proxy.ts: 93ms, application-code: 1002ms)
 GET /login?verified=true 200 in 1065ms (next.js: 130ms, proxy.ts: 23ms, application-code: 912ms)
 GET /login 200 in 1152ms (next.js: 62ms, proxy.ts: 99ms, application-code: 991ms)
 GET /login?verified=true 200 in 1107ms (next.js: 138ms, proxy.ts: 22ms, application-code: 946ms)
 GET /login 200 in 1185ms (next.js: 67ms, proxy.ts: 102ms, application-code: 1016ms)
 GET /login?verified=true 200 in 1107ms (next.js: 135ms, proxy.ts: 30ms, application-code: 942ms)
 GET /login 200 in 1088ms (next.js: 65ms, proxy.ts: 109ms, application-code: 914ms)
 GET /login?verified=true 200 in 1076ms (next.js: 133ms, proxy.ts: 27ms, application-code: 916ms)
 GET /login 200 in 1085ms (next.js: 56ms, proxy.ts: 87ms, application-code: 942ms)
 GET /login?verified=true 200 in 1115ms (next.js: 137ms, proxy.ts: 18ms, application-code: 960ms)
 GET /login 200 in 1130ms (next.js: 99ms, proxy.ts: 93ms, application-code: 938ms)
 GET /login?verified=true 200 in 1127ms (next.js: 171ms, proxy.ts: 24ms, application-code: 933ms)
 GET /login 200 in 1090ms (next.js: 66ms, proxy.ts: 96ms, application-code: 928ms)
 GET /login?verified=true 200 in 1118ms (next.js: 143ms, proxy.ts: 27ms, application-code: 948ms)
 GET /login 200 in 1132ms (next.js: 152ms, proxy.ts: 18ms, application-code: 963ms)
 GET /login?verified=true 200 in 1179ms (next.js: 156ms, proxy.ts: 18ms, application-code: 1005ms)
 GET /login 200 in 1171ms (next.js: 165ms, proxy.ts: 18ms, application-code: 987ms)
 GET /login?verified=true 200 in 1146ms (next.js: 154ms, proxy.ts: 17ms, application-code: 975ms)
 GET /login 200 in 1140ms (next.js: 143ms, proxy.ts: 17ms, application-code: 980ms)
 GET /login?verified=true 200 in 1143ms (next.js: 143ms, proxy.ts: 17ms, application-code: 984ms)
 GET /login 200 in 1144ms (next.js: 156ms, proxy.ts: 16ms, application-code: 972ms)
 GET /login?verified=true 200 in 1158ms (next.js: 169ms, proxy.ts: 18ms, application-code: 971ms)
 GET /login 200 in 1137ms (next.js: 201ms, proxy.ts: 16ms, application-code: 920ms)
 GET /login?verified=true 200 in 1127ms (next.js: 189ms, proxy.ts: 19ms, application-code: 920ms)
 GET /login 200 in 1085ms (next.js: 147ms, proxy.ts: 15ms, application-code: 923ms)
 GET /login?verified=true 200 in 1091ms (next.js: 146ms, proxy.ts: 17ms, application-code: 928ms)
 GET /login 200 in 1086ms (next.js: 148ms, proxy.ts: 17ms, application-code: 921ms)
 GET /login?verified=true 200 in 1052ms (next.js: 144ms, proxy.ts: 16ms, application-code: 892ms)
 GET /login 200 in 1057ms (next.js: 164ms, proxy.ts: 17ms, application-code: 876ms)
 GET /login?verified=true 200 in 1025ms (next.js: 158ms, proxy.ts: 22ms, application-code: 846ms)
 GET /login 200 in 996ms (next.js: 144ms, proxy.ts: 15ms, application-code: 837ms)
 GET /login?verified=true 200 in 983ms (next.js: 146ms, proxy.ts: 14ms, application-code: 823ms)
 GET /login 200 in 958ms (next.js: 151ms, proxy.ts: 16ms, application-code: 792ms)
 GET /login?verified=true 200 in 907ms (next.js: 139ms, proxy.ts: 19ms, application-code: 748ms)
 GET /login 200 in 851ms (next.js: 111ms, proxy.ts: 12ms, application-code: 729ms)
 GET /login?verified=true 200 in 833ms (next.js: 144ms, proxy.ts: 13ms, application-code: 676ms)
 GET /login 200 in 818ms (next.js: 115ms, proxy.ts: 12ms, application-code: 691ms)
 GET /login?verified=true 200 in 855ms (next.js: 135ms, proxy.ts: 13ms, application-code: 708ms)
 GET /login 200 in 899ms (next.js: 135ms, proxy.ts: 17ms, application-code: 748ms)
 GET /login?verified=true 200 in 897ms (next.js: 118ms, proxy.ts: 14ms, application-code: 765ms)
 GET /login 200 in 961ms (next.js: 92ms, proxy.ts: 11ms, application-code: 858ms)
 GET /login?verified=true 200 in 989ms (next.js: 90ms, proxy.ts: 9ms, application-code: 889ms)
 GET /login 200 in 1018ms (next.js: 89ms, proxy.ts: 10ms, application-code: 919ms)
 GET /login?verified=true 200 in 1036ms (next.js: 132ms, proxy.ts: 11ms, application-code: 893ms)
 GET /login 200 in 1029ms (next.js: 156ms, proxy.ts: 18ms, application-code: 855ms)
 GET /login?verified=true 200 in 991ms (next.js: 182ms, proxy.ts: 16ms, application-code: 793ms)
 GET /login 200 in 912ms (next.js: 143ms, proxy.ts: 18ms, application-code: 751ms)
 GET /login?verified=true 200 in 848ms (next.js: 186ms, proxy.ts: 14ms, application-code: 648ms)
 GET /login 200 in 799ms (next.js: 49ms, proxy.ts: 86ms, application-code: 665ms)
 GET /login?verified=true 200 in 721ms (next.js: 113ms, proxy.ts: 13ms, application-code: 595ms)
 GET /login 200 in 749ms (next.js: 44ms, proxy.ts: 77ms, application-code: 628ms)
 GET /login?verified=true 200 in 689ms (next.js: 105ms, proxy.ts: 16ms, application-code: 567ms)
 GET /login 200 in 845ms (next.js: 41ms, proxy.ts: 75ms, application-code: 728ms)
 GET /login?verified=true 200 in 789ms (next.js: 82ms, proxy.ts: 16ms, application-code: 691ms)
 GET /login 200 in 931ms (next.js: 35ms, proxy.ts: 55ms, application-code: 841ms)
 GET /login?verified=true 200 in 899ms (next.js: 86ms, proxy.ts: 13ms, application-code: 800ms)
 GET /login 200 in 1038ms (next.js: 45ms, proxy.ts: 57ms, application-code: 936ms)
 GET /login?verified=true 200 in 1001ms (next.js: 83ms, proxy.ts: 16ms, application-code: 902ms)
 GET /login 200 in 1137ms (next.js: 47ms, proxy.ts: 64ms, application-code: 1026ms)
 GET /login?verified=true 200 in 1095ms (next.js: 178ms, proxy.ts: 19ms, application-code: 898ms)
 GET /login 200 in 1183ms (next.js: 61ms, proxy.ts: 97ms, application-code: 1026ms)
 GET /login?verified=true 200 in 1100ms (next.js: 141ms, proxy.ts: 21ms, application-code: 938ms)
 GET /login 200 in 1173ms (next.js: 58ms, proxy.ts: 98ms, application-code: 1017ms)
 GET /login?verified=true 200 in 1095ms (next.js: 140ms, proxy.ts: 21ms, application-code: 934ms)
 GET /login 200 in 1169ms (next.js: 65ms, proxy.ts: 98ms, application-code: 1005ms)
 GET /login?verified=true 200 in 1078ms (next.js: 143ms, proxy.ts: 23ms, application-code: 912ms)
 GET /login 200 in 1111ms (next.js: 62ms, proxy.ts: 87ms, application-code: 962ms)
 GET /login?verified=true 200 in 1041ms (next.js: 173ms, proxy.ts: 25ms, application-code: 843ms)
 GET /login 200 in 1106ms (next.js: 58ms, proxy.ts: 103ms, application-code: 945ms)
 GET /login?verified=true 200 in 1010ms (next.js: 136ms, proxy.ts: 21ms, application-code: 853ms)
 GET /login 200 in 1042ms (next.js: 64ms, proxy.ts: 89ms, application-code: 889ms)
 GET /login?verified=true 200 in 968ms (next.js: 160ms, proxy.ts: 25ms, application-code: 783ms)
 GET /login 200 in 1055ms (next.js: 43ms, proxy.ts: 94ms, application-code: 918ms)
 GET /login?verified=true 200 in 980ms (next.js: 104ms, proxy.ts: 17ms, application-code: 859ms)
 GET /login 200 in 1115ms (next.js: 62ms, proxy.ts: 85ms, application-code: 968ms)
 GET /login?verified=true 200 in 1040ms (next.js: 130ms, proxy.ts: 23ms, application-code: 887ms)
 GET /login 200 in 1167ms (next.js: 41ms, proxy.ts: 132ms, application-code: 994ms)
 GET /login?verified=true 200 in 1052ms (next.js: 107ms, proxy.ts: 14ms, application-code: 930ms)
 GET /login 200 in 1181ms (next.js: 52ms, proxy.ts: 77ms, application-code: 1052ms)
 GET /login?verified=true 200 in 1135ms (next.js: 136ms, proxy.ts: 21ms, application-code: 978ms)
 GET /login 200 in 1130ms (next.js: 65ms, proxy.ts: 106ms, application-code: 958ms)
 GET /login?verified=true 200 in 1132ms (next.js: 148ms, proxy.ts: 22ms, application-code: 962ms)
 GET /login 200 in 1114ms (next.js: 48ms, proxy.ts: 105ms, application-code: 961ms)
 GET /login?verified=true 200 in 1098ms (next.js: 131ms, proxy.ts: 18ms, application-code: 950ms)
 GET /login 200 in 1163ms (next.js: 114ms, proxy.ts: 99ms, application-code: 949ms)
 GET /login?verified=true 200 in 1034ms (next.js: 118ms, proxy.ts: 21ms, application-code: 896ms)
 GET /login 200 in 1075ms (next.js: 43ms, proxy.ts: 27ms, application-code: 1006ms)
 GET /login?verified=true 200 in 1087ms (next.js: 146ms, proxy.ts: 28ms, application-code: 914ms)
 GET /login 200 in 1114ms (next.js: 58ms, proxy.ts: 21ms, application-code: 1035ms)
 GET /login?verified=true 200 in 1108ms (next.js: 141ms, proxy.ts: 26ms, application-code: 940ms)
 GET /login 200 in 1105ms (next.js: 47ms, proxy.ts: 17ms, application-code: 1041ms)
 GET /login?verified=true 200 in 1107ms (next.js: 103ms, proxy.ts: 24ms, application-code: 980ms)
 GET /login 200 in 1175ms (next.js: 137ms, proxy.ts: 16ms, application-code: 1022ms)
 GET /login?verified=true 200 in 1159ms (next.js: 169ms, proxy.ts: 58ms, application-code: 932ms)
 GET /login 200 in 1052ms (next.js: 48ms, proxy.ts: 27ms, application-code: 978ms)
 GET /login?verified=true 200 in 1050ms (next.js: 125ms, proxy.ts: 30ms, application-code: 895ms)
 GET /login 200 in 958ms (next.js: 41ms, proxy.ts: 66ms, application-code: 851ms)
 GET /login?verified=true 200 in 969ms (next.js: 140ms, proxy.ts: 66ms, application-code: 763ms)
 GET /login 200 in 906ms (next.js: 52ms, proxy.ts: 24ms, application-code: 830ms)
 GET /login?verified=true 200 in 895ms (next.js: 133ms, proxy.ts: 18ms, application-code: 744ms)
 GET /login 200 in 960ms (next.js: 69ms, proxy.ts: 16ms, application-code: 875ms)
 GET /login?verified=true 200 in 923ms (next.js: 142ms, proxy.ts: 15ms, application-code: 765ms)
 GET /login 200 in 871ms (next.js: 32ms, proxy.ts: 14ms, application-code: 825ms)
 GET /login?verified=true 200 in 868ms (next.js: 79ms, proxy.ts: 12ms, application-code: 777ms)
 GET /login 200 in 1006ms (next.js: 44ms, proxy.ts: 15ms, application-code: 946ms)
 GET /login?verified=true 200 in 999ms (next.js: 116ms, proxy.ts: 16ms, application-code: 866ms)
 GET /login 200 in 956ms (next.js: 50ms, proxy.ts: 21ms, application-code: 885ms)
 GET /login?verified=true 200 in 944ms (next.js: 145ms, proxy.ts: 17ms, application-code: 782ms)
 GET /login 200 in 866ms (next.js: 66ms, proxy.ts: 15ms, application-code: 785ms)
 GET /login?verified=true 200 in 861ms (next.js: 84ms, proxy.ts: 44ms, application-code: 734ms)
 GET /login 200 in 951ms (next.js: 39ms, proxy.ts: 13ms, application-code: 898ms)
 GET /login?verified=true 200 in 947ms (next.js: 175ms, proxy.ts: 14ms, application-code: 759ms)
 GET /login 200 in 887ms (next.js: 37ms, proxy.ts: 18ms, application-code: 832ms)
 GET /login?verified=true 200 in 918ms (next.js: 91ms, proxy.ts: 15ms, application-code: 812ms)
 GET /login 200 in 929ms (next.js: 41ms, proxy.ts: 15ms, application-code: 873ms)
 GET /login?verified=true 200 in 930ms (next.js: 85ms, proxy.ts: 16ms, application-code: 829ms)
 GET /login 200 in 907ms (next.js: 39ms, proxy.ts: 18ms, application-code: 850ms)
 GET /login?verified=true 200 in 993ms (next.js: 144ms, proxy.ts: 14ms, application-code: 835ms)
 GET /login 200 in 887ms (next.js: 40ms, proxy.ts: 22ms, application-code: 825ms)
 GET /login?verified=true 200 in 968ms (next.js: 128ms, proxy.ts: 15ms, application-code: 826ms)
 GET /login?verified=true 200 in 1033ms (next.js: 77ms, proxy.ts: 17ms, application-code: 938ms)
 GET /login 200 in 1055ms (next.js: 156ms, proxy.ts: 18ms, application-code: 881ms)
 GET /login?verified=true 200 in 1276ms (next.js: 29ms, proxy.ts: 20ms, application-code: 1227ms)
 GET /login 200 in 1289ms (next.js: 122ms, proxy.ts: 20ms, application-code: 1148ms)
 GET /login?verified=true 200 in 1312ms (next.js: 46ms, proxy.ts: 25ms, application-code: 1240ms)
 GET /login 200 in 1302ms (next.js: 134ms, proxy.ts: 14ms, application-code: 1153ms)
 GET /login?verified=true 200 in 1356ms (next.js: 50ms, proxy.ts: 24ms, application-code: 1283ms)
 GET /login 200 in 1348ms (next.js: 144ms, proxy.ts: 15ms, application-code: 1189ms)
 GET /login?verified=true 200 in 1398ms (next.js: 52ms, proxy.ts: 20ms, application-code: 1326ms)
 GET /login 200 in 1389ms (next.js: 330ms, proxy.ts: 18ms, application-code: 1041ms)
 GET /login?verified=true 200 in 1215ms (next.js: 53ms, proxy.ts: 26ms, application-code: 1136ms)
 GET /login 200 in 1206ms (next.js: 132ms, proxy.ts: 21ms, application-code: 1053ms)
 GET /login?verified=true 200 in 1219ms (next.js: 89ms, proxy.ts: 27ms, application-code: 1104ms)
 GET /login 200 in 1201ms (next.js: 175ms, proxy.ts: 19ms, application-code: 1008ms)
 GET /login?verified=true 200 in 1160ms (next.js: 58ms, proxy.ts: 22ms, application-code: 1080ms)
 GET /login 200 in 1150ms (next.js: 157ms, proxy.ts: 19ms, application-code: 975ms)
 GET /login?verified=true 200 in 1131ms (next.js: 45ms, proxy.ts: 18ms, application-code: 1069ms)
 GET /login 200 in 1123ms (next.js: 132ms, proxy.ts: 14ms, application-code: 977ms)
 GET /login?verified=true 200 in 1144ms (next.js: 59ms, proxy.ts: 26ms, application-code: 1059ms)
 GET /login 200 in 1129ms (next.js: 137ms, proxy.ts: 25ms, application-code: 967ms)
 GET /login?verified=true 200 in 1132ms (next.js: 38ms, proxy.ts: 19ms, application-code: 1074ms)
 GET /login 200 in 1124ms (next.js: 125ms, proxy.ts: 15ms, application-code: 985ms)
 GET /login?verified=true 200 in 1115ms (next.js: 42ms, proxy.ts: 19ms, application-code: 1055ms)
 GET /login 200 in 1111ms (next.js: 133ms, proxy.ts: 16ms, application-code: 962ms)
 GET /login?verified=true 200 in 1234ms (next.js: 71ms, proxy.ts: 17ms, application-code: 1146ms)
 GET /login 200 in 1234ms (next.js: 159ms, proxy.ts: 14ms, application-code: 1060ms)
 GET /login?verified=true 200 in 1558ms (next.js: 41ms, proxy.ts: 22ms, application-code: 1495ms)
 GET /login 200 in 1786ms (next.js: 132ms, proxy.ts: 15ms, application-code: 1640ms)
 GET /login?verified=true 200 in 1692ms (next.js: 47ms, proxy.ts: 26ms, application-code: 1619ms)
 GET /login 200 in 1822ms (next.js: 122ms, proxy.ts: 22ms, application-code: 1677ms)
 GET /login?verified=true 200 in 1668ms (next.js: 54ms, proxy.ts: 16ms, application-code: 1597ms)
 GET /login 200 in 1801ms (next.js: 142ms, proxy.ts: 18ms, application-code: 1642ms)
 GET /login?verified=true 200 in 1682ms (next.js: 657ms, proxy.ts: 20ms, application-code: 1005ms)
 GET /login 200 in 1661ms (next.js: 716ms, proxy.ts: 52ms, application-code: 894ms)
 GET /login?verified=true 200 in 979ms (next.js: 48ms, proxy.ts: 95ms, application-code: 835ms)
 GET /login 200 in 976ms (next.js: 114ms, proxy.ts: 98ms, application-code: 764ms)
 GET /login 200 in 961ms (next.js: 121ms, proxy.ts: 18ms, application-code: 823ms)
 GET /login?verified=true 200 in 966ms (next.js: 48ms, proxy.ts: 18ms, application-code: 900ms)
 GET /login?verified=true 200 in 990ms (next.js: 36ms, proxy.ts: 22ms, application-code: 931ms)
 GET /login 200 in 987ms (next.js: 96ms, proxy.ts: 22ms, application-code: 869ms)
 GET /login 200 in 1041ms (next.js: 109ms, proxy.ts: 22ms, application-code: 909ms)
 GET /login?verified=true 200 in 1046ms (next.js: 44ms, proxy.ts: 20ms, application-code: 981ms)
 GET /login?verified=true 200 in 1087ms (next.js: 49ms, proxy.ts: 25ms, application-code: 1014ms)
 GET /login 200 in 1085ms (next.js: 115ms, proxy.ts: 29ms, application-code: 942ms)
 GET /login?verified=true 200 in 1096ms (next.js: 40ms, proxy.ts: 39ms, application-code: 1017ms)
 GET /login 200 in 1093ms (next.js: 108ms, proxy.ts: 38ms, application-code: 946ms)
 GET /login?verified=true 200 in 871ms (next.js: 57ms, proxy.ts: 28ms, application-code: 787ms)
 GET /login 200 in 867ms (next.js: 130ms, proxy.ts: 28ms, application-code: 709ms)
 GET /login?verified=true 200 in 613ms (next.js: 51ms, proxy.ts: 29ms, application-code: 533ms)
 GET /login 200 in 609ms (next.js: 140ms, proxy.ts: 27ms, application-code: 441ms)
 GET /login?verified=true 200 in 609ms (next.js: 48ms, proxy.ts: 22ms, application-code: 539ms)
 GET /login 200 in 586ms (next.js: 131ms, proxy.ts: 19ms, application-code: 437ms)
 GET /login 200 in 1123ms (next.js: 33ms, proxy.ts: 27ms, application-code: 1063ms)
 GET /login?verified=true 200 in 1164ms (next.js: 170ms, proxy.ts: 28ms, application-code: 966ms)
 GET /login 200 in 1095ms (next.js: 42ms, proxy.ts: 21ms, application-code: 1032ms)
 GET /login?verified=true 200 in 1092ms (next.js: 123ms, proxy.ts: 13ms, application-code: 957ms)
 GET /login 200 in 1109ms (next.js: 86ms, proxy.ts: 22ms, application-code: 1000ms)
 GET /login?verified=true 200 in 1074ms (next.js: 138ms, proxy.ts: 24ms, application-code: 912ms)
 GET /login 200 in 1071ms (next.js: 42ms, proxy.ts: 15ms, application-code: 1014ms)
 GET /login?verified=true 200 in 1071ms (next.js: 125ms, proxy.ts: 14ms, application-code: 933ms)
 GET /login?verified=true 200 in 1057ms (next.js: 26ms, proxy.ts: 19ms, application-code: 1012ms)
 GET /login 200 in 1143ms (next.js: 153ms, proxy.ts: 28ms, application-code: 962ms)
 GET /login?verified=true 200 in 1124ms (next.js: 45ms, proxy.ts: 24ms, application-code: 1055ms)
 GET /login 200 in 1113ms (next.js: 131ms, proxy.ts: 18ms, application-code: 965ms)
 GET /login?verified=true 200 in 1133ms (next.js: 53ms, proxy.ts: 23ms, application-code: 1056ms)
 GET /login 200 in 1132ms (next.js: 146ms, proxy.ts: 21ms, application-code: 965ms)
 GET /login?verified=true 200 in 1140ms (next.js: 44ms, proxy.ts: 22ms, application-code: 1073ms)
 GET /login 200 in 1136ms (next.js: 129ms, proxy.ts: 16ms, application-code: 991ms)
 GET /login 200 in 1076ms (next.js: 76ms, proxy.ts: 22ms, application-code: 979ms)
 GET /login?verified=true 200 in 1110ms (next.js: 212ms, proxy.ts: 22ms, application-code: 877ms)
 GET /login 200 in 1040ms (next.js: 43ms, proxy.ts: 18ms, application-code: 979ms)
 GET /login?verified=true 200 in 1035ms (next.js: 143ms, proxy.ts: 15ms, application-code: 877ms)
 GET /login 200 in 1040ms (next.js: 53ms, proxy.ts: 26ms, application-code: 961ms)
 GET /login?verified=true 200 in 1029ms (next.js: 149ms, proxy.ts: 21ms, application-code: 858ms)
 GET /login 200 in 1054ms (next.js: 53ms, proxy.ts: 20ms, application-code: 982ms)
 GET /login?verified=true 200 in 1045ms (next.js: 100ms, proxy.ts: 21ms, application-code: 924ms)
 GET /login 200 in 1135ms (next.js: 45ms, proxy.ts: 15ms, application-code: 1075ms)
 GET /login?verified=true 200 in 1136ms (next.js: 141ms, proxy.ts: 16ms, application-code: 979ms)
 GET /login 200 in 1168ms (next.js: 51ms, proxy.ts: 24ms, application-code: 1093ms)
 GET /login?verified=true 200 in 1158ms (next.js: 132ms, proxy.ts: 18ms, application-code: 1009ms)
 GET /login 200 in 1179ms (next.js: 93ms, proxy.ts: 29ms, application-code: 1057ms)
 GET /login?verified=true 200 in 1163ms (next.js: 170ms, proxy.ts: 30ms, application-code: 963ms)
 GET /login 200 in 1142ms (next.js: 53ms, proxy.ts: 22ms, application-code: 1068ms)
 GET /login?verified=true 200 in 1140ms (next.js: 136ms, proxy.ts: 18ms, application-code: 986ms)
 GET /login 200 in 1140ms (next.js: 58ms, proxy.ts: 24ms, application-code: 1058ms)
 GET /login?verified=true 200 in 1126ms (next.js: 151ms, proxy.ts: 25ms, application-code: 951ms)
 GET /login 200 in 1075ms (next.js: 54ms, proxy.ts: 21ms, application-code: 1001ms)
 GET /login?verified=true 200 in 1065ms (next.js: 134ms, proxy.ts: 20ms, application-code: 911ms)
 GET /login 200 in 979ms (next.js: 58ms, proxy.ts: 26ms, application-code: 895ms)
 GET /login?verified=true 200 in 962ms (next.js: 138ms, proxy.ts: 19ms, application-code: 805ms)
 GET /login 200 in 855ms (next.js: 62ms, proxy.ts: 22ms, application-code: 771ms)
 GET /login?verified=true 200 in 842ms (next.js: 137ms, proxy.ts: 21ms, application-code: 683ms)
 GET /login 200 in 789ms (next.js: 90ms, proxy.ts: 20ms, application-code: 679ms)
 GET /login?verified=true 200 in 770ms (next.js: 151ms, proxy.ts: 17ms, application-code: 601ms)
 GET /login 200 in 793ms (next.js: 35ms, proxy.ts: 17ms, application-code: 741ms)
 GET /login?verified=true 200 in 791ms (next.js: 76ms, proxy.ts: 17ms, application-code: 697ms)
 GET /login 200 in 887ms (next.js: 33ms, proxy.ts: 18ms, application-code: 836ms)
 GET /login?verified=true 200 in 884ms (next.js: 78ms, proxy.ts: 17ms, application-code: 789ms)
 GET /login 200 in 999ms (next.js: 32ms, proxy.ts: 19ms, application-code: 948ms)
 GET /login?verified=true 200 in 997ms (next.js: 87ms, proxy.ts: 18ms, application-code: 892ms)
 GET /login 200 in 1017ms (next.js: 42ms, proxy.ts: 22ms, application-code: 953ms)
 GET /login?verified=true 200 in 1014ms (next.js: 114ms, proxy.ts: 22ms, application-code: 878ms)
 GET /login?verified=true 200 in 1013ms (next.js: 42ms, proxy.ts: 27ms, application-code: 944ms)
 GET /login 200 in 1036ms (next.js: 144ms, proxy.ts: 26ms, application-code: 865ms)
 GET /login?verified=true 200 in 1001ms (next.js: 41ms, proxy.ts: 17ms, application-code: 943ms)
 GET /login 200 in 1001ms (next.js: 144ms, proxy.ts: 15ms, application-code: 842ms)
 GET /login?verified=true 200 in 1011ms (next.js: 46ms, proxy.ts: 22ms, application-code: 944ms)
 GET /login 200 in 1008ms (next.js: 114ms, proxy.ts: 20ms, application-code: 874ms)
 GET /login?verified=true 200 in 1040ms (next.js: 36ms, proxy.ts: 16ms, application-code: 988ms)
 GET /login 200 in 1044ms (next.js: 106ms, proxy.ts: 14ms, application-code: 924ms)
 GET /login?verified=true 200 in 1153ms (next.js: 63ms, proxy.ts: 23ms, application-code: 1067ms)
 GET /login 200 in 1146ms (next.js: 122ms, proxy.ts: 24ms, application-code: 1000ms)
 GET /login 200 in 1176ms (next.js: 42ms, proxy.ts: 21ms, application-code: 1112ms)
 GET /login?verified=true 200 in 1217ms (next.js: 178ms, proxy.ts: 27ms, application-code: 1012ms)
 GET /login 200 in 1133ms (next.js: 52ms, proxy.ts: 26ms, application-code: 1056ms)
 GET /login?verified=true 200 in 1129ms (next.js: 119ms, proxy.ts: 18ms, application-code: 992ms)
 GET /login 200 in 1152ms (next.js: 56ms, proxy.ts: 25ms, application-code: 1072ms)
 GET /login?verified=true 200 in 1147ms (next.js: 175ms, proxy.ts: 18ms, application-code: 954ms)
 GET /login 200 in 1106ms (next.js: 49ms, proxy.ts: 25ms, application-code: 1031ms)
 GET /login?verified=true 200 in 1104ms (next.js: 135ms, proxy.ts: 17ms, application-code: 952ms)
 GET /login?verified=true 200 in 843ms (next.js: 32ms, proxy.ts: 19ms, application-code: 793ms)
 GET /login 200 in 876ms (next.js: 141ms, proxy.ts: 30ms, application-code: 705ms)
 GET /login?verified=true 200 in 628ms (next.js: 54ms, proxy.ts: 23ms, application-code: 551ms)
 GET /login 200 in 604ms (next.js: 123ms, proxy.ts: 23ms, application-code: 458ms)
 GET /login?verified=true 200 in 363ms (next.js: 52ms, proxy.ts: 28ms, application-code: 284ms)
 GET /login 200 in 334ms (next.js: 121ms, proxy.ts: 19ms, application-code: 194ms)
 GET /login?verified=true 200 in 1149ms (next.js: 63ms, proxy.ts: 33ms, application-code: 1053ms)
 GET /login 200 in 1127ms (next.js: 156ms, proxy.ts: 11ms, application-code: 960ms)
 GET /login?verified=true 200 in 1145ms (next.js: 61ms, proxy.ts: 32ms, application-code: 1052ms)
 GET /login 200 in 1128ms (next.js: 135ms, proxy.ts: 21ms, application-code: 972ms)
 GET /login?verified=true 200 in 1010ms (next.js: 78ms, proxy.ts: 21ms, application-code: 910ms)
 GET /login 200 in 1070ms (next.js: 129ms, proxy.ts: 20ms, application-code: 920ms)
 GET /login?verified=true 200 in 968ms (next.js: 49ms, proxy.ts: 23ms, application-code: 896ms)
 GET /login 200 in 1043ms (next.js: 132ms, proxy.ts: 15ms, application-code: 895ms)
 GET /login?verified=true 200 in 963ms (next.js: 54ms, proxy.ts: 23ms, application-code: 887ms)
 GET /login 200 in 1050ms (next.js: 137ms, proxy.ts: 19ms, application-code: 894ms)
 GET /login 200 in 1124ms (next.js: 35ms, proxy.ts: 26ms, application-code: 1063ms)
 GET /login?verified=true 200 in 1172ms (next.js: 163ms, proxy.ts: 28ms, application-code: 980ms)
 GET /login 200 in 907ms (next.js: 51ms, proxy.ts: 15ms, application-code: 841ms)
 GET /login?verified=true 200 in 893ms (next.js: 126ms, proxy.ts: 17ms, application-code: 750ms)
 GET /login 200 in 675ms (next.js: 57ms, proxy.ts: 26ms, application-code: 593ms)
 GET /login?verified=true 200 in 649ms (next.js: 139ms, proxy.ts: 20ms, application-code: 491ms)
 GET /login 200 in 404ms (next.js: 87ms, proxy.ts: 26ms, application-code: 291ms)
 GET /login?verified=true 200 in 390ms (next.js: 176ms, proxy.ts: 16ms, application-code: 198ms)
 GET /login?verified=true 200 in 1055ms (next.js: 59ms, proxy.ts: 26ms, application-code: 969ms)
 GET /login 200 in 1090ms (next.js: 152ms, proxy.ts: 31ms, application-code: 906ms)
 GET /login?verified=true 200 in 1109ms (next.js: 49ms, proxy.ts: 26ms, application-code: 1034ms)
 GET /login 200 in 1107ms (next.js: 125ms, proxy.ts: 26ms, application-code: 957ms)
 GET /login 200 in 1107ms (next.js: 128ms, proxy.ts: 30ms, application-code: 949ms)
 GET /login?verified=true 200 in 1114ms (next.js: 47ms, proxy.ts: 31ms, application-code: 1036ms)
 GET /login?verified=true 200 in 1091ms (next.js: 40ms, proxy.ts: 29ms, application-code: 1022ms)
 GET /login 200 in 1093ms (next.js: 139ms, proxy.ts: 27ms, application-code: 926ms)
 GET /login?verified=true 200 in 999ms (next.js: 59ms, proxy.ts: 23ms, application-code: 917ms)
 GET /login 200 in 986ms (next.js: 161ms, proxy.ts: 24ms, application-code: 801ms)
 GET /login?verified=true 200 in 867ms (next.js: 81ms, proxy.ts: 15ms, application-code: 771ms)
 GET /login 200 in 863ms (next.js: 139ms, proxy.ts: 19ms, application-code: 706ms)
 GET /login?verified=true 200 in 642ms (next.js: 35ms, proxy.ts: 18ms, application-code: 589ms)
 GET /login 200 in 625ms (next.js: 136ms, proxy.ts: 15ms, application-code: 474ms)
 GET /login?verified=true 200 in 397ms (next.js: 35ms, proxy.ts: 13ms, application-code: 349ms)
 GET /login 200 in 386ms (next.js: 79ms, proxy.ts: 14ms, application-code: 293ms)
 GET /login?verified=true 200 in 240ms (next.js: 40ms, proxy.ts: 20ms, application-code: 180ms)
 GET /login 200 in 220ms (next.js: 93ms, proxy.ts: 15ms, application-code: 112ms)
 GET /login?verified=true 200 in 1047ms (next.js: 59ms, proxy.ts: 15ms, application-code: 972ms)
 GET /login 200 in 1044ms (next.js: 155ms, proxy.ts: 14ms, application-code: 875ms)
 GET /login?verified=true 200 in 1093ms (next.js: 36ms, proxy.ts: 16ms, application-code: 1041ms)
 GET /login 200 in 1089ms (next.js: 104ms, proxy.ts: 12ms, application-code: 973ms)
 GET /login?verified=true 200 in 1145ms (next.js: 65ms, proxy.ts: 16ms, application-code: 1063ms)
 GET /login 200 in 1144ms (next.js: 157ms, proxy.ts: 12ms, application-code: 975ms)
 GET /login?verified=true 200 in 1153ms (next.js: 59ms, proxy.ts: 22ms, application-code: 1073ms)
 GET /login 200 in 1145ms (next.js: 149ms, proxy.ts: 19ms, application-code: 977ms)
 GET /login?verified=true 200 in 1154ms (next.js: 49ms, proxy.ts: 17ms, application-code: 1089ms)
 GET /login 200 in 1150ms (next.js: 172ms, proxy.ts: 16ms, application-code: 961ms)
 GET /login?verified=true 200 in 1200ms (next.js: 45ms, proxy.ts: 22ms, application-code: 1133ms)
 GET /login 200 in 1190ms (next.js: 126ms, proxy.ts: 16ms, application-code: 1049ms)
 GET /login?verified=true 200 in 1226ms (next.js: 51ms, proxy.ts: 21ms, application-code: 1154ms)
 GET /login 200 in 1220ms (next.js: 132ms, proxy.ts: 19ms, application-code: 1069ms)
 GET /login?verified=true 200 in 1225ms (next.js: 55ms, proxy.ts: 27ms, application-code: 1143ms)
 GET /login 200 in 1214ms (next.js: 153ms, proxy.ts: 21ms, application-code: 1041ms)
 GET /login?verified=true 200 in 1209ms (next.js: 47ms, proxy.ts: 22ms, application-code: 1140ms)
 GET /login 200 in 1212ms (next.js: 148ms, proxy.ts: 17ms, application-code: 1047ms)
 GET /login?verified=true 200 in 1109ms (next.js: 50ms, proxy.ts: 27ms, application-code: 1033ms)
 GET /login 200 in 1099ms (next.js: 141ms, proxy.ts: 18ms, application-code: 940ms)
 GET /login?verified=true 200 in 1067ms (next.js: 60ms, proxy.ts: 27ms, application-code: 980ms)
 GET /login 200 in 1189ms (next.js: 134ms, proxy.ts: 23ms, application-code: 1032ms)
 GET /login?verified=true 200 in 1035ms (next.js: 58ms, proxy.ts: 28ms, application-code: 950ms)
 GET /login 200 in 1049ms (next.js: 135ms, proxy.ts: 19ms, application-code: 895ms)
 GET /login 200 in 2.8s (next.js: 33ms, proxy.ts: 34ms, application-code: 2.7s)
 GET /login?verified=true 200 in 2.8s (next.js: 176ms, proxy.ts: 24ms, application-code: 2.6s)
 GET /login 200 in 2.9s (next.js: 66ms, proxy.ts: 100ms, application-code: 2.7s)
 GET /login?verified=true 200 in 2.8s (next.js: 187ms, proxy.ts: 24ms, application-code: 2.6s)
 GET /login 200 in 3.0s (next.js: 1807ms, proxy.ts: 120ms, application-code: 1115ms)
 GET /login?verified=true 200 in 2.9s (next.js: 1811ms, proxy.ts: 129ms, application-code: 942ms)
 GET /login 200 in 1105ms (next.js: 54ms, proxy.ts: 73ms, application-code: 978ms)
 GET /login?verified=true 200 in 1046ms (next.js: 129ms, proxy.ts: 22ms, application-code: 895ms)
 GET /login 200 in 1086ms (next.js: 49ms, proxy.ts: 24ms, application-code: 1013ms)
 GET /login?verified=true 200 in 1074ms (next.js: 132ms, proxy.ts: 16ms, application-code: 927ms)
 GET /login 200 in 1085ms (next.js: 55ms, proxy.ts: 25ms, application-code: 1005ms)
 GET /login?verified=true 200 in 1073ms (next.js: 160ms, proxy.ts: 17ms, application-code: 895ms)
 GET /login 200 in 1089ms (next.js: 34ms, proxy.ts: 19ms, application-code: 1036ms)
 GET /login?verified=true 200 in 1083ms (next.js: 126ms, proxy.ts: 14ms, application-code: 943ms)
 GET /login 200 in 1087ms (next.js: 48ms, proxy.ts: 23ms, application-code: 1016ms)
 GET /login?verified=true 200 in 1076ms (next.js: 126ms, proxy.ts: 18ms, application-code: 932ms)
 GET /login 200 in 1041ms (next.js: 42ms, proxy.ts: 22ms, application-code: 977ms)
 GET /login?verified=true 200 in 1033ms (next.js: 125ms, proxy.ts: 20ms, application-code: 889ms)
 GET /login 200 in 1050ms (next.js: 51ms, proxy.ts: 25ms, application-code: 974ms)
 GET /login?verified=true 200 in 1034ms (next.js: 135ms, proxy.ts: 19ms, application-code: 879ms)
 GET /login 200 in 955ms (next.js: 46ms, proxy.ts: 22ms, application-code: 888ms)
 GET /login?verified=true 200 in 943ms (next.js: 122ms, proxy.ts: 16ms, application-code: 805ms)
 GET /login 200 in 942ms (next.js: 51ms, proxy.ts: 19ms, application-code: 873ms)
 GET /login?verified=true 200 in 932ms (next.js: 120ms, proxy.ts: 21ms, application-code: 791ms)
 GET /login 200 in 899ms (next.js: 51ms, proxy.ts: 17ms, application-code: 831ms)
 GET /login?verified=true 200 in 890ms (next.js: 119ms, proxy.ts: 18ms, application-code: 753ms)
 GET /login 200 in 894ms (next.js: 82ms, proxy.ts: 14ms, application-code: 798ms)
 GET /login?verified=true 200 in 850ms (next.js: 93ms, proxy.ts: 19ms, application-code: 739ms)
 GET /login 200 in 930ms (next.js: 37ms, proxy.ts: 16ms, application-code: 877ms)
 GET /login?verified=true 200 in 928ms (next.js: 133ms, proxy.ts: 13ms, application-code: 783ms)
 GET /login 200 in 936ms (next.js: 38ms, proxy.ts: 17ms, application-code: 881ms)
 GET /login?verified=true 200 in 936ms (next.js: 105ms, proxy.ts: 13ms, application-code: 819ms)
 GET /login 200 in 979ms (next.js: 35ms, proxy.ts: 14ms, application-code: 930ms)
 GET /login?verified=true 200 in 985ms (next.js: 106ms, proxy.ts: 13ms, application-code: 866ms)
 GET /login 200 in 933ms (next.js: 44ms, proxy.ts: 23ms, application-code: 866ms)
 GET /login?verified=true 200 in 996ms (next.js: 136ms, proxy.ts: 15ms, application-code: 844ms)
 GET /login 200 in 862ms (next.js: 50ms, proxy.ts: 17ms, application-code: 795ms)
 GET /login?verified=true 200 in 917ms (next.js: 119ms, proxy.ts: 20ms, application-code: 779ms)
 GET /login?verified=true 200 in 909ms (next.js: 84ms, proxy.ts: 25ms, application-code: 800ms)
 GET /login 200 in 935ms (next.js: 187ms, proxy.ts: 22ms, application-code: 726ms)
 GET /login?verified=true 200 in 943ms (next.js: 27ms, proxy.ts: 24ms, application-code: 891ms)
 GET /login 200 in 950ms (next.js: 130ms, proxy.ts: 24ms, application-code: 796ms)
 GET /login?verified=true 200 in 937ms (next.js: 34ms, proxy.ts: 17ms, application-code: 886ms)
 GET /login 200 in 932ms (next.js: 94ms, proxy.ts: 12ms, application-code: 826ms)
 GET /login?verified=true 200 in 1107ms (next.js: 45ms, proxy.ts: 17ms, application-code: 1045ms)
 GET /login 200 in 1113ms (next.js: 100ms, proxy.ts: 18ms, application-code: 995ms)
 GET /login?verified=true 200 in 1055ms (next.js: 53ms, proxy.ts: 19ms, application-code: 983ms)
 GET /login 200 in 1051ms (next.js: 134ms, proxy.ts: 19ms, application-code: 898ms)
 GET /login?verified=true 200 in 1032ms (next.js: 38ms, proxy.ts: 22ms, application-code: 971ms)
 GET /login 200 in 1028ms (next.js: 103ms, proxy.ts: 14ms, application-code: 911ms)
 GET /login?verified=true 200 in 1072ms (next.js: 46ms, proxy.ts: 21ms, application-code: 1004ms)
 GET /login 200 in 1069ms (next.js: 224ms, proxy.ts: 19ms, application-code: 826ms)
 GET /login?verified=true 200 in 1018ms (next.js: 75ms, proxy.ts: 14ms, application-code: 930ms)
 GET /login 200 in 1076ms (next.js: 130ms, proxy.ts: 10ms, application-code: 936ms)
 GET /login?verified=true 200 in 1097ms (next.js: 148ms, proxy.ts: 13ms, application-code: 936ms)
 GET /login 200 in 1089ms (next.js: 156ms, proxy.ts: 15ms, application-code: 918ms)
 GET /login?verified=true 200 in 1115ms (next.js: 136ms, proxy.ts: 18ms, application-code: 960ms)
 GET /login 200 in 1121ms (next.js: 152ms, proxy.ts: 13ms, application-code: 956ms)
 GET /login?verified=true 200 in 1114ms (next.js: 166ms, proxy.ts: 19ms, application-code: 928ms)
 GET /login 200 in 1087ms (next.js: 142ms, proxy.ts: 16ms, application-code: 928ms)
 GET /login?verified=true 200 in 1083ms (next.js: 136ms, proxy.ts: 15ms, application-code: 931ms)
 GET /login 200 in 1083ms (next.js: 150ms, proxy.ts: 15ms, application-code: 918ms)
 GET /login?verified=true 200 in 1063ms (next.js: 135ms, proxy.ts: 14ms, application-code: 914ms)
 GET /login 200 in 1049ms (next.js: 180ms, proxy.ts: 14ms, application-code: 855ms)
 GET /login?verified=true 200 in 1017ms (next.js: 155ms, proxy.ts: 13ms, application-code: 849ms)
 GET /login 200 in 1015ms (next.js: 135ms, proxy.ts: 12ms, application-code: 869ms)
 GET /login?verified=true 200 in 1020ms (next.js: 144ms, proxy.ts: 13ms, application-code: 863ms)
 GET /login 200 in 1008ms (next.js: 142ms, proxy.ts: 16ms, application-code: 851ms)
 GET /login?verified=true 200 in 1036ms (next.js: 138ms, proxy.ts: 14ms, application-code: 884ms)
 GET /login 200 in 1051ms (next.js: 130ms, proxy.ts: 16ms, application-code: 904ms)
 GET /login?verified=true 200 in 1057ms (next.js: 119ms, proxy.ts: 15ms, application-code: 923ms)
 GET /login 200 in 1085ms (next.js: 145ms, proxy.ts: 16ms, application-code: 924ms)
 GET /login?verified=true 200 in 1091ms (next.js: 159ms, proxy.ts: 17ms, application-code: 915ms)
 GET /login 200 in 1090ms (next.js: 174ms, proxy.ts: 13ms, application-code: 903ms)
 GET /login?verified=true 200 in 1060ms (next.js: 127ms, proxy.ts: 14ms, application-code: 918ms)
 GET /login 200 in 1077ms (next.js: 173ms, proxy.ts: 14ms, application-code: 890ms)
 GET /login?verified=true 200 in 1115ms (next.js: 183ms, proxy.ts: 10ms, application-code: 922ms)
 GET /login 200 in 972ms (next.js: 141ms, proxy.ts: 17ms, application-code: 813ms)
 GET /login?verified=true 200 in 865ms (next.js: 147ms, proxy.ts: 16ms, application-code: 702ms)
 GET /login 200 in 737ms (next.js: 150ms, proxy.ts: 15ms, application-code: 572ms)
 GET /login?verified=true 200 in 611ms (next.js: 131ms, proxy.ts: 19ms, application-code: 462ms)
 GET /login 200 in 485ms (next.js: 139ms, proxy.ts: 11ms, application-code: 335ms)
 GET /login?verified=true 200 in 360ms (next.js: 142ms, proxy.ts: 11ms, application-code: 208ms)
 GET /login?verified=true 200 in 1767ms (next.js: 918ms, proxy.ts: 16ms, application-code: 832ms)
 GET /login 200 in 1923ms (next.js: 944ms, proxy.ts: 16ms, application-code: 963ms)
 GET /login?verified=true 200 in 990ms (next.js: 39ms, proxy.ts: 65ms, application-code: 886ms)
 GET /login 200 in 988ms (next.js: 111ms, proxy.ts: 66ms, application-code: 810ms)
 GET /login?verified=true 200 in 989ms (next.js: 39ms, proxy.ts: 19ms, application-code: 930ms)
 GET /login 200 in 987ms (next.js: 108ms, proxy.ts: 20ms, application-code: 859ms)
 GET /login 200 in 996ms (next.js: 119ms, proxy.ts: 23ms, application-code: 854ms)
 GET /login?verified=true 200 in 1002ms (next.js: 42ms, proxy.ts: 23ms, application-code: 938ms)
 GET /login?verified=true 200 in 1040ms (next.js: 33ms, proxy.ts: 22ms, application-code: 985ms)
 GET /login 200 in 1051ms (next.js: 149ms, proxy.ts: 23ms, application-code: 880ms)
 GET /login?verified=true 200 in 1074ms (next.js: 79ms, proxy.ts: 18ms, application-code: 977ms)
 GET /login 200 in 1065ms (next.js: 152ms, proxy.ts: 17ms, application-code: 896ms)
 GET /login?verified=true 200 in 1063ms (next.js: 39ms, proxy.ts: 19ms, application-code: 1005ms)
 GET /login 200 in 1058ms (next.js: 117ms, proxy.ts: 15ms, application-code: 927ms)
 GET /login?verified=true 200 in 1094ms (next.js: 50ms, proxy.ts: 19ms, application-code: 1025ms)
 GET /login 200 in 1089ms (next.js: 149ms, proxy.ts: 20ms, application-code: 920ms)
 GET /login?verified=true 200 in 1115ms (next.js: 54ms, proxy.ts: 22ms, application-code: 1038ms)
 GET /login 200 in 1107ms (next.js: 134ms, proxy.ts: 21ms, application-code: 951ms)
 GET /login?verified=true 200 in 1131ms (next.js: 46ms, proxy.ts: 15ms, application-code: 1070ms)
 GET /login 200 in 1124ms (next.js: 119ms, proxy.ts: 17ms, application-code: 988ms)
 GET /login?verified=true 200 in 1158ms (next.js: 52ms, proxy.ts: 24ms, application-code: 1082ms)
 GET /login 200 in 1147ms (next.js: 128ms, proxy.ts: 19ms, application-code: 1000ms)
 GET /login?verified=true 200 in 1141ms (next.js: 90ms, proxy.ts: 24ms, application-code: 1028ms)
 GET /login 200 in 1129ms (next.js: 168ms, proxy.ts: 21ms, application-code: 940ms)
 GET /login?verified=true 200 in 1096ms (next.js: 52ms, proxy.ts: 23ms, application-code: 1021ms)
 GET /login 200 in 1086ms (next.js: 133ms, proxy.ts: 18ms, application-code: 935ms)
 GET /login?verified=true 200 in 1055ms (next.js: 44ms, proxy.ts: 22ms, application-code: 989ms)
 GET /login 200 in 1049ms (next.js: 137ms, proxy.ts: 15ms, application-code: 897ms)
 GET /login?verified=true 200 in 1044ms (next.js: 50ms, proxy.ts: 22ms, application-code: 973ms)
 GET /login 200 in 1043ms (next.js: 127ms, proxy.ts: 20ms, application-code: 896ms)
 GET /login?verified=true 200 in 1055ms (next.js: 45ms, proxy.ts: 16ms, application-code: 993ms)
 GET /login 200 in 1056ms (next.js: 120ms, proxy.ts: 18ms, application-code: 918ms)
 GET /login?verified=true 200 in 1052ms (next.js: 50ms, proxy.ts: 21ms, application-code: 982ms)
 GET /login 200 in 1044ms (next.js: 132ms, proxy.ts: 19ms, application-code: 893ms)
 GET /login 200 in 1002ms (next.js: 33ms, proxy.ts: 24ms, application-code: 946ms)
 GET /login?verified=true 200 in 1054ms (next.js: 170ms, proxy.ts: 31ms, application-code: 853ms)
 GET /login 200 in 1020ms (next.js: 49ms, proxy.ts: 26ms, application-code: 945ms)
 GET /login?verified=true 200 in 1003ms (next.js: 127ms, proxy.ts: 19ms, application-code: 857ms)
 GET /login 200 in 989ms (next.js: 49ms, proxy.ts: 25ms, application-code: 916ms)
 GET /login?verified=true 200 in 978ms (next.js: 136ms, proxy.ts: 18ms, application-code: 825ms)
 GET /login 200 in 1035ms (next.js: 32ms, proxy.ts: 17ms, application-code: 986ms)
 GET /login?verified=true 200 in 1031ms (next.js: 96ms, proxy.ts: 12ms, application-code: 923ms)
 GET /login 200 in 1096ms (next.js: 59ms, proxy.ts: 27ms, application-code: 1010ms)
 GET /login?verified=true 200 in 1077ms (next.js: 169ms, proxy.ts: 23ms, application-code: 886ms)
 GET /login 200 in 1071ms (next.js: 33ms, proxy.ts: 16ms, application-code: 1022ms)
 GET /login?verified=true 200 in 1066ms (next.js: 102ms, proxy.ts: 13ms, application-code: 952ms)
 GET /login 200 in 1114ms (next.js: 52ms, proxy.ts: 23ms, application-code: 1039ms)
 GET /login?verified=true 200 in 1104ms (next.js: 129ms, proxy.ts: 19ms, application-code: 956ms)
 GET /login 200 in 1173ms (next.js: 52ms, proxy.ts: 60ms, application-code: 1061ms)
 GET /login?verified=true 200 in 1126ms (next.js: 129ms, proxy.ts: 19ms, application-code: 978ms)
 GET /login 200 in 1124ms (next.js: 37ms, proxy.ts: 22ms, application-code: 1065ms)
 GET /login?verified=true 200 in 1116ms (next.js: 110ms, proxy.ts: 14ms, application-code: 992ms)
 GET /login 200 in 1172ms (next.js: 49ms, proxy.ts: 16ms, application-code: 1107ms)
 GET /login?verified=true 200 in 1167ms (next.js: 128ms, proxy.ts: 16ms, application-code: 1023ms)
 GET /login 200 in 1191ms (next.js: 50ms, proxy.ts: 25ms, application-code: 1116ms)
 GET /login?verified=true 200 in 1177ms (next.js: 160ms, proxy.ts: 18ms, application-code: 999ms)
 GET /login 200 in 1149ms (next.js: 48ms, proxy.ts: 38ms, application-code: 1062ms)
 GET /login?verified=true 200 in 1126ms (next.js: 139ms, proxy.ts: 16ms, application-code: 970ms)
 GET /login 200 in 1130ms (next.js: 45ms, proxy.ts: 16ms, application-code: 1069ms)
 GET /login?verified=true 200 in 1127ms (next.js: 127ms, proxy.ts: 18ms, application-code: 982ms)
 GET /login 200 in 1128ms (next.js: 84ms, proxy.ts: 17ms, application-code: 1027ms)
 GET /login?verified=true 200 in 1090ms (next.js: 133ms, proxy.ts: 20ms, application-code: 937ms)
 GET /login 200 in 1093ms (next.js: 49ms, proxy.ts: 25ms, application-code: 1019ms)
 GET /login?verified=true 200 in 1081ms (next.js: 132ms, proxy.ts: 18ms, application-code: 932ms)
 GET /login 200 in 1097ms (next.js: 60ms, proxy.ts: 24ms, application-code: 1014ms)
 GET /login?verified=true 200 in 1123ms (next.js: 141ms, proxy.ts: 24ms, application-code: 958ms)
 GET /login 200 in 1120ms (next.js: 49ms, proxy.ts: 18ms, application-code: 1053ms)
 GET /login?verified=true 200 in 1115ms (next.js: 125ms, proxy.ts: 18ms, application-code: 972ms)
 GET /login 200 in 1131ms (next.js: 35ms, proxy.ts: 17ms, application-code: 1079ms)
 GET /login?verified=true 200 in 1125ms (next.js: 111ms, proxy.ts: 13ms, application-code: 1001ms)
 GET /login 200 in 1153ms (next.js: 52ms, proxy.ts: 26ms, application-code: 1075ms)
 GET /login?verified=true 200 in 1141ms (next.js: 136ms, proxy.ts: 18ms, application-code: 987ms)
 GET /login 200 in 1156ms (next.js: 82ms, proxy.ts: 24ms, application-code: 1050ms)
 GET /login?verified=true 200 in 1147ms (next.js: 159ms, proxy.ts: 20ms, application-code: 968ms)
 GET /login 200 in 1105ms (next.js: 49ms, proxy.ts: 25ms, application-code: 1031ms)
 GET /login?verified=true 200 in 1093ms (next.js: 134ms, proxy.ts: 18ms, application-code: 941ms)
 GET /login 200 in 1079ms (next.js: 46ms, proxy.ts: 18ms, application-code: 1015ms)
 GET /login?verified=true 200 in 1080ms (next.js: 128ms, proxy.ts: 13ms, application-code: 939ms)
 GET /login 200 in 1271ms (next.js: 54ms, proxy.ts: 24ms, application-code: 1193ms)
 GET /login?verified=true 200 in 1257ms (next.js: 132ms, proxy.ts: 20ms, application-code: 1105ms)
 GET /login 200 in 1243ms (next.js: 48ms, proxy.ts: 23ms, application-code: 1172ms)
 GET /login?verified=true 200 in 1233ms (next.js: 121ms, proxy.ts: 20ms, application-code: 1093ms)
 GET /login 200 in 1261ms (next.js: 50ms, proxy.ts: 24ms, application-code: 1187ms)
 GET /login?verified=true 200 in 1252ms (next.js: 134ms, proxy.ts: 17ms, application-code: 1101ms)
 GET /login 200 in 1292ms (next.js: 93ms, proxy.ts: 31ms, application-code: 1168ms)
 GET /login?verified=true 200 in 1275ms (next.js: 315ms, proxy.ts: 21ms, application-code: 940ms)
 GET /login 200 in 1083ms (next.js: 37ms, proxy.ts: 19ms, application-code: 1028ms)
 GET /login?verified=true 200 in 1080ms (next.js: 108ms, proxy.ts: 13ms, application-code: 959ms)
 GET /login 200 in 1094ms (next.js: 54ms, proxy.ts: 23ms, application-code: 1017ms)
 GET /login?verified=true 200 in 1095ms (next.js: 133ms, proxy.ts: 20ms, application-code: 941ms)
 GET /login 200 in 1134ms (next.js: 57ms, proxy.ts: 27ms, application-code: 1050ms)
 GET /login?verified=true 200 in 1117ms (next.js: 171ms, proxy.ts: 22ms, application-code: 924ms)
 GET /login 200 in 1115ms (next.js: 56ms, proxy.ts: 18ms, application-code: 1041ms)
 GET /login?verified=true 200 in 1097ms (next.js: 111ms, proxy.ts: 21ms, application-code: 965ms)
 GET /login 200 in 1039ms (next.js: 40ms, proxy.ts: 29ms, application-code: 970ms)
 GET /login?verified=true 200 in 1045ms (next.js: 131ms, proxy.ts: 29ms, application-code: 885ms)
 GET /login 200 in 973ms (next.js: 55ms, proxy.ts: 25ms, application-code: 893ms)
 GET /login?verified=true 200 in 955ms (next.js: 189ms, proxy.ts: 21ms, application-code: 744ms)
 GET /login 200 in 841ms (next.js: 38ms, proxy.ts: 17ms, application-code: 787ms)
 GET /login?verified=true 200 in 832ms (next.js: 144ms, proxy.ts: 12ms, application-code: 676ms)
 GET /login 200 in 765ms (next.js: 48ms, proxy.ts: 28ms, application-code: 689ms)
 GET /login?verified=true 200 in 745ms (next.js: 90ms, proxy.ts: 20ms, application-code: 635ms)
 GET /login 200 in 874ms (next.js: 39ms, proxy.ts: 16ms, application-code: 819ms)
 GET /login?verified=true 200 in 869ms (next.js: 105ms, proxy.ts: 14ms, application-code: 749ms)
 GET /login 200 in 937ms (next.js: 33ms, proxy.ts: 14ms, application-code: 890ms)
 GET /login?verified=true 200 in 939ms (next.js: 94ms, proxy.ts: 12ms, application-code: 832ms)
 GET /login 200 in 1023ms (next.js: 34ms, proxy.ts: 14ms, application-code: 975ms)
 GET /login?verified=true 200 in 1025ms (next.js: 88ms, proxy.ts: 11ms, application-code: 927ms)
 GET /login 200 in 1104ms (next.js: 39ms, proxy.ts: 16ms, application-code: 1050ms)
 GET /login?verified=true 200 in 1103ms (next.js: 110ms, proxy.ts: 13ms, application-code: 980ms)
 GET /login 200 in 1101ms (next.js: 41ms, proxy.ts: 27ms, application-code: 1034ms)
 GET /login?verified=true 200 in 1086ms (next.js: 119ms, proxy.ts: 16ms, application-code: 951ms)
 GET /login 200 in 876ms (next.js: 51ms, proxy.ts: 25ms, application-code: 800ms)
 GET /login?verified=true 200 in 852ms (next.js: 128ms, proxy.ts: 18ms, application-code: 705ms)
 GET /login 200 in 633ms (next.js: 52ms, proxy.ts: 25ms, application-code: 557ms)
 GET /login?verified=true 200 in 852ms (next.js: 130ms, proxy.ts: 20ms, application-code: 703ms)
 GET /login 200 in 757ms (next.js: 57ms, proxy.ts: 24ms, application-code: 676ms)
 GET /login?verified=true 200 in 741ms (next.js: 137ms, proxy.ts: 19ms, application-code: 585ms)
 GET /login 200 in 1741ms (next.js: 57ms, proxy.ts: 38ms, application-code: 1646ms)
 GET /login?verified=true 200 in 1712ms (next.js: 157ms, proxy.ts: 21ms, application-code: 1534ms)
 GET /login 200 in 1997ms (next.js: 798ms, proxy.ts: 26ms, application-code: 1172ms)
 GET /login?verified=true 200 in 1964ms (next.js: 913ms, proxy.ts: 16ms, application-code: 1035ms)
 GET /login?verified=true 200 in 1184ms (next.js: 127ms, proxy.ts: 79ms, application-code: 977ms)
 GET /login 200 in 1189ms (next.js: 50ms, proxy.ts: 75ms, application-code: 1064ms)
 GET /login 200 in 1146ms (next.js: 40ms, proxy.ts: 26ms, application-code: 1080ms)
 GET /login?verified=true 200 in 1155ms (next.js: 150ms, proxy.ts: 29ms, application-code: 977ms)
 GET /login 200 in 1161ms (next.js: 44ms, proxy.ts: 16ms, application-code: 1101ms)
 GET /login?verified=true 200 in 1155ms (next.js: 126ms, proxy.ts: 15ms, application-code: 1015ms)
 GET /login 200 in 1175ms (next.js: 88ms, proxy.ts: 24ms, application-code: 1064ms)
 GET /login?verified=true 200 in 1132ms (next.js: 139ms, proxy.ts: 30ms, application-code: 964ms)
 GET /login 200 in 1133ms (next.js: 44ms, proxy.ts: 20ms, application-code: 1070ms)
 GET /login?verified=true 200 in 1160ms (next.js: 131ms, proxy.ts: 18ms, application-code: 1011ms)
 GET /login 200 in 1177ms (next.js: 53ms, proxy.ts: 27ms, application-code: 1097ms)
 GET /login?verified=true 200 in 1162ms (next.js: 137ms, proxy.ts: 19ms, application-code: 1006ms)
 GET /login 200 in 1165ms (next.js: 44ms, proxy.ts: 29ms, application-code: 1092ms)
 GET /login?verified=true 200 in 1146ms (next.js: 137ms, proxy.ts: 20ms, application-code: 990ms)
 GET /login 200 in 1168ms (next.js: 48ms, proxy.ts: 21ms, application-code: 1099ms)
 GET /login?verified=true 200 in 1159ms (next.js: 136ms, proxy.ts: 17ms, application-code: 1006ms)
 GET /login 200 in 1154ms (next.js: 90ms, proxy.ts: 28ms, application-code: 1035ms)
 GET /login?verified=true 200 in 1138ms (next.js: 165ms, proxy.ts: 20ms, application-code: 953ms)
 GET /login 200 in 1129ms (next.js: 56ms, proxy.ts: 23ms, application-code: 1050ms)
 GET /login?verified=true 200 in 1119ms (next.js: 137ms, proxy.ts: 20ms, application-code: 962ms)
 GET /login 200 in 1121ms (next.js: 52ms, proxy.ts: 24ms, application-code: 1046ms)
 GET /login?verified=true 200 in 1110ms (next.js: 142ms, proxy.ts: 18ms, application-code: 951ms)
 GET /login 200 in 1140ms (next.js: 40ms, proxy.ts: 18ms, application-code: 1082ms)
 GET /login?verified=true 200 in 1132ms (next.js: 111ms, proxy.ts: 17ms, application-code: 1003ms)
 GET /login 200 in 1163ms (next.js: 55ms, proxy.ts: 25ms, application-code: 1083ms)
 GET /login?verified=true 200 in 1156ms (next.js: 137ms, proxy.ts: 22ms, application-code: 996ms)
 GET /login 200 in 1143ms (next.js: 51ms, proxy.ts: 21ms, application-code: 1071ms)
 GET /login?verified=true 200 in 1133ms (next.js: 130ms, proxy.ts: 18ms, application-code: 984ms)
 GET /login 200 in 1141ms (next.js: 52ms, proxy.ts: 24ms, application-code: 1064ms)
 GET /login?verified=true 200 in 1132ms (next.js: 136ms, proxy.ts: 18ms, application-code: 979ms)
 GET /login 200 in 1105ms (next.js: 44ms, proxy.ts: 22ms, application-code: 1039ms)
 GET /login?verified=true 200 in 1093ms (next.js: 131ms, proxy.ts: 16ms, application-code: 947ms)
 GET /login 200 in 1109ms (next.js: 56ms, proxy.ts: 25ms, application-code: 1029ms)
 GET /login?verified=true 200 in 1099ms (next.js: 137ms, proxy.ts: 21ms, application-code: 941ms)
 GET /login 200 in 1139ms (next.js: 49ms, proxy.ts: 24ms, application-code: 1065ms)
 GET /login?verified=true 200 in 1129ms (next.js: 126ms, proxy.ts: 17ms, application-code: 986ms)
 GET /login 200 in 1153ms (next.js: 57ms, proxy.ts: 23ms, application-code: 1073ms)
 GET /login?verified=true 200 in 1144ms (next.js: 138ms, proxy.ts: 19ms, application-code: 986ms)
 GET /login 200 in 1141ms (next.js: 44ms, proxy.ts: 15ms, application-code: 1082ms)
 GET /login?verified=true 200 in 1137ms (next.js: 126ms, proxy.ts: 16ms, application-code: 995ms)
 GET /login 200 in 1166ms (next.js: 55ms, proxy.ts: 23ms, application-code: 1087ms)
 GET /login?verified=true 200 in 1151ms (next.js: 138ms, proxy.ts: 18ms, application-code: 996ms)
 GET /login 200 in 1179ms (next.js: 88ms, proxy.ts: 23ms, application-code: 1068ms)
 GET /login?verified=true 200 in 1138ms (next.js: 134ms, proxy.ts: 21ms, application-code: 984ms)
 GET /login 200 in 1162ms (next.js: 53ms, proxy.ts: 26ms, application-code: 1083ms)
 GET /login?verified=true 200 in 1152ms (next.js: 136ms, proxy.ts: 20ms, application-code: 995ms)
 GET /login 200 in 1143ms (next.js: 46ms, proxy.ts: 16ms, application-code: 1081ms)
 GET /login?verified=true 200 in 1178ms (next.js: 139ms, proxy.ts: 17ms, application-code: 1021ms)
 GET /login 200 in 1192ms (next.js: 37ms, proxy.ts: 20ms, application-code: 1134ms)
 GET /login?verified=true 200 in 1187ms (next.js: 127ms, proxy.ts: 16ms, application-code: 1044ms)
 GET /login 200 in 1197ms (next.js: 55ms, proxy.ts: 26ms, application-code: 1116ms)
 GET /login?verified=true 200 in 1185ms (next.js: 149ms, proxy.ts: 18ms, application-code: 1018ms)
 GET /login 200 in 1208ms (next.js: 48ms, proxy.ts: 23ms, application-code: 1137ms)
 GET /login?verified=true 200 in 1198ms (next.js: 142ms, proxy.ts: 18ms, application-code: 1038ms)
 GET /login 200 in 1231ms (next.js: 84ms, proxy.ts: 18ms, application-code: 1129ms)
 GET /login?verified=true 200 in 1225ms (next.js: 184ms, proxy.ts: 16ms, application-code: 1025ms)
 GET /login 200 in 1095ms (next.js: 53ms, proxy.ts: 18ms, application-code: 1025ms)
 GET /login?verified=true 200 in 1084ms (next.js: 124ms, proxy.ts: 19ms, application-code: 941ms)
 GET /login 200 in 994ms (next.js: 56ms, proxy.ts: 25ms, application-code: 914ms)
 GET /login?verified=true 200 in 977ms (next.js: 149ms, proxy.ts: 20ms, application-code: 809ms)
 GET /login 200 in 883ms (next.js: 56ms, proxy.ts: 24ms, application-code: 803ms)
 GET /login?verified=true 200 in 867ms (next.js: 184ms, proxy.ts: 19ms, application-code: 663ms)
 GET /login 200 in 796ms (next.js: 42ms, proxy.ts: 19ms, application-code: 736ms)
 GET /login?verified=true 200 in 789ms (next.js: 96ms, proxy.ts: 15ms, application-code: 677ms)
 GET /login 200 in 857ms (next.js: 35ms, proxy.ts: 17ms, application-code: 806ms)
 GET /login?verified=true 200 in 851ms (next.js: 82ms, proxy.ts: 13ms, application-code: 756ms)
 GET /login 200 in 976ms (next.js: 65ms, proxy.ts: 14ms, application-code: 897ms)
 GET /login?verified=true 200 in 973ms (next.js: 111ms, proxy.ts: 13ms, application-code: 849ms)
 GET /login 200 in 1028ms (next.js: 34ms, proxy.ts: 15ms, application-code: 980ms)
 GET /login?verified=true 200 in 1027ms (next.js: 125ms, proxy.ts: 12ms, application-code: 889ms)
 GET /login 200 in 1090ms (next.js: 41ms, proxy.ts: 16ms, application-code: 1033ms)
 GET /login?verified=true 200 in 1091ms (next.js: 126ms, proxy.ts: 15ms, application-code: 951ms)
 GET /login 200 in 904ms (next.js: 39ms, proxy.ts: 15ms, application-code: 850ms)
 GET /login?verified=true 200 in 890ms (next.js: 134ms, proxy.ts: 15ms, application-code: 741ms)
 GET /login 200 in 900ms (next.js: 45ms, proxy.ts: 24ms, application-code: 832ms)
 GET /login?verified=true 200 in 975ms (next.js: 113ms, proxy.ts: 19ms, application-code: 843ms)
 GET /login 200 in 792ms (next.js: 52ms, proxy.ts: 22ms, application-code: 717ms)
 GET /login?verified=true 200 in 985ms (next.js: 164ms, proxy.ts: 20ms, application-code: 801ms)
 GET /login 200 in 1285ms (next.js: 143ms, proxy.ts: 25ms, application-code: 1118ms)
 GET /login?verified=true 200 in 1277ms (next.js: 327ms, proxy.ts: 21ms, application-code: 929ms)
 GET /login 200 in 1115ms (next.js: 46ms, proxy.ts: 17ms, application-code: 1052ms)
 GET /login?verified=true 200 in 1111ms (next.js: 136ms, proxy.ts: 19ms, application-code: 956ms)
 GET /login 200 in 1120ms (next.js: 49ms, proxy.ts: 24ms, application-code: 1048ms)
 GET /login?verified=true 200 in 1114ms (next.js: 137ms, proxy.ts: 17ms, application-code: 960ms)
 GET /login 200 in 1137ms (next.js: 48ms, proxy.ts: 25ms, application-code: 1064ms)
 GET /login?verified=true 200 in 1122ms (next.js: 139ms, proxy.ts: 16ms, application-code: 968ms)
 GET /login 200 in 1117ms (next.js: 62ms, proxy.ts: 23ms, application-code: 1032ms)
 GET /login?verified=true 200 in 1108ms (next.js: 139ms, proxy.ts: 26ms, application-code: 943ms)
 GET /login 200 in 999ms (next.js: 55ms, proxy.ts: 25ms, application-code: 919ms)
 GET /login?verified=true 200 in 1089ms (next.js: 136ms, proxy.ts: 19ms, application-code: 935ms)
 GET /login 200 in 1014ms (next.js: 56ms, proxy.ts: 26ms, application-code: 933ms)
 GET /login?verified=true 200 in 1092ms (next.js: 139ms, proxy.ts: 19ms, application-code: 934ms)
 GET /login 200 in 984ms (next.js: 36ms, proxy.ts: 14ms, application-code: 934ms)
 GET /login?verified=true 200 in 1081ms (next.js: 121ms, proxy.ts: 13ms, application-code: 947ms)
 GET /login?verified=true 200 in 1120ms (next.js: 53ms, proxy.ts: 21ms, application-code: 1047ms)
 GET /login 200 in 1165ms (next.js: 181ms, proxy.ts: 23ms, application-code: 961ms)
 GET /login?verified=true 200 in 1007ms (next.js: 53ms, proxy.ts: 26ms, application-code: 928ms)
 GET /login 200 in 1123ms (next.js: 140ms, proxy.ts: 18ms, application-code: 965ms)
 GET /login?verified=true 200 in 1063ms (next.js: 61ms, proxy.ts: 25ms, application-code: 977ms)
 GET /login 200 in 1153ms (next.js: 136ms, proxy.ts: 21ms, application-code: 995ms)
 GET /login?verified=true 200 in 1062ms (next.js: 55ms, proxy.ts: 30ms, application-code: 977ms)
 GET /login 200 in 1135ms (next.js: 138ms, proxy.ts: 19ms, application-code: 978ms)
 GET /login 200 in 1163ms (next.js: 56ms, proxy.ts: 19ms, application-code: 1089ms)
 GET /login?verified=true 200 in 1210ms (next.js: 174ms, proxy.ts: 24ms, application-code: 1012ms)
 GET /login 200 in 1044ms (next.js: 77ms, proxy.ts: 62ms, application-code: 905ms)
 GET /login?verified=true 200 in 1084ms (next.js: 127ms, proxy.ts: 50ms, application-code: 907ms)
 GET /login 200 in 902ms (next.js: 53ms, proxy.ts: 28ms, application-code: 821ms)
 GET /login?verified=true 200 in 1071ms (next.js: 129ms, proxy.ts: 21ms, application-code: 922ms)
 GET /login 200 in 919ms (next.js: 49ms, proxy.ts: 26ms, application-code: 844ms)
 GET /login?verified=true 200 in 1126ms (next.js: 136ms, proxy.ts: 16ms, application-code: 974ms)
 GET /login?verified=true 200 in 1216ms (next.js: 46ms, proxy.ts: 28ms, application-code: 1143ms)
 GET /login 200 in 1245ms (next.js: 155ms, proxy.ts: 26ms, application-code: 1064ms)
 GET /login?verified=true 200 in 1212ms (next.js: 57ms, proxy.ts: 30ms, application-code: 1125ms)
 GET /login 200 in 1207ms (next.js: 141ms, proxy.ts: 27ms, application-code: 1038ms)
 GET /login 200 in 1212ms (next.js: 141ms, proxy.ts: 27ms, application-code: 1044ms)
 GET /login?verified=true 200 in 1218ms (next.js: 52ms, proxy.ts: 27ms, application-code: 1139ms)
 GET /login?verified=true 200 in 1209ms (next.js: 91ms, proxy.ts: 40ms, application-code: 1078ms)
 GET /login 200 in 1206ms (next.js: 177ms, proxy.ts: 43ms, application-code: 986ms)
 GET /login 200 in 1148ms (next.js: 30ms, proxy.ts: 26ms, application-code: 1093ms)
 GET /login?verified=true 200 in 1170ms (next.js: 131ms, proxy.ts: 27ms, application-code: 1012ms)
 GET /login 200 in 1191ms (next.js: 55ms, proxy.ts: 24ms, application-code: 1111ms)
 GET /login?verified=true 200 in 1178ms (next.js: 136ms, proxy.ts: 23ms, application-code: 1019ms)
 GET /login 200 in 1115ms (next.js: 47ms, proxy.ts: 18ms, application-code: 1050ms)
 GET /login?verified=true 200 in 1105ms (next.js: 136ms, proxy.ts: 19ms, application-code: 950ms)
 GET /login 200 in 1012ms (next.js: 57ms, proxy.ts: 25ms, application-code: 930ms)
 GET /login?verified=true 200 in 995ms (next.js: 142ms, proxy.ts: 22ms, application-code: 831ms)
 GET /login 200 in 875ms (next.js: 53ms, proxy.ts: 16ms, application-code: 805ms)
 GET /login?verified=true 200 in 868ms (next.js: 138ms, proxy.ts: 19ms, application-code: 711ms)
 GET /login 200 in 842ms (next.js: 81ms, proxy.ts: 27ms, application-code: 734ms)
 GET /login?verified=true 200 in 822ms (next.js: 130ms, proxy.ts: 21ms, application-code: 671ms)
 GET /login 200 in 829ms (next.js: 35ms, proxy.ts: 18ms, application-code: 777ms)
 GET /login?verified=true 200 in 820ms (next.js: 84ms, proxy.ts: 13ms, application-code: 723ms)
 GET /login 200 in 933ms (next.js: 32ms, proxy.ts: 14ms, application-code: 887ms)
 GET /login?verified=true 200 in 933ms (next.js: 85ms, proxy.ts: 11ms, application-code: 837ms)
 GET /login 200 in 1062ms (next.js: 38ms, proxy.ts: 16ms, application-code: 1008ms)
 GET /login?verified=true 200 in 1057ms (next.js: 92ms, proxy.ts: 13ms, application-code: 952ms)
 GET /login 200 in 1006ms (next.js: 38ms, proxy.ts: 19ms, application-code: 950ms)
 GET /login?verified=true 200 in 999ms (next.js: 127ms, proxy.ts: 13ms, application-code: 859ms)
 GET /login 200 in 990ms (next.js: 38ms, proxy.ts: 16ms, application-code: 937ms)
 GET /login?verified=true 200 in 982ms (next.js: 130ms, proxy.ts: 14ms, application-code: 838ms)
 GET /login 200 in 894ms (next.js: 52ms, proxy.ts: 20ms, application-code: 821ms)
 GET /login?verified=true 200 in 886ms (next.js: 133ms, proxy.ts: 19ms, application-code: 734ms)
 GET /login 200 in 779ms (next.js: 47ms, proxy.ts: 24ms, application-code: 708ms)
 GET /login?verified=true 200 in 763ms (next.js: 91ms, proxy.ts: 20ms, application-code: 652ms)
 GET /login 200 in 815ms (next.js: 51ms, proxy.ts: 16ms, application-code: 748ms)
 GET /login?verified=true 200 in 816ms (next.js: 125ms, proxy.ts: 14ms, application-code: 676ms)
 GET /login 200 in 941ms (next.js: 34ms, proxy.ts: 18ms, application-code: 889ms)
 GET /login?verified=true 200 in 941ms (next.js: 81ms, proxy.ts: 13ms, application-code: 846ms)
 GET /login 200 in 1014ms (next.js: 41ms, proxy.ts: 16ms, application-code: 957ms)
 GET /login?verified=true 200 in 1019ms (next.js: 92ms, proxy.ts: 16ms, application-code: 911ms)
 GET /login 200 in 1126ms (next.js: 35ms, proxy.ts: 15ms, application-code: 1076ms)
 GET /login?verified=true 200 in 1129ms (next.js: 106ms, proxy.ts: 12ms, application-code: 1011ms)
 GET /login 200 in 1179ms (next.js: 56ms, proxy.ts: 25ms, application-code: 1098ms)
 GET /login?verified=true 200 in 1177ms (next.js: 152ms, proxy.ts: 19ms, application-code: 1006ms)
 GET /login?verified=true 200 in 1142ms (next.js: 34ms, proxy.ts: 33ms, application-code: 1076ms)
 GET /login 200 in 1227ms (next.js: 200ms, proxy.ts: 28ms, application-code: 998ms)
 GET /login?verified=true 200 in 1037ms (next.js: 53ms, proxy.ts: 23ms, application-code: 961ms)
 GET /login 200 in 1115ms (next.js: 150ms, proxy.ts: 21ms, application-code: 944ms)
 GET /login?verified=true 200 in 927ms (next.js: 51ms, proxy.ts: 24ms, application-code: 853ms)
 GET /login 200 in 1090ms (next.js: 133ms, proxy.ts: 19ms, application-code: 938ms)
 GET /login?verified=true 200 in 960ms (next.js: 57ms, proxy.ts: 26ms, application-code: 877ms)
 GET /login 200 in 1152ms (next.js: 147ms, proxy.ts: 23ms, application-code: 982ms)
 GET /login 200 in 1176ms (next.js: 42ms, proxy.ts: 25ms, application-code: 1109ms)
 GET /login?verified=true 200 in 1213ms (next.js: 166ms, proxy.ts: 32ms, application-code: 1015ms)
 GET /login?verified=true 200 in 1254ms (next.js: 132ms, proxy.ts: 25ms, application-code: 1097ms)
 GET /login 200 in 1259ms (next.js: 52ms, proxy.ts: 24ms, application-code: 1183ms)
 GET /login 200 in 1339ms (next.js: 84ms, proxy.ts: 26ms, application-code: 1229ms)
 GET /login?verified=true 200 in 1335ms (next.js: 158ms, proxy.ts: 27ms, application-code: 1150ms)
 GET /login 200 in 1711ms (next.js: 53ms, proxy.ts: 31ms, application-code: 1626ms)
 GET /login?verified=true 200 in 1707ms (next.js: 136ms, proxy.ts: 33ms, application-code: 1538ms)
 GET /login?verified=true 200 in 1683ms (next.js: 125ms, proxy.ts: 39ms, application-code: 1519ms)
 GET /login 200 in 1690ms (next.js: 47ms, proxy.ts: 39ms, application-code: 1605ms)
 GET /login?verified=true 200 in 1896ms (next.js: 846ms, proxy.ts: 52ms, application-code: 999ms)
 GET /login 200 in 1895ms (next.js: 688ms, proxy.ts: 53ms, application-code: 1155ms)
 GET /login 200 in 1163ms (next.js: 45ms, proxy.ts: 98ms, application-code: 1020ms)
 GET /login?verified=true 200 in 1133ms (next.js: 129ms, proxy.ts: 72ms, application-code: 932ms)
 GET /login 200 in 1140ms (next.js: 45ms, proxy.ts: 23ms, application-code: 1073ms)
 GET /login?verified=true 200 in 1138ms (next.js: 119ms, proxy.ts: 24ms, application-code: 994ms)
 GET /login 200 in 1178ms (next.js: 49ms, proxy.ts: 26ms, application-code: 1103ms)
 GET /login?verified=true 200 in 1175ms (next.js: 125ms, proxy.ts: 27ms, application-code: 1022ms)
 GET /login?verified=true 200 in 1253ms (next.js: 55ms, proxy.ts: 40ms, application-code: 1158ms)
 GET /login 200 in 1259ms (next.js: 155ms, proxy.ts: 32ms, application-code: 1072ms)
 GET /login?verified=true 200 in 1217ms (next.js: 53ms, proxy.ts: 31ms, application-code: 1133ms)
 GET /login 200 in 1213ms (next.js: 135ms, proxy.ts: 34ms, application-code: 1044ms)
 GET /login?verified=true 200 in 1191ms (next.js: 42ms, proxy.ts: 81ms, application-code: 1068ms)
 GET /login 200 in 1152ms (next.js: 122ms, proxy.ts: 44ms, application-code: 986ms)
 GET /login?verified=true 200 in 1145ms (next.js: 56ms, proxy.ts: 36ms, application-code: 1052ms)
 GET /login 200 in 1141ms (next.js: 157ms, proxy.ts: 37ms, application-code: 947ms)
 GET /login 200 in 1301ms (next.js: 126ms, proxy.ts: 28ms, application-code: 1147ms)
 GET /login?verified=true 200 in 1306ms (next.js: 47ms, proxy.ts: 26ms, application-code: 1233ms)
 GET /login 200 in 1261ms (next.js: 117ms, proxy.ts: 22ms, application-code: 1122ms)
 GET /login?verified=true 200 in 1267ms (next.js: 43ms, proxy.ts: 22ms, application-code: 1202ms)
 GET /login?verified=true 200 in 1270ms (next.js: 45ms, proxy.ts: 26ms, application-code: 1199ms)
 GET /login 200 in 1267ms (next.js: 140ms, proxy.ts: 25ms, application-code: 1101ms)
 GET /login?verified=true 200 in 1263ms (next.js: 52ms, proxy.ts: 26ms, application-code: 1185ms)
 GET /login 200 in 1276ms (next.js: 177ms, proxy.ts: 25ms, application-code: 1074ms)
 GET /login 200 in 1108ms (next.js: 27ms, proxy.ts: 62ms, application-code: 1019ms)
 GET /login?verified=true 200 in 1129ms (next.js: 135ms, proxy.ts: 57ms, application-code: 937ms)
 GET /login 200 in 1112ms (next.js: 50ms, proxy.ts: 27ms, application-code: 1035ms)
 GET /login?verified=true 200 in 1098ms (next.js: 132ms, proxy.ts: 18ms, application-code: 948ms)
 GET /login 200 in 1121ms (next.js: 49ms, proxy.ts: 20ms, application-code: 1052ms)
 GET /login?verified=true 200 in 1156ms (next.js: 133ms, proxy.ts: 15ms, application-code: 1008ms)
 GET /login 200 in 1200ms (next.js: 51ms, proxy.ts: 24ms, application-code: 1124ms)
 GET /login?verified=true 200 in 1194ms (next.js: 170ms, proxy.ts: 17ms, application-code: 1006ms)
 GET /login 200 in 1152ms (next.js: 62ms, proxy.ts: 23ms, application-code: 1067ms)
 GET /login?verified=true 200 in 1148ms (next.js: 132ms, proxy.ts: 24ms, application-code: 992ms)
 GET /login 200 in 1152ms (next.js: 51ms, proxy.ts: 23ms, application-code: 1078ms)
 GET /login?verified=true 200 in 1148ms (next.js: 132ms, proxy.ts: 20ms, application-code: 996ms)
 GET /login 200 in 1146ms (next.js: 95ms, proxy.ts: 24ms, application-code: 1027ms)
 GET /login?verified=true 200 in 1141ms (next.js: 185ms, proxy.ts: 20ms, application-code: 936ms)
 GET /login?verified=true 200 in 1086ms (next.js: 38ms, proxy.ts: 19ms, application-code: 1029ms)
 GET /login 200 in 1127ms (next.js: 165ms, proxy.ts: 25ms, application-code: 937ms)
 GET /login?verified=true 200 in 1108ms (next.js: 48ms, proxy.ts: 25ms, application-code: 1035ms)
 GET /login 200 in 1103ms (next.js: 131ms, proxy.ts: 19ms, application-code: 952ms)
 GET /login?verified=true 200 in 1149ms (next.js: 51ms, proxy.ts: 24ms, application-code: 1074ms)
 GET /login 200 in 1144ms (next.js: 131ms, proxy.ts: 21ms, application-code: 992ms)
 GET /login?verified=true 200 in 1174ms (next.js: 52ms, proxy.ts: 25ms, application-code: 1097ms)
 GET /login 200 in 1171ms (next.js: 137ms, proxy.ts: 20ms, application-code: 1014ms)
 GET /login?verified=true 200 in 1210ms (next.js: 70ms, proxy.ts: 23ms, application-code: 1118ms)
 GET /login 200 in 1203ms (next.js: 154ms, proxy.ts: 20ms, application-code: 1030ms)
 GET /login?verified=true 200 in 1158ms (next.js: 85ms, proxy.ts: 26ms, application-code: 1047ms)
 GET /login 200 in 1161ms (next.js: 173ms, proxy.ts: 20ms, application-code: 969ms)
 GET /login?verified=true 200 in 1131ms (next.js: 48ms, proxy.ts: 24ms, application-code: 1059ms)
 GET /login 200 in 1129ms (next.js: 131ms, proxy.ts: 20ms, application-code: 978ms)
 GET /login?verified=true 200 in 1148ms (next.js: 53ms, proxy.ts: 26ms, application-code: 1068ms)
 GET /login 200 in 1140ms (next.js: 140ms, proxy.ts: 21ms, application-code: 980ms)
 GET /login 200 in 1198ms (next.js: 30ms, proxy.ts: 26ms, application-code: 1142ms)
 GET /login?verified=true 200 in 1238ms (next.js: 150ms, proxy.ts: 28ms, application-code: 1060ms)
 GET /login 200 in 1170ms (next.js: 69ms, proxy.ts: 27ms, application-code: 1074ms)
 GET /login?verified=true 200 in 1162ms (next.js: 134ms, proxy.ts: 29ms, application-code: 999ms)
 GET /login 200 in 917ms (next.js: 51ms, proxy.ts: 26ms, application-code: 840ms)
 GET /login?verified=true 200 in 891ms (next.js: 136ms, proxy.ts: 22ms, application-code: 733ms)
 GET /login 200 in 621ms (next.js: 49ms, proxy.ts: 25ms, application-code: 547ms)
 GET /login?verified=true 200 in 596ms (next.js: 147ms, proxy.ts: 18ms, application-code: 431ms)
 GET /login 200 in 284ms (next.js: 43ms, proxy.ts: 32ms, application-code: 210ms)
 GET /login?verified=true 200 in 253ms (next.js: 119ms, proxy.ts: 14ms, application-code: 119ms)
 GET /login 200 in 709ms (next.js: 142ms, proxy.ts: 15ms, application-code: 552ms)
 GET /login?verified=true 200 in 719ms (next.js: 50ms, proxy.ts: 24ms, application-code: 646ms)
 GET /login?verified=true 200 in 932ms (next.js: 120ms, proxy.ts: 23ms, application-code: 790ms)
 GET /login 200 in 930ms (next.js: 42ms, proxy.ts: 25ms, application-code: 864ms)
 GET /login 200 in 992ms (next.js: 23ms, proxy.ts: 19ms, application-code: 950ms)
 GET /login?verified=true 200 in 1001ms (next.js: 112ms, proxy.ts: 19ms, application-code: 870ms)
 GET /login 200 in 1040ms (next.js: 73ms, proxy.ts: 17ms, application-code: 950ms)
 GET /login?verified=true 200 in 1039ms (next.js: 163ms, proxy.ts: 13ms, application-code: 862ms)
 GET /login 200 in 1019ms (next.js: 32ms, proxy.ts: 14ms, application-code: 973ms)
 GET /login?verified=true 200 in 1020ms (next.js: 89ms, proxy.ts: 11ms, application-code: 920ms)
 GET /login 200 in 1064ms (next.js: 62ms, proxy.ts: 14ms, application-code: 987ms)
 GET /login?verified=true 200 in 1036ms (next.js: 125ms, proxy.ts: 14ms, application-code: 897ms)
 GET /login 200 in 1004ms (next.js: 43ms, proxy.ts: 19ms, application-code: 941ms)
 GET /login?verified=true 200 in 997ms (next.js: 130ms, proxy.ts: 16ms, application-code: 850ms)
 GET /login 200 in 927ms (next.js: 61ms, proxy.ts: 27ms, application-code: 839ms)
 GET /login?verified=true 200 in 914ms (next.js: 133ms, proxy.ts: 23ms, application-code: 757ms)
 GET /login?verified=true 200 in 883ms (next.js: 32ms, proxy.ts: 18ms, application-code: 833ms)
 GET /login 200 in 912ms (next.js: 135ms, proxy.ts: 22ms, application-code: 755ms)
 GET /login?verified=true 200 in 1348ms (next.js: 41ms, proxy.ts: 19ms, application-code: 1288ms)
 GET /login 200 in 1329ms (next.js: 120ms, proxy.ts: 14ms, application-code: 1195ms)
 GET /login?verified=true 200 in 1441ms (next.js: 36ms, proxy.ts: 18ms, application-code: 1388ms)
 GET /login 200 in 1424ms (next.js: 83ms, proxy.ts: 13ms, application-code: 1327ms)
 GET /login 200 in 1959ms (next.js: 901ms, proxy.ts: 12ms, application-code: 1046ms)
 GET /login?verified=true 200 in 1984ms (next.js: 1033ms, proxy.ts: 22ms, application-code: 929ms)
 GET /login 200 in 1074ms (next.js: 43ms, proxy.ts: 62ms, application-code: 970ms)
 GET /login?verified=true 200 in 1072ms (next.js: 117ms, proxy.ts: 64ms, application-code: 892ms)
 GET /login?verified=true 200 in 1043ms (next.js: 98ms, proxy.ts: 19ms, application-code: 926ms)
 GET /login 200 in 1048ms (next.js: 37ms, proxy.ts: 18ms, application-code: 992ms)
 GET /login?verified=true 200 in 1053ms (next.js: 120ms, proxy.ts: 28ms, application-code: 905ms)
 GET /login 200 in 1057ms (next.js: 47ms, proxy.ts: 27ms, application-code: 984ms)
 GET /login?verified=true 200 in 1053ms (next.js: 36ms, proxy.ts: 32ms, application-code: 986ms)
 GET /login 200 in 1106ms (next.js: 168ms, proxy.ts: 26ms, application-code: 912ms)
 GET /login?verified=true 200 in 1107ms (next.js: 43ms, proxy.ts: 15ms, application-code: 1049ms)
 GET /login 200 in 1104ms (next.js: 118ms, proxy.ts: 16ms, application-code: 970ms)
 GET /login?verified=true 200 in 1150ms (next.js: 39ms, proxy.ts: 23ms, application-code: 1087ms)
 GET /login 200 in 1142ms (next.js: 117ms, proxy.ts: 16ms, application-code: 1009ms)
 GET /login?verified=true 200 in 1204ms (next.js: 50ms, proxy.ts: 31ms, application-code: 1124ms)
 GET /login 200 in 1183ms (next.js: 120ms, proxy.ts: 23ms, application-code: 1040ms)
 GET /login?verified=true 200 in 1186ms (next.js: 88ms, proxy.ts: 23ms, application-code: 1075ms)
 GET /login 200 in 1179ms (next.js: 173ms, proxy.ts: 20ms, application-code: 985ms)
 GET /login?verified=true 200 in 1202ms (next.js: 53ms, proxy.ts: 24ms, application-code: 1125ms)
 GET /login 200 in 1194ms (next.js: 144ms, proxy.ts: 18ms, application-code: 1032ms)
 GET /login?verified=true 200 in 1216ms (next.js: 57ms, proxy.ts: 21ms, application-code: 1137ms)
 GET /login 200 in 1210ms (next.js: 160ms, proxy.ts: 20ms, application-code: 1030ms)
 GET /login?verified=true 200 in 1237ms (next.js: 42ms, proxy.ts: 19ms, application-code: 1176ms)
 GET /login 200 in 1230ms (next.js: 120ms, proxy.ts: 17ms, application-code: 1094ms)
 GET /login?verified=true 200 in 1248ms (next.js: 58ms, proxy.ts: 24ms, application-code: 1166ms)
 GET /login 200 in 1236ms (next.js: 161ms, proxy.ts: 21ms, application-code: 1054ms)
 GET /login?verified=true 200 in 1229ms (next.js: 61ms, proxy.ts: 31ms, application-code: 1138ms)
 GET /login 200 in 1216ms (next.js: 147ms, proxy.ts: 24ms, application-code: 1045ms)
 GET /login?verified=true 200 in 1485ms (next.js: 59ms, proxy.ts: 17ms, application-code: 1408ms)
 GET /login 200 in 1490ms (next.js: 169ms, proxy.ts: 22ms, application-code: 1299ms)
 GET /login?verified=true 200 in 1658ms (next.js: 49ms, proxy.ts: 21ms, application-code: 1588ms)
 GET /login 200 in 1680ms (next.js: 135ms, proxy.ts: 19ms, application-code: 1526ms)
 GET /login?verified=true 200 in 1500ms (next.js: 44ms, proxy.ts: 22ms, application-code: 1434ms)
 GET /login 200 in 1485ms (next.js: 154ms, proxy.ts: 17ms, application-code: 1315ms)
 GET /login?verified=true 200 in 1236ms (next.js: 63ms, proxy.ts: 28ms, application-code: 1144ms)
 GET /login 200 in 1210ms (next.js: 159ms, proxy.ts: 25ms, application-code: 1026ms)
 GET /login 200 in 702ms (next.js: 48ms, proxy.ts: 61ms, application-code: 592ms)
 GET /login?verified=true 200 in 934ms (next.js: 353ms, proxy.ts: 227ms, application-code: 354ms)
 GET /login?verified=true 200 in 1865ms (next.js: 145ms, proxy.ts: 37ms, application-code: 1684ms)
 GET /login 200 in 2.0s (next.js: 350ms, proxy.ts: 73ms, application-code: 1579ms)
 GET /login?verified=true 200 in 1452ms (next.js: 139ms, proxy.ts: 31ms, application-code: 1282ms)
 GET /login 200 in 1429ms (next.js: 237ms, proxy.ts: 56ms, application-code: 1136ms)
 GET /login?verified=true 200 in 1037ms (next.js: 112ms, proxy.ts: 23ms, application-code: 902ms)
 GET /login 200 in 972ms (next.js: 190ms, proxy.ts: 27ms, application-code: 754ms)
 GET /login?verified=true 200 in 590ms (next.js: 65ms, proxy.ts: 44ms, application-code: 481ms)
 GET /login 200 in 546ms (next.js: 176ms, proxy.ts: 24ms, application-code: 347ms)
 GET /login 200 in 1616ms (next.js: 64ms, proxy.ts: 72ms, application-code: 1479ms)
 GET /login?verified=true 200 in 1710ms (next.js: 333ms, proxy.ts: 86ms, application-code: 1291ms)
 GET /login?verified=true 200 in 1453ms (next.js: 52ms, proxy.ts: 27ms, application-code: 1375ms)
 GET /login 200 in 1459ms (next.js: 154ms, proxy.ts: 26ms, application-code: 1279ms)
 GET /login?verified=true 200 in 1497ms (next.js: 74ms, proxy.ts: 35ms, application-code: 1388ms)
 GET /login 200 in 1494ms (next.js: 245ms, proxy.ts: 38ms, application-code: 1211ms)
 GET /login?verified=true 200 in 1316ms (next.js: 63ms, proxy.ts: 38ms, application-code: 1215ms)
 GET /login 200 in 1314ms (next.js: 137ms, proxy.ts: 47ms, application-code: 1130ms)
 GET /login?verified=true 200 in 1262ms (next.js: 104ms, proxy.ts: 46ms, application-code: 1112ms)
 GET /login 200 in 1254ms (next.js: 166ms, proxy.ts: 48ms, application-code: 1040ms)
 GET /login?verified=true 200 in 1267ms (next.js: 50ms, proxy.ts: 21ms, application-code: 1195ms)
 GET /login 200 in 1265ms (next.js: 132ms, proxy.ts: 20ms, application-code: 1112ms)
 GET /login 200 in 1231ms (next.js: 58ms, proxy.ts: 35ms, application-code: 1138ms)
 GET /login?verified=true 200 in 1250ms (next.js: 166ms, proxy.ts: 34ms, application-code: 1049ms)
 GET /login 200 in 1297ms (next.js: 53ms, proxy.ts: 30ms, application-code: 1215ms)
 GET /login?verified=true 200 in 1280ms (next.js: 115ms, proxy.ts: 23ms, application-code: 1142ms)
 GET /login 200 in 1264ms (next.js: 105ms, proxy.ts: 22ms, application-code: 1137ms)
 GET /login?verified=true 200 in 1254ms (next.js: 172ms, proxy.ts: 69ms, application-code: 1014ms)
 GET /login 200 in 1185ms (next.js: 49ms, proxy.ts: 20ms, application-code: 1116ms)
 GET /login?verified=true 200 in 1181ms (next.js: 177ms, proxy.ts: 18ms, application-code: 985ms)
 GET /login 200 in 928ms (next.js: 97ms, proxy.ts: 22ms, application-code: 809ms)
 GET /login?verified=true 200 in 906ms (next.js: 190ms, proxy.ts: 14ms, application-code: 702ms)
 GET /login 200 in 856ms (next.js: 51ms, proxy.ts: 21ms, application-code: 784ms)
 GET /login?verified=true 200 in 845ms (next.js: 120ms, proxy.ts: 25ms, application-code: 701ms)
 GET /login 200 in 864ms (next.js: 55ms, proxy.ts: 20ms, application-code: 789ms)
 GET /login?verified=true 200 in 853ms (next.js: 142ms, proxy.ts: 19ms, application-code: 692ms)
 GET /login?verified=true 200 in 1165ms (next.js: 55ms, proxy.ts: 26ms, application-code: 1084ms)
 GET /login 200 in 1208ms (next.js: 192ms, proxy.ts: 27ms, application-code: 989ms)
 GET /login?verified=true 200 in 1124ms (next.js: 48ms, proxy.ts: 20ms, application-code: 1056ms)
 GET /login 200 in 1130ms (next.js: 119ms, proxy.ts: 15ms, application-code: 995ms)
 GET /login?verified=true 200 in 1091ms (next.js: 49ms, proxy.ts: 20ms, application-code: 1022ms)
 GET /login 200 in 1196ms (next.js: 129ms, proxy.ts: 15ms, application-code: 1052ms)
 GET /login?verified=true 200 in 1158ms (next.js: 58ms, proxy.ts: 21ms, application-code: 1079ms)
 GET /login 200 in 1289ms (next.js: 144ms, proxy.ts: 24ms, application-code: 1122ms)
 GET /login?verified=true 200 in 1283ms (next.js: 168ms, proxy.ts: 34ms, application-code: 1082ms)
 GET /login 200 in 1251ms (next.js: 48ms, proxy.ts: 26ms, application-code: 1177ms)
 GET /login 200 in 1273ms (next.js: 42ms, proxy.ts: 27ms, application-code: 1203ms)
 GET /login?verified=true 200 in 1285ms (next.js: 166ms, proxy.ts: 31ms, application-code: 1088ms)
 GET /login 200 in 1330ms (next.js: 55ms, proxy.ts: 31ms, application-code: 1244ms)
 GET /login?verified=true 200 in 1315ms (next.js: 164ms, proxy.ts: 18ms, application-code: 1133ms)
 GET /login 200 in 1252ms (next.js: 47ms, proxy.ts: 37ms, application-code: 1168ms)
 GET /login?verified=true 200 in 1228ms (next.js: 131ms, proxy.ts: 17ms, application-code: 1080ms)
 GET /login 200 in 1238ms (next.js: 55ms, proxy.ts: 17ms, application-code: 1167ms)
 GET /login?verified=true 200 in 1236ms (next.js: 139ms, proxy.ts: 25ms, application-code: 1072ms)
 GET /login 200 in 1248ms (next.js: 52ms, proxy.ts: 28ms, application-code: 1168ms)
 GET /login?verified=true 200 in 1233ms (next.js: 156ms, proxy.ts: 15ms, application-code: 1062ms)
 GET /login 200 in 1248ms (next.js: 113ms, proxy.ts: 30ms, application-code: 1105ms)
 GET /login?verified=true 200 in 1186ms (next.js: 128ms, proxy.ts: 22ms, application-code: 1036ms)
 GET /login 200 in 1249ms (next.js: 52ms, proxy.ts: 21ms, application-code: 1176ms)
 GET /login?verified=true 200 in 1243ms (next.js: 175ms, proxy.ts: 20ms, application-code: 1048ms)
 GET /login 200 in 1195ms (next.js: 58ms, proxy.ts: 21ms, application-code: 1116ms)
 GET /login?verified=true 200 in 1205ms (next.js: 144ms, proxy.ts: 23ms, application-code: 1039ms)
 GET /login 200 in 1280ms (next.js: 52ms, proxy.ts: 30ms, application-code: 1198ms)
 GET /login?verified=true 200 in 1277ms (next.js: 131ms, proxy.ts: 21ms, application-code: 1126ms)
 GET /login 200 in 1169ms (next.js: 67ms, proxy.ts: 36ms, application-code: 1067ms)
 GET /login?verified=true 200 in 1243ms (next.js: 147ms, proxy.ts: 19ms, application-code: 1077ms)
 GET /login?verified=true 200 in 1259ms (next.js: 53ms, proxy.ts: 34ms, application-code: 1172ms)
 GET /login 200 in 1304ms (next.js: 173ms, proxy.ts: 41ms, application-code: 1090ms)
 GET /login 200 in 999ms (next.js: 153ms, proxy.ts: 32ms, application-code: 814ms)
 GET /login?verified=true 200 in 1011ms (next.js: 91ms, proxy.ts: 35ms, application-code: 885ms)
 GET /login?verified=true 200 in 658ms (next.js: 44ms, proxy.ts: 35ms, application-code: 579ms)
 GET /login 200 in 656ms (next.js: 141ms, proxy.ts: 37ms, application-code: 478ms)
 GET /login?verified=true 200 in 389ms (next.js: 51ms, proxy.ts: 24ms, application-code: 314ms)
 GET /login 200 in 367ms (next.js: 158ms, proxy.ts: 17ms, application-code: 192ms)
 GET /login?verified=true 200 in 1400ms (next.js: 92ms, proxy.ts: 30ms, application-code: 1277ms)
 GET /login 200 in 1381ms (next.js: 192ms, proxy.ts: 21ms, application-code: 1168ms)
 GET /login?verified=true 200 in 1343ms (next.js: 43ms, proxy.ts: 17ms, application-code: 1283ms)
 GET /login 200 in 1342ms (next.js: 131ms, proxy.ts: 14ms, application-code: 1197ms)
 GET /login?verified=true 200 in 1216ms (next.js: 50ms, proxy.ts: 17ms, application-code: 1148ms)
 GET /login 200 in 1216ms (next.js: 134ms, proxy.ts: 17ms, application-code: 1064ms)
 GET /login?verified=true 200 in 1224ms (next.js: 53ms, proxy.ts: 47ms, application-code: 1124ms)
 GET /login 200 in 1186ms (next.js: 203ms, proxy.ts: 18ms, application-code: 965ms)
 GET /login?verified=true 200 in 1098ms (next.js: 51ms, proxy.ts: 19ms, application-code: 1028ms)
 GET /login 200 in 1095ms (next.js: 136ms, proxy.ts: 24ms, application-code: 935ms)
 GET /login?verified=true 200 in 1163ms (next.js: 59ms, proxy.ts: 25ms, application-code: 1078ms)
 GET /login 200 in 1154ms (next.js: 131ms, proxy.ts: 22ms, application-code: 1001ms)
 GET /login?verified=true 200 in 1190ms (next.js: 60ms, proxy.ts: 22ms, application-code: 1109ms)
 GET /login 200 in 1199ms (next.js: 126ms, proxy.ts: 17ms, application-code: 1055ms)
 GET /login?verified=true 200 in 1259ms (next.js: 36ms, proxy.ts: 17ms, application-code: 1206ms)
 GET /login 200 in 1266ms (next.js: 116ms, proxy.ts: 14ms, application-code: 1136ms)
 GET /login 200 in 1072ms (next.js: 160ms, proxy.ts: 21ms, application-code: 890ms)
 GET /login?verified=true 200 in 1094ms (next.js: 65ms, proxy.ts: 19ms, application-code: 1010ms)
 GET /login?verified=true 200 in 744ms (next.js: 52ms, proxy.ts: 34ms, application-code: 658ms)
 GET /login 200 in 740ms (next.js: 131ms, proxy.ts: 34ms, application-code: 575ms)
 GET /login?verified=true 200 in 783ms (next.js: 79ms, proxy.ts: 22ms, application-code: 682ms)
 GET /login 200 in 763ms (next.js: 191ms, proxy.ts: 27ms, application-code: 546ms)
 GET /login?verified=true 200 in 1532ms (next.js: 73ms, proxy.ts: 31ms, application-code: 1429ms)
 GET /login 200 in 1532ms (next.js: 217ms, proxy.ts: 32ms, application-code: 1282ms)
 GET /login?verified=true 200 in 1495ms (next.js: 55ms, proxy.ts: 23ms, application-code: 1418ms)
 GET /login 200 in 1566ms (next.js: 206ms, proxy.ts: 27ms, application-code: 1333ms)
 GET /login?verified=true 200 in 1268ms (next.js: 52ms, proxy.ts: 24ms, application-code: 1192ms)
 GET /login 200 in 1246ms (next.js: 183ms, proxy.ts: 17ms, application-code: 1046ms)
 GET /login 200 in 927ms (next.js: 163ms, proxy.ts: 52ms, application-code: 712ms)
 GET /login?verified=true 200 in 958ms (next.js: 348ms, proxy.ts: 26ms, application-code: 584ms)
 GET /login 200 in 483ms (next.js: 44ms, proxy.ts: 27ms, application-code: 412ms)
 GET /login?verified=true 200 in 455ms (next.js: 161ms, proxy.ts: 13ms, application-code: 281ms)
 GET /login 200 in 1646ms (next.js: 276ms, proxy.ts: 34ms, application-code: 1336ms)
 GET /login?verified=true 200 in 1610ms (next.js: 83ms, proxy.ts: 73ms, application-code: 1453ms)
 GET /login?verified=true 200 in 1260ms (next.js: 43ms, proxy.ts: 27ms, application-code: 1190ms)
 GET /login 200 in 1259ms (next.js: 170ms, proxy.ts: 28ms, application-code: 1061ms)
 GET /login?verified=true 200 in 954ms (next.js: 64ms, proxy.ts: 23ms, application-code: 867ms)
 GET /login 200 in 931ms (next.js: 209ms, proxy.ts: 18ms, application-code: 704ms)
 GET /login?verified=true 200 in 3.2s (next.js: 1702ms, proxy.ts: 40ms, application-code: 1508ms)
 GET /login 200 in 3.1s (next.js: 1646ms, proxy.ts: 167ms, application-code: 1333ms)
 GET /login?verified=true 200 in 1503ms (next.js: 59ms, proxy.ts: 153ms, application-code: 1291ms)
 GET /login 200 in 1465ms (next.js: 154ms, proxy.ts: 122ms, application-code: 1189ms)
 GET /login 200 in 1368ms (next.js: 170ms, proxy.ts: 31ms, application-code: 1167ms)
 GET /login?verified=true 200 in 1379ms (next.js: 61ms, proxy.ts: 32ms, application-code: 1286ms)
 GET /login 200 in 1254ms (next.js: 164ms, proxy.ts: 39ms, application-code: 1051ms)
 GET /login?verified=true 200 in 1261ms (next.js: 62ms, proxy.ts: 34ms, application-code: 1165ms)
 GET /login?verified=true 200 in 1154ms (next.js: 51ms, proxy.ts: 41ms, application-code: 1062ms)
 GET /login 200 in 1158ms (next.js: 170ms, proxy.ts: 40ms, application-code: 948ms)
 GET /login?verified=true 200 in 1058ms (next.js: 48ms, proxy.ts: 28ms, application-code: 982ms)
 GET /login 200 in 1048ms (next.js: 112ms, proxy.ts: 19ms, application-code: 916ms)
 GET /login?verified=true 200 in 1008ms (next.js: 60ms, proxy.ts: 69ms, application-code: 879ms)
 GET /login 200 in 959ms (next.js: 116ms, proxy.ts: 29ms, application-code: 815ms)
 GET /login?verified=true 200 in 946ms (next.js: 47ms, proxy.ts: 17ms, application-code: 882ms)
 GET /login 200 in 945ms (next.js: 121ms, proxy.ts: 19ms, application-code: 805ms)
 GET /login?verified=true 200 in 870ms (next.js: 47ms, proxy.ts: 19ms, application-code: 804ms)
 GET /login 200 in 958ms (next.js: 114ms, proxy.ts: 17ms, application-code: 827ms)
 GET /login 200 in 985ms (next.js: 42ms, proxy.ts: 22ms, application-code: 921ms)
 GET /login?verified=true 200 in 1031ms (next.js: 151ms, proxy.ts: 27ms, application-code: 853ms)
 GET /login 200 in 1024ms (next.js: 65ms, proxy.ts: 30ms, application-code: 929ms)
 GET /login?verified=true 200 in 995ms (next.js: 111ms, proxy.ts: 19ms, application-code: 865ms)
 GET /login 200 in 1038ms (next.js: 34ms, proxy.ts: 19ms, application-code: 985ms)
 GET /login?verified=true 200 in 1055ms (next.js: 127ms, proxy.ts: 24ms, application-code: 904ms)
 GET /login 200 in 1025ms (next.js: 81ms, proxy.ts: 30ms, application-code: 913ms)
 GET /login?verified=true 200 in 1006ms (next.js: 107ms, proxy.ts: 52ms, application-code: 846ms)
 GET /login 200 in 972ms (next.js: 46ms, proxy.ts: 25ms, application-code: 901ms)
 GET /login?verified=true 200 in 957ms (next.js: 123ms, proxy.ts: 16ms, application-code: 817ms)
 GET /login 200 in 929ms (next.js: 55ms, proxy.ts: 18ms, application-code: 855ms)
 GET /login?verified=true 200 in 919ms (next.js: 148ms, proxy.ts: 22ms, application-code: 750ms)
 GET /login 200 in 990ms (next.js: 49ms, proxy.ts: 18ms, application-code: 923ms)
 GET /login?verified=true 200 in 988ms (next.js: 105ms, proxy.ts: 17ms, application-code: 867ms)
 GET /login 200 in 1070ms (next.js: 50ms, proxy.ts: 20ms, application-code: 1000ms)
 GET /login?verified=true 200 in 1066ms (next.js: 113ms, proxy.ts: 16ms, application-code: 937ms)
 GET /login 200 in 1149ms (next.js: 38ms, proxy.ts: 24ms, application-code: 1088ms)
 GET /login?verified=true 200 in 1141ms (next.js: 103ms, proxy.ts: 17ms, application-code: 1021ms)
 GET /login 200 in 1163ms (next.js: 119ms, proxy.ts: 17ms, application-code: 1028ms)
 GET /login?verified=true 200 in 1163ms (next.js: 197ms, proxy.ts: 15ms, application-code: 951ms)
 GET /login 200 in 1026ms (next.js: 60ms, proxy.ts: 27ms, application-code: 939ms)
 GET /login?verified=true 200 in 1135ms (next.js: 121ms, proxy.ts: 21ms, application-code: 992ms)
 GET /login 200 in 1247ms (next.js: 83ms, proxy.ts: 30ms, application-code: 1134ms)
 GET /login?verified=true 200 in 1251ms (next.js: 157ms, proxy.ts: 25ms, application-code: 1069ms)
 GET /login?verified=true 200 in 1420ms (next.js: 46ms, proxy.ts: 25ms, application-code: 1349ms)
 GET /login 200 in 1418ms (next.js: 112ms, proxy.ts: 24ms, application-code: 1281ms)
 GET /login 200 in 1536ms (next.js: 39ms, proxy.ts: 24ms, application-code: 1473ms)
 GET /login?verified=true 200 in 1566ms (next.js: 175ms, proxy.ts: 21ms, application-code: 1369ms)
 GET /login 200 in 1527ms (next.js: 58ms, proxy.ts: 31ms, application-code: 1438ms)
 GET /login?verified=true 200 in 1514ms (next.js: 161ms, proxy.ts: 17ms, application-code: 1336ms)
 GET /login 200 in 1440ms (next.js: 208ms, proxy.ts: 69ms, application-code: 1164ms)
 GET /login?verified=true 200 in 1370ms (next.js: 282ms, proxy.ts: 20ms, application-code: 1067ms)
 GET /login 200 in 1277ms (next.js: 38ms, proxy.ts: 24ms, application-code: 1215ms)
 GET /login?verified=true 200 in 1292ms (next.js: 156ms, proxy.ts: 26ms, application-code: 1109ms)
 GET /login 200 in 1186ms (next.js: 56ms, proxy.ts: 27ms, application-code: 1102ms)
 GET /login?verified=true 200 in 1173ms (next.js: 144ms, proxy.ts: 20ms, application-code: 1008ms)
 GET /login 200 in 1226ms (next.js: 45ms, proxy.ts: 19ms, application-code: 1162ms)
 GET /login?verified=true 200 in 1224ms (next.js: 121ms, proxy.ts: 20ms, application-code: 1084ms)
 GET /login 200 in 1224ms (next.js: 66ms, proxy.ts: 28ms, application-code: 1130ms)
 GET /login?verified=true 200 in 1204ms (next.js: 180ms, proxy.ts: 23ms, application-code: 1002ms)
 GET /login 200 in 1226ms (next.js: 59ms, proxy.ts: 30ms, application-code: 1137ms)
 GET /login?verified=true 200 in 1213ms (next.js: 116ms, proxy.ts: 22ms, application-code: 1075ms)
 GET /login 200 in 1240ms (next.js: 52ms, proxy.ts: 18ms, application-code: 1170ms)
 GET /login?verified=true 200 in 1235ms (next.js: 137ms, proxy.ts: 18ms, application-code: 1080ms)
 GET /login 200 in 3.4s (next.js: 101ms, proxy.ts: 26ms, application-code: 3.3s)
 GET /login?verified=true 200 in 3.4s (next.js: 126ms, proxy.ts: 20ms, application-code: 3.2s)
 GET /login 200 in 3.2s (next.js: 53ms, proxy.ts: 27ms, application-code: 3.1s)
 GET /login?verified=true 200 in 3.2s (next.js: 174ms, proxy.ts: 19ms, application-code: 3.0s)
 GET /login 200 in 2.8s (next.js: 53ms, proxy.ts: 28ms, application-code: 2.7s)
 GET /login?verified=true 200 in 2.8s (next.js: 134ms, proxy.ts: 18ms, application-code: 2.7s)
 GET /login 200 in 2.6s (next.js: 45ms, proxy.ts: 25ms, application-code: 2.5s)
 GET /login?verified=true 200 in 2.5s (next.js: 209ms, proxy.ts: 14ms, application-code: 2.3s)
 GET /login 200 in 1248ms (next.js: 119ms, proxy.ts: 46ms, application-code: 1082ms)
 GET /login?verified=true 200 in 1200ms (next.js: 174ms, proxy.ts: 20ms, application-code: 1006ms)
 GET /login 200 in 1110ms (next.js: 67ms, proxy.ts: 31ms, application-code: 1011ms)
 GET /login?verified=true 200 in 1105ms (next.js: 148ms, proxy.ts: 29ms, application-code: 928ms)
 GET /login 200 in 1113ms (next.js: 34ms, proxy.ts: 22ms, application-code: 1057ms)
 GET /login?verified=true 200 in 1136ms (next.js: 121ms, proxy.ts: 19ms, application-code: 996ms)
 GET /login 200 in 1068ms (next.js: 60ms, proxy.ts: 23ms, application-code: 984ms)
 GET /login?verified=true 200 in 1140ms (next.js: 153ms, proxy.ts: 19ms, application-code: 968ms)
 GET /login?verified=true 200 in 1173ms (next.js: 41ms, proxy.ts: 33ms, application-code: 1099ms)
 GET /login 200 in 1230ms (next.js: 161ms, proxy.ts: 41ms, application-code: 1028ms)
 GET /login?verified=true 200 in 1247ms (next.js: 60ms, proxy.ts: 21ms, application-code: 1166ms)
 GET /login 200 in 1246ms (next.js: 141ms, proxy.ts: 24ms, application-code: 1081ms)
 GET /login 200 in 1246ms (next.js: 37ms, proxy.ts: 33ms, application-code: 1176ms)
 GET /login?verified=true 200 in 1270ms (next.js: 144ms, proxy.ts: 31ms, application-code: 1096ms)
 GET /login 200 in 1277ms (next.js: 54ms, proxy.ts: 25ms, application-code: 1198ms)
 GET /login?verified=true 200 in 1265ms (next.js: 162ms, proxy.ts: 19ms, application-code: 1084ms)
 GET /login 200 in 1043ms (next.js: 108ms, proxy.ts: 23ms, application-code: 913ms)
 GET /login?verified=true 200 in 999ms (next.js: 149ms, proxy.ts: 39ms, application-code: 811ms)
 GET /login 200 in 704ms (next.js: 65ms, proxy.ts: 21ms, application-code: 618ms)
 GET /login?verified=true 200 in 683ms (next.js: 152ms, proxy.ts: 28ms, application-code: 503ms)
 GET /login 200 in 789ms (next.js: 84ms, proxy.ts: 25ms, application-code: 680ms)
 GET /login?verified=true 200 in 763ms (next.js: 141ms, proxy.ts: 21ms, application-code: 600ms)
 GET /login?verified=true 200 in 1003ms (next.js: 110ms, proxy.ts: 28ms, application-code: 865ms)
 GET /login 200 in 1038ms (next.js: 269ms, proxy.ts: 27ms, application-code: 742ms)
 GET /login?verified=true 200 in 1215ms (next.js: 37ms, proxy.ts: 26ms, application-code: 1152ms)
 GET /login 200 in 1209ms (next.js: 101ms, proxy.ts: 9ms, application-code: 1100ms)
 GET /login?verified=true 200 in 1208ms (next.js: 37ms, proxy.ts: 15ms, application-code: 1155ms)
 GET /login 200 in 1205ms (next.js: 106ms, proxy.ts: 12ms, application-code: 1087ms)
 GET /login 200 in 1319ms (next.js: 55ms, proxy.ts: 29ms, application-code: 1235ms)
 GET /login?verified=true 200 in 1352ms (next.js: 535ms, proxy.ts: 29ms, application-code: 787ms)
 GET /login 200 in 889ms (next.js: 47ms, proxy.ts: 20ms, application-code: 822ms)
 GET /login?verified=true 200 in 888ms (next.js: 119ms, proxy.ts: 20ms, application-code: 748ms)
 GET /login 200 in 920ms (next.js: 38ms, proxy.ts: 19ms, application-code: 863ms)
 GET /login?verified=true 200 in 934ms (next.js: 111ms, proxy.ts: 20ms, application-code: 803ms)
 GET /login 200 in 1057ms (next.js: 42ms, proxy.ts: 20ms, application-code: 995ms)
 GET /login?verified=true 200 in 1054ms (next.js: 116ms, proxy.ts: 15ms, application-code: 923ms)
 GET /login 200 in 1046ms (next.js: 54ms, proxy.ts: 20ms, application-code: 972ms)
 GET /login?verified=true 200 in 1037ms (next.js: 105ms, proxy.ts: 19ms, application-code: 914ms)
 GET /login 200 in 1009ms (next.js: 46ms, proxy.ts: 20ms, application-code: 943ms)
 GET /login?verified=true 200 in 1005ms (next.js: 140ms, proxy.ts: 15ms, application-code: 850ms)
 GET /login 200 in 1003ms (next.js: 82ms, proxy.ts: 21ms, application-code: 900ms)
 GET /login?verified=true 200 in 982ms (next.js: 158ms, proxy.ts: 22ms, application-code: 803ms)
 GET /login?verified=true 200 in 886ms (next.js: 56ms, proxy.ts: 37ms, application-code: 794ms)
 GET /login 200 in 909ms (next.js: 128ms, proxy.ts: 40ms, application-code: 740ms)
 GET /login?verified=true 200 in 849ms (next.js: 34ms, proxy.ts: 18ms, application-code: 796ms)
 GET /login 200 in 844ms (next.js: 86ms, proxy.ts: 14ms, application-code: 744ms)
 GET /login?verified=true 200 in 856ms (next.js: 57ms, proxy.ts: 19ms, application-code: 780ms)
 GET /login 200 in 846ms (next.js: 108ms, proxy.ts: 23ms, application-code: 715ms)
 GET /login?verified=true 200 in 958ms (next.js: 57ms, proxy.ts: 24ms, application-code: 877ms)
 GET /login 200 in 975ms (next.js: 114ms, proxy.ts: 19ms, application-code: 841ms)
 GET /login?verified=true 200 in 1206ms (next.js: 45ms, proxy.ts: 22ms, application-code: 1139ms)
 GET /login 200 in 1214ms (next.js: 92ms, proxy.ts: 18ms, application-code: 1103ms)
 GET /login?verified=true 200 in 1913ms (next.js: 42ms, proxy.ts: 14ms, application-code: 1857ms)
 GET /login 200 in 1905ms (next.js: 101ms, proxy.ts: 15ms, application-code: 1789ms)
 GET /login?verified=true 200 in 2.0s (next.js: 39ms, proxy.ts: 15ms, application-code: 1949ms)
 GET /login 200 in 1996ms (next.js: 137ms, proxy.ts: 15ms, application-code: 1845ms)
 GET /login 200 in 2.2s (next.js: 946ms, proxy.ts: 22ms, application-code: 1230ms)
 GET /login?verified=true 200 in 2.3s (next.js: 1188ms, proxy.ts: 31ms, application-code: 1038ms)
 GET /login 200 in 1194ms (next.js: 56ms, proxy.ts: 84ms, application-code: 1054ms)
 GET /login?verified=true 200 in 1123ms (next.js: 150ms, proxy.ts: 19ms, application-code: 954ms)
 GET /login 200 in 1109ms (next.js: 51ms, proxy.ts: 20ms, application-code: 1038ms)
 GET /login?verified=true 200 in 1100ms (next.js: 148ms, proxy.ts: 17ms, application-code: 936ms)
 GET /login 200 in 1043ms (next.js: 46ms, proxy.ts: 21ms, application-code: 976ms)
 GET /login?verified=true 200 in 1029ms (next.js: 133ms, proxy.ts: 16ms, application-code: 880ms)
 GET /login 200 in 970ms (next.js: 51ms, proxy.ts: 21ms, application-code: 898ms)
 GET /login?verified=true 200 in 961ms (next.js: 144ms, proxy.ts: 19ms, application-code: 799ms)
 GET /login 200 in 924ms (next.js: 46ms, proxy.ts: 23ms, application-code: 855ms)
 GET /login?verified=true 200 in 916ms (next.js: 131ms, proxy.ts: 18ms, application-code: 767ms)
 GET /login 200 in 1015ms (next.js: 67ms, proxy.ts: 20ms, application-code: 928ms)
 GET /login?verified=true 200 in 1032ms (next.js: 102ms, proxy.ts: 41ms, application-code: 889ms)
 GET /login?verified=true 200 in 819ms (next.js: 90ms, proxy.ts: 14ms, application-code: 716ms)
 GET /login 200 in 840ms (next.js: 49ms, proxy.ts: 18ms, application-code: 773ms)
 GET /login 200 in 647ms (next.js: 44ms, proxy.ts: 21ms, application-code: 582ms)
 GET /login?verified=true 200 in 646ms (next.js: 108ms, proxy.ts: 24ms, application-code: 513ms)
 GET /login 200 in 421ms (next.js: 48ms, proxy.ts: 24ms, application-code: 349ms)
 GET /login?verified=true 200 in 419ms (next.js: 143ms, proxy.ts: 26ms, application-code: 250ms)
 GET /login 200 in 1182ms (next.js: 217ms, proxy.ts: 108ms, application-code: 857ms)
 GET /login?verified=true 200 in 1137ms (next.js: 64ms, proxy.ts: 65ms, application-code: 1008ms)
 GET /login?verified=true 200 in 939ms (next.js: 36ms, proxy.ts: 17ms, application-code: 886ms)
 GET /login 200 in 941ms (next.js: 97ms, proxy.ts: 18ms, application-code: 826ms)
 GET /login?verified=true 200 in 916ms (next.js: 65ms, proxy.ts: 27ms, application-code: 825ms)
 GET /login 200 in 928ms (next.js: 130ms, proxy.ts: 27ms, application-code: 771ms)
 GET /login?verified=true 200 in 865ms (next.js: 93ms, proxy.ts: 36ms, application-code: 736ms)
 GET /login 200 in 824ms (next.js: 142ms, proxy.ts: 22ms, application-code: 660ms)
 GET /login?verified=true 200 in 778ms (next.js: 27ms, proxy.ts: 25ms, application-code: 727ms)
 GET /login 200 in 787ms (next.js: 96ms, proxy.ts: 23ms, application-code: 669ms)
 GET /login?verified=true 200 in 832ms (next.js: 37ms, proxy.ts: 20ms, application-code: 775ms)
 GET /login 200 in 824ms (next.js: 91ms, proxy.ts: 14ms, application-code: 719ms)
 GET /login?verified=true 200 in 838ms (next.js: 37ms, proxy.ts: 17ms, application-code: 784ms)
 GET /login 200 in 834ms (next.js: 90ms, proxy.ts: 13ms, application-code: 730ms)
 GET /login?verified=true 200 in 834ms (next.js: 36ms, proxy.ts: 16ms, application-code: 782ms)
 GET /login 200 in 827ms (next.js: 87ms, proxy.ts: 15ms, application-code: 725ms)
 GET /login?verified=true 200 in 824ms (next.js: 74ms, proxy.ts: 22ms, application-code: 727ms)
 GET /login 200 in 811ms (next.js: 153ms, proxy.ts: 16ms, application-code: 642ms)
 GET /login?verified=true 200 in 755ms (next.js: 47ms, proxy.ts: 18ms, application-code: 691ms)
 GET /login 200 in 753ms (next.js: 104ms, proxy.ts: 17ms, application-code: 632ms)
 GET /login?verified=true 200 in 748ms (next.js: 39ms, proxy.ts: 14ms, application-code: 696ms)
 GET /login 200 in 752ms (next.js: 96ms, proxy.ts: 12ms, application-code: 645ms)
 GET /login 200 in 877ms (next.js: 96ms, proxy.ts: 14ms, application-code: 767ms)
 GET /login?verified=true 200 in 895ms (next.js: 49ms, proxy.ts: 15ms, application-code: 831ms)
 GET /login?verified=true 200 in 901ms (next.js: 35ms, proxy.ts: 19ms, application-code: 847ms)
 GET /login 200 in 912ms (next.js: 94ms, proxy.ts: 19ms, application-code: 800ms)
 GET /login?verified=true 200 in 915ms (next.js: 35ms, proxy.ts: 17ms, application-code: 863ms)
 GET /login 200 in 913ms (next.js: 90ms, proxy.ts: 14ms, application-code: 809ms)
 GET /login?verified=true 200 in 947ms (next.js: 47ms, proxy.ts: 22ms, application-code: 878ms)
 GET /login 200 in 944ms (next.js: 118ms, proxy.ts: 17ms, application-code: 809ms)
 GET /login?verified=true 200 in 928ms (next.js: 46ms, proxy.ts: 25ms, application-code: 856ms)
 GET /login 200 in 925ms (next.js: 99ms, proxy.ts: 19ms, application-code: 808ms)
 GET /login 200 in 973ms (next.js: 30ms, proxy.ts: 18ms, application-code: 925ms)
 GET /login?verified=true 200 in 1002ms (next.js: 130ms, proxy.ts: 18ms, application-code: 853ms)
 GET /login 200 in 817ms (next.js: 37ms, proxy.ts: 19ms, application-code: 762ms)
 GET /login?verified=true 200 in 866ms (next.js: 110ms, proxy.ts: 15ms, application-code: 741ms)
 GET /login 200 in 809ms (next.js: 45ms, proxy.ts: 22ms, application-code: 742ms)
 GET /login?verified=true 200 in 863ms (next.js: 134ms, proxy.ts: 17ms, application-code: 712ms)
 GET /login 200 in 741ms (next.js: 50ms, proxy.ts: 28ms, application-code: 663ms)
 GET /login?verified=true 200 in 858ms (next.js: 149ms, proxy.ts: 19ms, application-code: 690ms)
 GET /login?verified=true 200 in 818ms (next.js: 34ms, proxy.ts: 15ms, application-code: 770ms)
 GET /login 200 in 851ms (next.js: 118ms, proxy.ts: 20ms, application-code: 714ms)
 GET /login?verified=true 200 in 858ms (next.js: 69ms, proxy.ts: 13ms, application-code: 775ms)
 GET /login 200 in 828ms (next.js: 100ms, proxy.ts: 14ms, application-code: 714ms)
 GET /login?verified=true 200 in 821ms (next.js: 43ms, proxy.ts: 20ms, application-code: 758ms)
 GET /login 200 in 814ms (next.js: 98ms, proxy.ts: 16ms, application-code: 700ms)
 GET /login?verified=true 200 in 814ms (next.js: 34ms, proxy.ts: 19ms, application-code: 761ms)
 GET /login 200 in 804ms (next.js: 103ms, proxy.ts: 11ms, application-code: 689ms)
 GET /login?verified=true 200 in 821ms (next.js: 39ms, proxy.ts: 17ms, application-code: 765ms)
 GET /login 200 in 816ms (next.js: 107ms, proxy.ts: 15ms, application-code: 694ms)
 GET /login?verified=true 200 in 797ms (next.js: 43ms, proxy.ts: 13ms, application-code: 741ms)
 GET /login 200 in 796ms (next.js: 100ms, proxy.ts: 18ms, application-code: 678ms)
 GET /login?verified=true 200 in 798ms (next.js: 39ms, proxy.ts: 16ms, application-code: 744ms)
 GET /login 200 in 796ms (next.js: 99ms, proxy.ts: 15ms, application-code: 682ms)
 GET /login?verified=true 200 in 835ms (next.js: 64ms, proxy.ts: 17ms, application-code: 754ms)
 GET /login 200 in 830ms (next.js: 119ms, proxy.ts: 14ms, application-code: 697ms)
 GET /login?verified=true 200 in 820ms (next.js: 37ms, proxy.ts: 25ms, application-code: 759ms)
 GET /login 200 in 807ms (next.js: 93ms, proxy.ts: 14ms, application-code: 700ms)
 GET /login?verified=true 200 in 815ms (next.js: 46ms, proxy.ts: 20ms, application-code: 750ms)
 GET /login 200 in 809ms (next.js: 97ms, proxy.ts: 17ms, application-code: 696ms)
 GET /login?verified=true 200 in 859ms (next.js: 49ms, proxy.ts: 18ms, application-code: 792ms)
 GET /login 200 in 850ms (next.js: 116ms, proxy.ts: 17ms, application-code: 717ms)
 GET /login?verified=true 200 in 841ms (next.js: 45ms, proxy.ts: 17ms, application-code: 779ms)
 GET /login 200 in 833ms (next.js: 90ms, proxy.ts: 18ms, application-code: 725ms)
 GET /login?verified=true 200 in 846ms (next.js: 43ms, proxy.ts: 17ms, application-code: 786ms)
 GET /login 200 in 837ms (next.js: 100ms, proxy.ts: 15ms, application-code: 723ms)
 GET /login?verified=true 200 in 890ms (next.js: 44ms, proxy.ts: 16ms, application-code: 830ms)
 GET /login 200 in 888ms (next.js: 97ms, proxy.ts: 16ms, application-code: 776ms)
 GET /login?verified=true 200 in 914ms (next.js: 37ms, proxy.ts: 17ms, application-code: 860ms)
 GET /login 200 in 912ms (next.js: 112ms, proxy.ts: 14ms, application-code: 786ms)
 GET /login?verified=true 200 in 924ms (next.js: 44ms, proxy.ts: 15ms, application-code: 865ms)
 GET /login 200 in 922ms (next.js: 114ms, proxy.ts: 15ms, application-code: 792ms)
 GET /login?verified=true 200 in 1014ms (next.js: 40ms, proxy.ts: 16ms, application-code: 958ms)
 GET /login 200 in 1011ms (next.js: 97ms, proxy.ts: 15ms, application-code: 899ms)
 GET /login?verified=true 200 in 1001ms (next.js: 45ms, proxy.ts: 23ms, application-code: 933ms)
 GET /login 200 in 995ms (next.js: 128ms, proxy.ts: 21ms, application-code: 847ms)
 GET /login?verified=true 200 in 982ms (next.js: 49ms, proxy.ts: 20ms, application-code: 914ms)
 GET /login 200 in 972ms (next.js: 111ms, proxy.ts: 21ms, application-code: 840ms)
 GET /login?verified=true 200 in 966ms (next.js: 47ms, proxy.ts: 16ms, application-code: 903ms)
 GET /login 200 in 964ms (next.js: 146ms, proxy.ts: 16ms, application-code: 802ms)
 GET /login?verified=true 200 in 942ms (next.js: 80ms, proxy.ts: 20ms, application-code: 842ms)
 GET /login 200 in 905ms (next.js: 106ms, proxy.ts: 20ms, application-code: 779ms)
 GET /login?verified=true 200 in 934ms (next.js: 48ms, proxy.ts: 17ms, application-code: 869ms)
 GET /login 200 in 930ms (next.js: 127ms, proxy.ts: 17ms, application-code: 785ms)
 GET /login?verified=true 200 in 910ms (next.js: 43ms, proxy.ts: 17ms, application-code: 850ms)
 GET /login 200 in 931ms (next.js: 100ms, proxy.ts: 15ms, application-code: 815ms)
 GET /login?verified=true 200 in 979ms (next.js: 41ms, proxy.ts: 25ms, application-code: 914ms)
 GET /login 200 in 969ms (next.js: 105ms, proxy.ts: 15ms, application-code: 849ms)
 GET /login?verified=true 200 in 1042ms (next.js: 51ms, proxy.ts: 27ms, application-code: 965ms)
 GET /login 200 in 1034ms (next.js: 116ms, proxy.ts: 19ms, application-code: 899ms)
 GET /login?verified=true 200 in 852ms (next.js: 48ms, proxy.ts: 20ms, application-code: 784ms)
 GET /login 200 in 833ms (next.js: 110ms, proxy.ts: 20ms, application-code: 704ms)
 GET /login?verified=true 200 in 644ms (next.js: 84ms, proxy.ts: 17ms, application-code: 543ms)
 GET /login 200 in 628ms (next.js: 134ms, proxy.ts: 16ms, application-code: 478ms)
 GET /login 200 in 665ms (next.js: 34ms, proxy.ts: 27ms, application-code: 603ms)
 GET /login?verified=true 200 in 677ms (next.js: 162ms, proxy.ts: 24ms, application-code: 491ms)
 GET /login 200 in 1283ms (next.js: 89ms, proxy.ts: 30ms, application-code: 1163ms)
 GET /login?verified=true 200 in 1266ms (next.js: 170ms, proxy.ts: 21ms, application-code: 1074ms)
 GET /login 200 in 1257ms (next.js: 59ms, proxy.ts: 19ms, application-code: 1179ms)
 GET /login?verified=true 200 in 1249ms (next.js: 152ms, proxy.ts: 17ms, application-code: 1080ms)
 GET /login 200 in 1179ms (next.js: 61ms, proxy.ts: 30ms, application-code: 1088ms)
 GET /login?verified=true 200 in 1161ms (next.js: 138ms, proxy.ts: 23ms, application-code: 999ms)
 GET /login 200 in 1115ms (next.js: 66ms, proxy.ts: 31ms, application-code: 1018ms)
 GET /login?verified=true 200 in 1100ms (next.js: 156ms, proxy.ts: 30ms, application-code: 914ms)
 GET /login 200 in 1024ms (next.js: 73ms, proxy.ts: 16ms, application-code: 935ms)
 GET /login?verified=true 200 in 1020ms (next.js: 193ms, proxy.ts: 18ms, application-code: 808ms)
 GET /login 200 in 961ms (next.js: 49ms, proxy.ts: 26ms, application-code: 886ms)
 GET /login?verified=true 200 in 948ms (next.js: 100ms, proxy.ts: 19ms, application-code: 829ms)
 GET /login 200 in 972ms (next.js: 41ms, proxy.ts: 20ms, application-code: 911ms)
 GET /login?verified=true 200 in 960ms (next.js: 100ms, proxy.ts: 13ms, application-code: 847ms)
 GET /login 200 in 976ms (next.js: 57ms, proxy.ts: 21ms, application-code: 898ms)
 GET /login?verified=true 200 in 967ms (next.js: 123ms, proxy.ts: 22ms, application-code: 821ms)
 GET /login 200 in 968ms (next.js: 55ms, proxy.ts: 19ms, application-code: 895ms)
 GET /login?verified=true 200 in 965ms (next.js: 118ms, proxy.ts: 21ms, application-code: 825ms)
 GET /login 200 in 976ms (next.js: 47ms, proxy.ts: 17ms, application-code: 911ms)
 GET /login?verified=true 200 in 968ms (next.js: 126ms, proxy.ts: 16ms, application-code: 826ms)
 GET /login 200 in 957ms (next.js: 47ms, proxy.ts: 20ms, application-code: 891ms)
 GET /login?verified=true 200 in 951ms (next.js: 107ms, proxy.ts: 17ms, application-code: 827ms)
 GET /login?verified=true 200 in 906ms (next.js: 113ms, proxy.ts: 15ms, application-code: 778ms)
 GET /login 200 in 929ms (next.js: 53ms, proxy.ts: 18ms, application-code: 858ms)
 GET /login 200 in 896ms (next.js: 51ms, proxy.ts: 27ms, application-code: 818ms)
 GET /login?verified=true 200 in 894ms (next.js: 135ms, proxy.ts: 28ms, application-code: 731ms)
 GET /login 200 in 877ms (next.js: 32ms, proxy.ts: 25ms, application-code: 820ms)
 GET /login?verified=true 200 in 882ms (next.js: 129ms, proxy.ts: 21ms, application-code: 732ms)
 GET /login 200 in 895ms (next.js: 38ms, proxy.ts: 21ms, application-code: 836ms)
 GET /login?verified=true 200 in 886ms (next.js: 89ms, proxy.ts: 14ms, application-code: 783ms)
 GET /login 200 in 920ms (next.js: 41ms, proxy.ts: 18ms, application-code: 861ms)
 GET /login?verified=true 200 in 916ms (next.js: 100ms, proxy.ts: 17ms, application-code: 799ms)
 GET /login 200 in 952ms (next.js: 44ms, proxy.ts: 18ms, application-code: 890ms)
 GET /login?verified=true 200 in 947ms (next.js: 107ms, proxy.ts: 18ms, application-code: 822ms)
 GET /login 200 in 799ms (next.js: 69ms, proxy.ts: 19ms, application-code: 712ms)
 GET /login?verified=true 200 in 753ms (next.js: 106ms, proxy.ts: 15ms, application-code: 632ms)
 GET /login 200 in 750ms (next.js: 49ms, proxy.ts: 22ms, application-code: 679ms)
 GET /login?verified=true 200 in 734ms (next.js: 123ms, proxy.ts: 23ms, application-code: 588ms)
 GET /login 200 in 743ms (next.js: 41ms, proxy.ts: 20ms, application-code: 682ms)
 GET /login?verified=true 200 in 724ms (next.js: 131ms, proxy.ts: 12ms, application-code: 581ms)
 GET /login?verified=true 200 in 1092ms (next.js: 144ms, proxy.ts: 15ms, application-code: 932ms)
 GET /login 200 in 1120ms (next.js: 100ms, proxy.ts: 23ms, application-code: 997ms)
 GET /login 200 in 1059ms (next.js: 46ms, proxy.ts: 20ms, application-code: 993ms)
 GET /login?verified=true 200 in 1058ms (next.js: 109ms, proxy.ts: 22ms, application-code: 927ms)
 GET /login?verified=true 200 in 1048ms (next.js: 33ms, proxy.ts: 25ms, application-code: 990ms)
 GET /login 200 in 1064ms (next.js: 198ms, proxy.ts: 27ms, application-code: 839ms)
 GET /login?verified=true 200 in 971ms (next.js: 84ms, proxy.ts: 23ms, application-code: 865ms)
 GET /login 200 in 961ms (next.js: 169ms, proxy.ts: 13ms, application-code: 780ms)
 GET /login?verified=true 200 in 889ms (next.js: 47ms, proxy.ts: 19ms, application-code: 823ms)
 GET /login 200 in 885ms (next.js: 99ms, proxy.ts: 24ms, application-code: 762ms)
 GET /login?verified=true 200 in 897ms (next.js: 41ms, proxy.ts: 18ms, application-code: 838ms)
 GET /login 200 in 891ms (next.js: 99ms, proxy.ts: 19ms, application-code: 774ms)
 GET /login?verified=true 200 in 956ms (next.js: 43ms, proxy.ts: 17ms, application-code: 896ms)
 GET /login 200 in 959ms (next.js: 148ms, proxy.ts: 16ms, application-code: 796ms)
 GET /login?verified=true 200 in 929ms (next.js: 52ms, proxy.ts: 16ms, application-code: 862ms)
 GET /login 200 in 915ms (next.js: 103ms, proxy.ts: 17ms, application-code: 794ms)
 GET /login?verified=true 200 in 958ms (next.js: 33ms, proxy.ts: 22ms, application-code: 902ms)
 GET /login 200 in 972ms (next.js: 132ms, proxy.ts: 22ms, application-code: 817ms)
 GET /login?verified=true 200 in 933ms (next.js: 63ms, proxy.ts: 17ms, application-code: 853ms)
 GET /login 200 in 932ms (next.js: 131ms, proxy.ts: 15ms, application-code: 787ms)
 GET /login?verified=true 200 in 822ms (next.js: 39ms, proxy.ts: 23ms, application-code: 760ms)
 GET /login 200 in 874ms (next.js: 115ms, proxy.ts: 15ms, application-code: 743ms)
 GET /login?verified=true 200 in 871ms (next.js: 50ms, proxy.ts: 17ms, application-code: 804ms)
 GET /login 200 in 971ms (next.js: 126ms, proxy.ts: 19ms, application-code: 826ms)
 GET /login 200 in 978ms (next.js: 37ms, proxy.ts: 17ms, application-code: 924ms)
 GET /login?verified=true 200 in 1183ms (next.js: 135ms, proxy.ts: 27ms, application-code: 1021ms)
 GET /login 200 in 1249ms (next.js: 52ms, proxy.ts: 84ms, application-code: 1113ms)
 GET /login?verified=true 200 in 1186ms (next.js: 114ms, proxy.ts: 17ms, application-code: 1055ms)
 GET /login 200 in 1787ms (next.js: 51ms, proxy.ts: 78ms, application-code: 1658ms)
 GET /login?verified=true 200 in 1873ms (next.js: 166ms, proxy.ts: 15ms, application-code: 1693ms)
 GET /login 200 in 1974ms (next.js: 53ms, proxy.ts: 118ms, application-code: 1803ms)
 GET /login?verified=true 200 in 1867ms (next.js: 231ms, proxy.ts: 9ms, application-code: 1628ms)
 GET /login 200 in 1963ms (next.js: 833ms, proxy.ts: 60ms, application-code: 1069ms)
 GET /login?verified=true 200 in 1910ms (next.js: 677ms, proxy.ts: 346ms, application-code: 887ms)
 GET /login 200 in 985ms (next.js: 53ms, proxy.ts: 24ms, application-code: 908ms)
 GET /login?verified=true 200 in 981ms (next.js: 150ms, proxy.ts: 20ms, application-code: 811ms)
 GET /login 200 in 893ms (next.js: 52ms, proxy.ts: 25ms, application-code: 816ms)
 GET /login?verified=true 200 in 882ms (next.js: 103ms, proxy.ts: 19ms, application-code: 760ms)
 GET /login 200 in 828ms (next.js: 79ms, proxy.ts: 19ms, application-code: 730ms)
 GET /login?verified=true 200 in 893ms (next.js: 102ms, proxy.ts: 23ms, application-code: 767ms)
 GET /login 200 in 957ms (next.js: 51ms, proxy.ts: 23ms, application-code: 883ms)
 GET /login?verified=true 200 in 934ms (next.js: 119ms, proxy.ts: 14ms, application-code: 801ms)
 GET /login?verified=true 200 in 979ms (next.js: 35ms, proxy.ts: 29ms, application-code: 915ms)
 GET /login 200 in 1013ms (next.js: 126ms, proxy.ts: 25ms, application-code: 863ms)
 GET /login?verified=true 200 in 1055ms (next.js: 41ms, proxy.ts: 75ms, application-code: 939ms)
 GET /login 200 in 1007ms (next.js: 119ms, proxy.ts: 14ms, application-code: 875ms)
 GET /login?verified=true 200 in 1178ms (next.js: 69ms, proxy.ts: 117ms, application-code: 991ms)
 GET /login 200 in 1069ms (next.js: 148ms, proxy.ts: 23ms, application-code: 898ms)
 GET /login?verified=true 200 in 1117ms (next.js: 78ms, proxy.ts: 74ms, application-code: 965ms)
 GET /login 200 in 1062ms (next.js: 136ms, proxy.ts: 17ms, application-code: 909ms)
 GET /login?verified=true 200 in 1124ms (next.js: 58ms, proxy.ts: 96ms, application-code: 970ms)
 GET /login 200 in 1040ms (next.js: 101ms, proxy.ts: 23ms, application-code: 915ms)
 GET /login?verified=true 200 in 1133ms (next.js: 69ms, proxy.ts: 95ms, application-code: 969ms)
 GET /login 200 in 1051ms (next.js: 174ms, proxy.ts: 24ms, application-code: 854ms)
 GET /login?verified=true 200 in 1059ms (next.js: 54ms, proxy.ts: 121ms, application-code: 884ms)
 GET /login 200 in 948ms (next.js: 127ms, proxy.ts: 18ms, application-code: 802ms)
 GET /login?verified=true 200 in 993ms (next.js: 58ms, proxy.ts: 92ms, application-code: 843ms)
 GET /login 200 in 909ms (next.js: 136ms, proxy.ts: 24ms, application-code: 749ms)
 GET /login?verified=true 200 in 929ms (next.js: 52ms, proxy.ts: 82ms, application-code: 795ms)
 GET /login 200 in 857ms (next.js: 119ms, proxy.ts: 18ms, application-code: 720ms)
 GET /login?verified=true 200 in 913ms (next.js: 51ms, proxy.ts: 92ms, application-code: 769ms)
 GET /login 200 in 832ms (next.js: 123ms, proxy.ts: 20ms, application-code: 689ms)
 GET /login?verified=true 200 in 881ms (next.js: 47ms, proxy.ts: 70ms, application-code: 764ms)
 GET /login 200 in 820ms (next.js: 108ms, proxy.ts: 17ms, application-code: 696ms)
 GET /login?verified=true 200 in 889ms (next.js: 42ms, proxy.ts: 71ms, application-code: 775ms)
 GET /login 200 in 827ms (next.js: 101ms, proxy.ts: 14ms, application-code: 713ms)
 GET /login?verified=true 200 in 946ms (next.js: 45ms, proxy.ts: 73ms, application-code: 828ms)
 GET /login 200 in 896ms (next.js: 111ms, proxy.ts: 17ms, application-code: 768ms)
 GET /login?verified=true 200 in 800ms (next.js: 47ms, proxy.ts: 80ms, application-code: 674ms)
 GET /login 200 in 721ms (next.js: 124ms, proxy.ts: 16ms, application-code: 582ms)
 GET /login?verified=true 200 in 594ms (next.js: 54ms, proxy.ts: 67ms, application-code: 474ms)
 GET /login 200 in 518ms (next.js: 122ms, proxy.ts: 16ms, application-code: 380ms)
 GET /login?verified=true 200 in 391ms (next.js: 43ms, proxy.ts: 71ms, application-code: 277ms)
 GET /login 200 in 314ms (next.js: 107ms, proxy.ts: 14ms, application-code: 193ms)
 GET /login 200 in 1063ms (next.js: 203ms, proxy.ts: 27ms, application-code: 833ms)
 GET /login?verified=true 200 in 1199ms (next.js: 376ms, proxy.ts: 86ms, application-code: 738ms)
 GET /login?verified=true 200 in 905ms (next.js: 124ms, proxy.ts: 20ms, application-code: 761ms)
 GET /login 200 in 910ms (next.js: 40ms, proxy.ts: 19ms, application-code: 851ms)
 GET /login 200 in 911ms (next.js: 52ms, proxy.ts: 21ms, application-code: 838ms)
 GET /login?verified=true 200 in 907ms (next.js: 104ms, proxy.ts: 22ms, application-code: 782ms)
 GET /login 200 in 1055ms (next.js: 33ms, proxy.ts: 21ms, application-code: 1001ms)
 GET /login?verified=true 200 in 1063ms (next.js: 102ms, proxy.ts: 20ms, application-code: 941ms)
 GET /login 200 in 1045ms (next.js: 49ms, proxy.ts: 20ms, application-code: 976ms)
 GET /login?verified=true 200 in 1035ms (next.js: 111ms, proxy.ts: 20ms, application-code: 904ms)
 GET /login 200 in 982ms (next.js: 51ms, proxy.ts: 25ms, application-code: 905ms)
 GET /login?verified=true 200 in 970ms (next.js: 113ms, proxy.ts: 22ms, application-code: 835ms)
 GET /login 200 in 885ms (next.js: 192ms, proxy.ts: 20ms, application-code: 673ms)
 GET /login?verified=true 200 in 937ms (next.js: 193ms, proxy.ts: 79ms, application-code: 665ms)
 GET /login?verified=true 200 in 802ms (next.js: 94ms, proxy.ts: 12ms, application-code: 696ms)
 GET /login 200 in 823ms (next.js: 45ms, proxy.ts: 17ms, application-code: 761ms)
 GET /login?verified=true 200 in 863ms (next.js: 28ms, proxy.ts: 18ms, application-code: 817ms)
 GET /login 200 in 887ms (next.js: 110ms, proxy.ts: 18ms, application-code: 759ms)
 GET /login?verified=true 200 in 980ms (next.js: 44ms, proxy.ts: 79ms, application-code: 857ms)
 GET /login 200 in 914ms (next.js: 102ms, proxy.ts: 16ms, application-code: 796ms)
 GET /login?verified=true 200 in 987ms (next.js: 47ms, proxy.ts: 72ms, application-code: 869ms)
 GET /login 200 in 923ms (next.js: 121ms, proxy.ts: 17ms, application-code: 786ms)
 GET /login?verified=true 200 in 982ms (next.js: 52ms, proxy.ts: 79ms, application-code: 852ms)
 GET /login 200 in 915ms (next.js: 138ms, proxy.ts: 16ms, application-code: 761ms)
 GET /login?verified=true 200 in 990ms (next.js: 48ms, proxy.ts: 90ms, application-code: 852ms)
 GET /login 200 in 919ms (next.js: 135ms, proxy.ts: 17ms, application-code: 767ms)
 GET /login?verified=true 200 in 962ms (next.js: 44ms, proxy.ts: 83ms, application-code: 835ms)
 GET /login 200 in 892ms (next.js: 111ms, proxy.ts: 16ms, application-code: 764ms)
 GET /login?verified=true 200 in 950ms (next.js: 40ms, proxy.ts: 81ms, application-code: 829ms)
 GET /login 200 in 883ms (next.js: 111ms, proxy.ts: 14ms, application-code: 757ms)
 GET /login?verified=true 200 in 975ms (next.js: 50ms, proxy.ts: 81ms, application-code: 844ms)
 GET /login 200 in 905ms (next.js: 123ms, proxy.ts: 19ms, application-code: 763ms)
 GET /login?verified=true 200 in 949ms (next.js: 59ms, proxy.ts: 101ms, application-code: 789ms)
 GET /login 200 in 854ms (next.js: 122ms, proxy.ts: 21ms, application-code: 711ms)
 GET /login?verified=true 200 in 913ms (next.js: 48ms, proxy.ts: 65ms, application-code: 799ms)
 GET /login 200 in 859ms (next.js: 110ms, proxy.ts: 15ms, application-code: 735ms)
 GET /login?verified=true 200 in 941ms (next.js: 45ms, proxy.ts: 72ms, application-code: 824ms)
 GET /login 200 in 878ms (next.js: 133ms, proxy.ts: 16ms, application-code: 728ms)
 GET /login?verified=true 200 in 917ms (next.js: 46ms, proxy.ts: 84ms, application-code: 786ms)
 GET /login 200 in 848ms (next.js: 104ms, proxy.ts: 17ms, application-code: 727ms)
 GET /login?verified=true 200 in 918ms (next.js: 47ms, proxy.ts: 73ms, application-code: 798ms)
 GET /login 200 in 861ms (next.js: 120ms, proxy.ts: 16ms, application-code: 725ms)
 GET /login?verified=true 200 in 975ms (next.js: 48ms, proxy.ts: 75ms, application-code: 852ms)
 GET /login 200 in 956ms (next.js: 122ms, proxy.ts: 16ms, application-code: 818ms)
 GET /login?verified=true 200 in 1032ms (next.js: 44ms, proxy.ts: 76ms, application-code: 912ms)
 GET /login 200 in 969ms (next.js: 94ms, proxy.ts: 15ms, application-code: 860ms)
 GET /login?verified=true 200 in 1050ms (next.js: 51ms, proxy.ts: 82ms, application-code: 917ms)
 GET /login 200 in 978ms (next.js: 111ms, proxy.ts: 20ms, application-code: 847ms)
 GET /login?verified=true 200 in 1037ms (next.js: 55ms, proxy.ts: 74ms, application-code: 907ms)
 GET /login 200 in 981ms (next.js: 114ms, proxy.ts: 20ms, application-code: 846ms)
 GET /login?verified=true 200 in 1040ms (next.js: 96ms, proxy.ts: 137ms, application-code: 806ms)
 GET /login 200 in 878ms (next.js: 119ms, proxy.ts: 24ms, application-code: 734ms)
 GET /login?verified=true 200 in 949ms (next.js: 55ms, proxy.ts: 84ms, application-code: 811ms)
 GET /login 200 in 878ms (next.js: 105ms, proxy.ts: 20ms, application-code: 754ms)
 GET /login?verified=true 200 in 931ms (next.js: 56ms, proxy.ts: 77ms, application-code: 798ms)
 GET /login 200 in 894ms (next.js: 112ms, proxy.ts: 18ms, application-code: 764ms)
 GET /login?verified=true 200 in 1006ms (next.js: 55ms, proxy.ts: 75ms, application-code: 876ms)
 GET /login 200 in 951ms (next.js: 112ms, proxy.ts: 24ms, application-code: 816ms)
 GET /login?verified=true 200 in 1000ms (next.js: 43ms, proxy.ts: 79ms, application-code: 879ms)
 GET /login 200 in 935ms (next.js: 118ms, proxy.ts: 16ms, application-code: 801ms)
 GET /login?verified=true 200 in 985ms (next.js: 54ms, proxy.ts: 94ms, application-code: 838ms)
 GET /login 200 in 904ms (next.js: 104ms, proxy.ts: 18ms, application-code: 782ms)
 GET /login?verified=true 200 in 960ms (next.js: 73ms, proxy.ts: 74ms, application-code: 813ms)
 GET /login 200 in 898ms (next.js: 122ms, proxy.ts: 44ms, application-code: 732ms)
 GET /login?verified=true 200 in 942ms (next.js: 59ms, proxy.ts: 117ms, application-code: 767ms)
 GET /login 200 in 848ms (next.js: 111ms, proxy.ts: 22ms, application-code: 715ms)
 GET /login?verified=true 200 in 830ms (next.js: 41ms, proxy.ts: 72ms, application-code: 717ms)
 GET /login 200 in 912ms (next.js: 102ms, proxy.ts: 16ms, application-code: 794ms)
 GET /login?verified=true 200 in 936ms (next.js: 48ms, proxy.ts: 79ms, application-code: 810ms)
 GET /login 200 in 1117ms (next.js: 104ms, proxy.ts: 17ms, application-code: 997ms)
 GET /login?verified=true 200 in 1050ms (next.js: 45ms, proxy.ts: 72ms, application-code: 934ms)
 GET /login 200 in 1162ms (next.js: 103ms, proxy.ts: 16ms, application-code: 1044ms)
 GET /login 200 in 1350ms (next.js: 27ms, proxy.ts: 28ms, application-code: 1294ms)
 GET /login?verified=true 200 in 1479ms (next.js: 154ms, proxy.ts: 98ms, application-code: 1227ms)
 GET /login?verified=true 200 in 1101ms (next.js: 118ms, proxy.ts: 35ms, application-code: 948ms)
 GET /login 200 in 1123ms (next.js: 344ms, proxy.ts: 17ms, application-code: 762ms)
 GET /login?verified=true 200 in 705ms (next.js: 38ms, proxy.ts: 18ms, application-code: 649ms)
 GET /login 200 in 686ms (next.js: 96ms, proxy.ts: 11ms, application-code: 579ms)
 GET /login 200 in 451ms (next.js: 220ms, proxy.ts: 15ms, application-code: 217ms)
 GET /login?verified=true 200 in 485ms (next.js: 41ms, proxy.ts: 30ms, application-code: 414ms)
 GET /login 200 in 952ms (next.js: 51ms, proxy.ts: 15ms, application-code: 886ms)
 GET /login?verified=true 200 in 986ms (next.js: 132ms, proxy.ts: 31ms, application-code: 822ms)
 GET /login 200 in 983ms (next.js: 36ms, proxy.ts: 18ms, application-code: 930ms)
 GET /login?verified=true 200 in 982ms (next.js: 93ms, proxy.ts: 20ms, application-code: 870ms)
 GET /login?verified=true 200 in 1035ms (next.js: 98ms, proxy.ts: 22ms, application-code: 915ms)
 GET /login 200 in 1044ms (next.js: 39ms, proxy.ts: 23ms, application-code: 982ms)
 GET /login 200 in 1101ms (next.js: 37ms, proxy.ts: 21ms, application-code: 1044ms)
 GET /login?verified=true 200 in 1111ms (next.js: 162ms, proxy.ts: 19ms, application-code: 930ms)
 GET /login 200 in 1005ms (next.js: 42ms, proxy.ts: 24ms, application-code: 939ms)
 GET /login?verified=true 200 in 1004ms (next.js: 127ms, proxy.ts: 12ms, application-code: 866ms)
 GET /login 200 in 841ms (next.js: 38ms, proxy.ts: 20ms, application-code: 782ms)
 GET /login?verified=true 200 in 826ms (next.js: 119ms, proxy.ts: 13ms, application-code: 694ms)
 GET /login 200 in 644ms (next.js: 44ms, proxy.ts: 20ms, application-code: 579ms)
 GET /login?verified=true 200 in 627ms (next.js: 108ms, proxy.ts: 17ms, application-code: 502ms)
 GET /login 200 in 408ms (next.js: 50ms, proxy.ts: 28ms, application-code: 330ms)
 GET /login?verified=true 200 in 382ms (next.js: 116ms, proxy.ts: 21ms, application-code: 246ms)
 GET /login?verified=true 200 in 1337ms (next.js: 135ms, proxy.ts: 44ms, application-code: 1157ms)
 GET /login 200 in 1369ms (next.js: 281ms, proxy.ts: 20ms, application-code: 1069ms)
 GET /login?verified=true 200 in 1199ms (next.js: 81ms, proxy.ts: 48ms, application-code: 1070ms)
 GET /login 200 in 1157ms (next.js: 193ms, proxy.ts: 23ms, application-code: 941ms)
 GET /login?verified=true 200 in 1011ms (next.js: 50ms, proxy.ts: 52ms, application-code: 910ms)
 GET /login 200 in 974ms (next.js: 136ms, proxy.ts: 17ms, application-code: 821ms)
 GET /login?verified=true 200 in 1020ms (next.js: 47ms, proxy.ts: 20ms, application-code: 953ms)
 GET /login 200 in 1016ms (next.js: 119ms, proxy.ts: 20ms, application-code: 877ms)
 GET /login?verified=true 200 in 958ms (next.js: 46ms, proxy.ts: 18ms, application-code: 895ms)
 GET /login 200 in 947ms (next.js: 114ms, proxy.ts: 17ms, application-code: 816ms)
 GET /login?verified=true 200 in 748ms (next.js: 45ms, proxy.ts: 24ms, application-code: 678ms)
 GET /login 200 in 726ms (next.js: 99ms, proxy.ts: 17ms, application-code: 610ms)
 GET /login?verified=true 200 in 547ms (next.js: 51ms, proxy.ts: 19ms, application-code: 478ms)
 GET /login 200 in 529ms (next.js: 149ms, proxy.ts: 21ms, application-code: 359ms)
 GET /login?verified=true 200 in 3.2s (next.js: 1609ms, proxy.ts: 27ms, application-code: 1607ms)
 GET /login 200 in 3.2s (next.js: 1343ms, proxy.ts: 46ms, application-code: 1833ms)
 GET /login 200 in 1442ms (next.js: 60ms, proxy.ts: 116ms, application-code: 1267ms)
 GET /login?verified=true 200 in 1438ms (next.js: 152ms, proxy.ts: 120ms, application-code: 1166ms)
 GET /login?verified=true 200 in 1387ms (next.js: 263ms, proxy.ts: 28ms, application-code: 1097ms)
 GET /login 200 in 1408ms (next.js: 56ms, proxy.ts: 30ms, application-code: 1323ms)
 GET /login 200 in 1111ms (next.js: 60ms, proxy.ts: 33ms, application-code: 1017ms)
 GET /login?verified=true 200 in 1106ms (next.js: 155ms, proxy.ts: 35ms, application-code: 915ms)
 GET /login 200 in 1498ms (next.js: 48ms, proxy.ts: 38ms, application-code: 1412ms)
 GET /login?verified=true 200 in 1525ms (next.js: 189ms, proxy.ts: 31ms, application-code: 1304ms)
 GET /login 200 in 1491ms (next.js: 76ms, proxy.ts: 26ms, application-code: 1389ms)
 GET /login?verified=true 200 in 1510ms (next.js: 196ms, proxy.ts: 25ms, application-code: 1289ms)
 GET /login 200 in 1429ms (next.js: 46ms, proxy.ts: 22ms, application-code: 1361ms)
 GET /login?verified=true 200 in 1425ms (next.js: 113ms, proxy.ts: 15ms, application-code: 1297ms)
 GET /login 200 in 1089ms (next.js: 66ms, proxy.ts: 61ms, application-code: 962ms)
 GET /login?verified=true 200 in 1029ms (next.js: 193ms, proxy.ts: 22ms, application-code: 814ms)
 GET /login 200 in 997ms (next.js: 64ms, proxy.ts: 115ms, application-code: 818ms)
 GET /login?verified=true 200 in 884ms (next.js: 184ms, proxy.ts: 22ms, application-code: 678ms)
 GET /login 200 in 886ms (next.js: 109ms, proxy.ts: 139ms, application-code: 638ms)
 GET /login?verified=true 200 in 734ms (next.js: 120ms, proxy.ts: 56ms, application-code: 558ms)
 GET /login?verified=true 200 in 936ms (next.js: 36ms, proxy.ts: 26ms, application-code: 874ms)
 GET /login 200 in 953ms (next.js: 115ms, proxy.ts: 22ms, application-code: 816ms)
 GET /login?verified=true 200 in 951ms (next.js: 40ms, proxy.ts: 16ms, application-code: 895ms)
 GET /login 200 in 948ms (next.js: 96ms, proxy.ts: 13ms, application-code: 839ms)
 GET /login?verified=true 200 in 1243ms (next.js: 46ms, proxy.ts: 16ms, application-code: 1180ms)
 GET /login 200 in 1246ms (next.js: 99ms, proxy.ts: 17ms, application-code: 1130ms)
 GET /login?verified=true 200 in 1048ms (next.js: 67ms, proxy.ts: 32ms, application-code: 949ms)
 GET /login 200 in 1013ms (next.js: 150ms, proxy.ts: 23ms, application-code: 840ms)
 GET /login 200 in 753ms (next.js: 106ms, proxy.ts: 21ms, application-code: 626ms)
 GET /login?verified=true 200 in 778ms (next.js: 48ms, proxy.ts: 19ms, application-code: 710ms)
 GET /login?verified=true 200 in 566ms (next.js: 76ms, proxy.ts: 17ms, application-code: 472ms)
 GET /login 200 in 549ms (next.js: 250ms, proxy.ts: 17ms, application-code: 282ms)
 GET /login 200 in 1201ms (next.js: 65ms, proxy.ts: 23ms, application-code: 1113ms)
 GET /login?verified=true 200 in 1209ms (next.js: 181ms, proxy.ts: 23ms, application-code: 1004ms)
 GET /login 200 in 1049ms (next.js: 52ms, proxy.ts: 30ms, application-code: 966ms)
 GET /login?verified=true 200 in 1045ms (next.js: 157ms, proxy.ts: 29ms, application-code: 858ms)
 GET /login?verified=true 200 in 997ms (next.js: 148ms, proxy.ts: 30ms, application-code: 818ms)
 GET /login 200 in 1003ms (next.js: 56ms, proxy.ts: 29ms, application-code: 918ms)
 GET /login 200 in 962ms (next.js: 46ms, proxy.ts: 18ms, application-code: 897ms)
 GET /login?verified=true 200 in 1001ms (next.js: 111ms, proxy.ts: 18ms, application-code: 873ms)
 GET /login 200 in 787ms (next.js: 47ms, proxy.ts: 19ms, application-code: 721ms)
 GET /login?verified=true 200 in 768ms (next.js: 92ms, proxy.ts: 21ms, application-code: 655ms)
 GET /login?verified=true 200 in 582ms (next.js: 121ms, proxy.ts: 18ms, application-code: 444ms)
 GET /login 200 in 601ms (next.js: 50ms, proxy.ts: 17ms, application-code: 535ms)
 GET /login 200 in 385ms (next.js: 80ms, proxy.ts: 18ms, application-code: 286ms)
 GET /login?verified=true 200 in 338ms (next.js: 108ms, proxy.ts: 26ms, application-code: 204ms)
 GET /login?verified=true 200 in 1043ms (next.js: 159ms, proxy.ts: 49ms, application-code: 835ms)
 GET /login 200 in 1102ms (next.js: 301ms, proxy.ts: 55ms, application-code: 746ms)
 GET /login?verified=true 200 in 855ms (next.js: 35ms, proxy.ts: 22ms, application-code: 799ms)
 GET /login 200 in 854ms (next.js: 92ms, proxy.ts: 21ms, application-code: 741ms)
 GET /login?verified=true 200 in 948ms (next.js: 30ms, proxy.ts: 18ms, application-code: 900ms)
 GET /login 200 in 960ms (next.js: 118ms, proxy.ts: 18ms, application-code: 824ms)
 GET /login?verified=true 200 in 923ms (next.js: 42ms, proxy.ts: 19ms, application-code: 862ms)
 GET /login 200 in 912ms (next.js: 105ms, proxy.ts: 10ms, application-code: 797ms)
 GET /login?verified=true 200 in 992ms (next.js: 45ms, proxy.ts: 17ms, application-code: 929ms)
 GET /login 200 in 987ms (next.js: 105ms, proxy.ts: 17ms, application-code: 865ms)
 GET /login?verified=true 200 in 1010ms (next.js: 80ms, proxy.ts: 17ms, application-code: 913ms)
 GET /login 200 in 1000ms (next.js: 154ms, proxy.ts: 20ms, application-code: 826ms)
 GET /login?verified=true 200 in 933ms (next.js: 45ms, proxy.ts: 19ms, application-code: 870ms)
 GET /login 200 in 926ms (next.js: 108ms, proxy.ts: 16ms, application-code: 802ms)
 GET /login?verified=true 200 in 971ms (next.js: 50ms, proxy.ts: 19ms, application-code: 903ms)
 GET /login 200 in 963ms (next.js: 125ms, proxy.ts: 18ms, application-code: 821ms)
 GET /login?verified=true 200 in 975ms (next.js: 48ms, proxy.ts: 21ms, application-code: 906ms)
 GET /login 200 in 968ms (next.js: 113ms, proxy.ts: 18ms, application-code: 838ms)
 GET /login?verified=true 200 in 1002ms (next.js: 44ms, proxy.ts: 18ms, application-code: 940ms)
 GET /login 200 in 1007ms (next.js: 104ms, proxy.ts: 15ms, application-code: 888ms)
 GET /login?verified=true 200 in 1118ms (next.js: 44ms, proxy.ts: 17ms, application-code: 1057ms)
 GET /login 200 in 1107ms (next.js: 141ms, proxy.ts: 15ms, application-code: 951ms)
 GET /login?verified=true 200 in 1093ms (next.js: 43ms, proxy.ts: 18ms, application-code: 1032ms)
 GET /login 200 in 1089ms (next.js: 116ms, proxy.ts: 14ms, application-code: 960ms)
 GET /login?verified=true 200 in 1022ms (next.js: 44ms, proxy.ts: 19ms, application-code: 960ms)
 GET /login 200 in 1019ms (next.js: 99ms, proxy.ts: 18ms, application-code: 902ms)
 GET /login?verified=true 200 in 999ms (next.js: 69ms, proxy.ts: 22ms, application-code: 908ms)
 GET /login 200 in 991ms (next.js: 166ms, proxy.ts: 26ms, application-code: 799ms)
 GET /login 200 in 912ms (next.js: 123ms, proxy.ts: 14ms, application-code: 775ms)
 GET /login?verified=true 200 in 938ms (next.js: 52ms, proxy.ts: 23ms, application-code: 862ms)
 GET /login?verified=true 200 in 900ms (next.js: 44ms, proxy.ts: 23ms, application-code: 833ms)
 GET /login 200 in 914ms (next.js: 106ms, proxy.ts: 27ms, application-code: 781ms)
 GET /login?verified=true 200 in 936ms (next.js: 41ms, proxy.ts: 19ms, application-code: 876ms)
 GET /login 200 in 934ms (next.js: 113ms, proxy.ts: 14ms, application-code: 808ms)
 GET /login?verified=true 200 in 945ms (next.js: 43ms, proxy.ts: 22ms, application-code: 881ms)
 GET /login 200 in 930ms (next.js: 111ms, proxy.ts: 13ms, application-code: 806ms)
 GET /login?verified=true 200 in 947ms (next.js: 82ms, proxy.ts: 17ms, application-code: 848ms)
 GET /login 200 in 909ms (next.js: 104ms, proxy.ts: 28ms, application-code: 778ms)
 GET /login?verified=true 200 in 905ms (next.js: 58ms, proxy.ts: 17ms, application-code: 830ms)
 GET /login 200 in 905ms (next.js: 140ms, proxy.ts: 18ms, application-code: 747ms)
 GET /login?verified=true 200 in 857ms (next.js: 48ms, proxy.ts: 18ms, application-code: 791ms)
 GET /login 200 in 859ms (next.js: 115ms, proxy.ts: 16ms, application-code: 727ms)
 GET /login?verified=true 200 in 904ms (next.js: 44ms, proxy.ts: 19ms, application-code: 841ms)
 GET /login 200 in 903ms (next.js: 107ms, proxy.ts: 16ms, application-code: 780ms)
 GET /login?verified=true 200 in 914ms (next.js: 52ms, proxy.ts: 17ms, application-code: 845ms)
 GET /login 200 in 898ms (next.js: 103ms, proxy.ts: 15ms, application-code: 780ms)
 GET /login?verified=true 200 in 908ms (next.js: 43ms, proxy.ts: 21ms, application-code: 844ms)
 GET /login 200 in 923ms (next.js: 104ms, proxy.ts: 23ms, application-code: 796ms)
 GET /login?verified=true 200 in 918ms (next.js: 90ms, proxy.ts: 19ms, application-code: 809ms)
 GET /login 200 in 915ms (next.js: 162ms, proxy.ts: 16ms, application-code: 737ms)
 GET /login?verified=true 200 in 879ms (next.js: 56ms, proxy.ts: 23ms, application-code: 799ms)
 GET /login 200 in 855ms (next.js: 104ms, proxy.ts: 18ms, application-code: 734ms)
 GET /login?verified=true 200 in 892ms (next.js: 33ms, proxy.ts: 24ms, application-code: 836ms)
 GET /login 200 in 902ms (next.js: 111ms, proxy.ts: 25ms, application-code: 766ms)
 GET /login?verified=true 200 in 894ms (next.js: 38ms, proxy.ts: 30ms, application-code: 826ms)
 GET /login 200 in 881ms (next.js: 102ms, proxy.ts: 15ms, application-code: 764ms)
 GET /login?verified=true 200 in 882ms (next.js: 43ms, proxy.ts: 22ms, application-code: 817ms)
 GET /login 200 in 879ms (next.js: 107ms, proxy.ts: 16ms, application-code: 756ms)
 GET /login?verified=true 200 in 882ms (next.js: 48ms, proxy.ts: 19ms, application-code: 814ms)
 GET /login 200 in 876ms (next.js: 135ms, proxy.ts: 19ms, application-code: 722ms)
 GET /login 200 in 832ms (next.js: 30ms, proxy.ts: 16ms, application-code: 786ms)
 GET /login?verified=true 200 in 865ms (next.js: 116ms, proxy.ts: 19ms, application-code: 730ms)
 GET /login 200 in 875ms (next.js: 38ms, proxy.ts: 17ms, application-code: 820ms)
 GET /login?verified=true 200 in 867ms (next.js: 99ms, proxy.ts: 14ms, application-code: 754ms)
 GET /login 200 in 906ms (next.js: 49ms, proxy.ts: 22ms, application-code: 835ms)
 GET /login?verified=true 200 in 899ms (next.js: 106ms, proxy.ts: 19ms, application-code: 774ms)
 GET /login 200 in 972ms (next.js: 36ms, proxy.ts: 19ms, application-code: 917ms)
 GET /login?verified=true 200 in 966ms (next.js: 94ms, proxy.ts: 14ms, application-code: 858ms)
 GET /login 200 in 983ms (next.js: 46ms, proxy.ts: 19ms, application-code: 917ms)
 GET /login?verified=true 200 in 975ms (next.js: 141ms, proxy.ts: 16ms, application-code: 818ms)
 GET /login 200 in 974ms (next.js: 43ms, proxy.ts: 21ms, application-code: 910ms)
 GET /login?verified=true 200 in 968ms (next.js: 106ms, proxy.ts: 15ms, application-code: 846ms)
 GET /login 200 in 937ms (next.js: 54ms, proxy.ts: 20ms, application-code: 862ms)
 GET /login?verified=true 200 in 932ms (next.js: 123ms, proxy.ts: 19ms, application-code: 790ms)
 GET /login 200 in 906ms (next.js: 79ms, proxy.ts: 16ms, application-code: 812ms)
 GET /login?verified=true 200 in 874ms (next.js: 101ms, proxy.ts: 24ms, application-code: 749ms)
 GET /login 200 in 864ms (next.js: 44ms, proxy.ts: 22ms, application-code: 798ms)
 GET /login?verified=true 200 in 856ms (next.js: 112ms, proxy.ts: 13ms, application-code: 732ms)
 GET /login?verified=true 200 in 818ms (next.js: 33ms, proxy.ts: 19ms, application-code: 765ms)
 GET /login 200 in 859ms (next.js: 130ms, proxy.ts: 25ms, application-code: 704ms)
 GET /login?verified=true 200 in 892ms (next.js: 44ms, proxy.ts: 21ms, application-code: 827ms)
 GET /login 200 in 912ms (next.js: 102ms, proxy.ts: 18ms, application-code: 792ms)
 GET /login?verified=true 200 in 937ms (next.js: 39ms, proxy.ts: 17ms, application-code: 882ms)
 GET /login 200 in 932ms (next.js: 97ms, proxy.ts: 14ms, application-code: 820ms)
 GET /login?verified=true 200 in 950ms (next.js: 42ms, proxy.ts: 19ms, application-code: 889ms)
 GET /login 200 in 945ms (next.js: 99ms, proxy.ts: 16ms, application-code: 829ms)
 GET /login?verified=true 200 in 959ms (next.js: 69ms, proxy.ts: 17ms, application-code: 873ms)
 GET /login 200 in 953ms (next.js: 134ms, proxy.ts: 15ms, application-code: 804ms)
 GET /login?verified=true 200 in 939ms (next.js: 81ms, proxy.ts: 31ms, application-code: 827ms)
 GET /login 200 in 919ms (next.js: 111ms, proxy.ts: 50ms, application-code: 759ms)
 GET /login?verified=true 200 in 891ms (next.js: 38ms, proxy.ts: 18ms, application-code: 835ms)
 GET /login 200 in 888ms (next.js: 107ms, proxy.ts: 12ms, application-code: 769ms)
 GET /login?verified=true 200 in 954ms (next.js: 44ms, proxy.ts: 15ms, application-code: 895ms)
 GET /login 200 in 952ms (next.js: 101ms, proxy.ts: 17ms, application-code: 835ms)
 GET /login?verified=true 200 in 967ms (next.js: 45ms, proxy.ts: 22ms, application-code: 900ms)
 GET /login 200 in 956ms (next.js: 103ms, proxy.ts: 16ms, application-code: 837ms)
 GET /login?verified=true 200 in 963ms (next.js: 44ms, proxy.ts: 18ms, application-code: 901ms)
 GET /login 200 in 956ms (next.js: 115ms, proxy.ts: 16ms, application-code: 825ms)
 GET /login?verified=true 200 in 948ms (next.js: 56ms, proxy.ts: 21ms, application-code: 871ms)
 GET /login 200 in 939ms (next.js: 123ms, proxy.ts: 26ms, application-code: 790ms)
 GET /login?verified=true 200 in 950ms (next.js: 44ms, proxy.ts: 19ms, application-code: 887ms)
 GET /login 200 in 943ms (next.js: 115ms, proxy.ts: 16ms, application-code: 812ms)
 GET /login?verified=true 200 in 946ms (next.js: 42ms, proxy.ts: 17ms, application-code: 887ms)
 GET /login 200 in 940ms (next.js: 111ms, proxy.ts: 16ms, application-code: 813ms)
 GET /login?verified=true 200 in 973ms (next.js: 45ms, proxy.ts: 19ms, application-code: 910ms)
 GET /login 200 in 967ms (next.js: 116ms, proxy.ts: 16ms, application-code: 835ms)
 GET /login?verified=true 200 in 995ms (next.js: 42ms, proxy.ts: 17ms, application-code: 936ms)
 GET /login 200 in 991ms (next.js: 130ms, proxy.ts: 15ms, application-code: 846ms)
 GET /login?verified=true 200 in 976ms (next.js: 49ms, proxy.ts: 20ms, application-code: 907ms)
 GET /login 200 in 970ms (next.js: 120ms, proxy.ts: 20ms, application-code: 830ms)
 GET /login?verified=true 200 in 794ms (next.js: 44ms, proxy.ts: 17ms, application-code: 733ms)
 GET /login 200 in 779ms (next.js: 105ms, proxy.ts: 15ms, application-code: 659ms)
 GET /login?verified=true 200 in 606ms (next.js: 86ms, proxy.ts: 17ms, application-code: 503ms)
 GET /login 200 in 565ms (next.js: 122ms, proxy.ts: 33ms, application-code: 410ms)
 GET /login?verified=true 200 in 333ms (next.js: 52ms, proxy.ts: 18ms, application-code: 264ms)
 GET /login 200 in 317ms (next.js: 126ms, proxy.ts: 18ms, application-code: 173ms)
 GET /login 200 in 1730ms (next.js: 66ms, proxy.ts: 18ms, application-code: 1647ms)
 GET /login?verified=true 200 in 1871ms (next.js: 201ms, proxy.ts: 22ms, application-code: 1648ms)
 GET /login 200 in 1774ms (next.js: 65ms, proxy.ts: 18ms, application-code: 1690ms)
 GET /login?verified=true 200 in 1889ms (next.js: 552ms, proxy.ts: 21ms, application-code: 1316ms)
 GET /login 200 in 1441ms (next.js: 57ms, proxy.ts: 22ms, application-code: 1362ms)
 GET /login?verified=true 200 in 1605ms (next.js: 246ms, proxy.ts: 21ms, application-code: 1338ms)
 GET /login 200 in 1503ms (next.js: 92ms, proxy.ts: 37ms, application-code: 1374ms)
 GET /login?verified=true 200 in 1497ms (next.js: 175ms, proxy.ts: 28ms, application-code: 1294ms)
 GET /login 200 in 1608ms (next.js: 102ms, proxy.ts: 127ms, application-code: 1379ms)
 GET /login?verified=true 200 in 1554ms (next.js: 201ms, proxy.ts: 25ms, application-code: 1328ms)
 GET /login 200 in 1388ms (next.js: 73ms, proxy.ts: 139ms, application-code: 1176ms)
 GET /login?verified=true 200 in 1267ms (next.js: 221ms, proxy.ts: 29ms, application-code: 1017ms)
 GET /login 200 in 1041ms (next.js: 56ms, proxy.ts: 198ms, application-code: 788ms)
 GET /login?verified=true 200 in 831ms (next.js: 158ms, proxy.ts: 20ms, application-code: 654ms)
 GET /login 200 in 676ms (next.js: 109ms, proxy.ts: 133ms, application-code: 435ms)
 GET /login?verified=true 200 in 523ms (next.js: 169ms, proxy.ts: 55ms, application-code: 299ms)
 GET /login 200 in 2.6s (next.js: 1262ms, proxy.ts: 132ms, application-code: 1255ms)
 GET /login?verified=true 200 in 2.5s (next.js: 1382ms, proxy.ts: 30ms, application-code: 1091ms)
 GET /login?verified=true 200 in 1194ms (next.js: 147ms, proxy.ts: 104ms, application-code: 943ms)
 GET /login 200 in 1199ms (next.js: 53ms, proxy.ts: 101ms, application-code: 1045ms)
 GET /login 200 in 1126ms (next.js: 48ms, proxy.ts: 33ms, application-code: 1045ms)
 GET /login?verified=true 200 in 1126ms (next.js: 113ms, proxy.ts: 36ms, application-code: 976ms)
 GET /login 200 in 1115ms (next.js: 45ms, proxy.ts: 25ms, application-code: 1045ms)
 GET /login?verified=true 200 in 1114ms (next.js: 136ms, proxy.ts: 28ms, application-code: 950ms)
 GET /login?verified=true 200 in 1098ms (next.js: 46ms, proxy.ts: 26ms, application-code: 1026ms)
 GET /login 200 in 1096ms (next.js: 134ms, proxy.ts: 29ms, application-code: 934ms)
 GET /login 200 in 1033ms (next.js: 195ms, proxy.ts: 29ms, application-code: 809ms)
 GET /login?verified=true 200 in 1041ms (next.js: 53ms, proxy.ts: 27ms, application-code: 961ms)
 GET /login 200 in 907ms (next.js: 31ms, proxy.ts: 25ms, application-code: 850ms)
 GET /login?verified=true 200 in 954ms (next.js: 128ms, proxy.ts: 55ms, application-code: 771ms)
 GET /login 200 in 925ms (next.js: 48ms, proxy.ts: 19ms, application-code: 859ms)
 GET /login?verified=true 200 in 950ms (next.js: 132ms, proxy.ts: 18ms, application-code: 800ms)
 GET /login 200 in 729ms (next.js: 39ms, proxy.ts: 19ms, application-code: 670ms)
 GET /login?verified=true 200 in 710ms (next.js: 109ms, proxy.ts: 13ms, application-code: 587ms)
 GET /login 200 in 526ms (next.js: 47ms, proxy.ts: 20ms, application-code: 459ms)
 GET /login?verified=true 200 in 506ms (next.js: 98ms, proxy.ts: 19ms, application-code: 389ms)
 GET /login 200 in 332ms (next.js: 42ms, proxy.ts: 16ms, application-code: 274ms)
 GET /login?verified=true 200 in 316ms (next.js: 101ms, proxy.ts: 15ms, application-code: 200ms)
 GET /login 200 in 1107ms (next.js: 252ms, proxy.ts: 23ms, application-code: 832ms)
 GET /login?verified=true 200 in 1049ms (next.js: 279ms, proxy.ts: 51ms, application-code: 720ms)
 GET /login 200 in 847ms (next.js: 79ms, proxy.ts: 15ms, application-code: 753ms)
 GET /login?verified=true 200 in 847ms (next.js: 131ms, proxy.ts: 16ms, application-code: 699ms)
 GET /login 200 in 887ms (next.js: 40ms, proxy.ts: 22ms, application-code: 826ms)
 GET /login?verified=true 200 in 900ms (next.js: 101ms, proxy.ts: 21ms, application-code: 777ms)
 GET /login?verified=true 200 in 893ms (next.js: 106ms, proxy.ts: 11ms, application-code: 776ms)
 GET /login 200 in 920ms (next.js: 54ms, proxy.ts: 19ms, application-code: 847ms)
 GET /login 200 in 954ms (next.js: 30ms, proxy.ts: 20ms, application-code: 904ms)
 GET /login?verified=true 200 in 967ms (next.js: 97ms, proxy.ts: 19ms, application-code: 850ms)
 GET /login 200 in 956ms (next.js: 58ms, proxy.ts: 34ms, application-code: 864ms)
 GET /login?verified=true 200 in 933ms (next.js: 158ms, proxy.ts: 21ms, application-code: 754ms)
 GET /login 200 in 882ms (next.js: 39ms, proxy.ts: 19ms, application-code: 824ms)
 GET /login?verified=true 200 in 873ms (next.js: 97ms, proxy.ts: 15ms, application-code: 761ms)
 GET /login 200 in 901ms (next.js: 84ms, proxy.ts: 17ms, application-code: 800ms)
 GET /login?verified=true 200 in 891ms (next.js: 144ms, proxy.ts: 19ms, application-code: 728ms)
 GET /login 200 in 839ms (next.js: 50ms, proxy.ts: 23ms, application-code: 766ms)
 GET /login?verified=true 200 in 824ms (next.js: 98ms, proxy.ts: 19ms, application-code: 707ms)
 GET /login 200 in 816ms (next.js: 43ms, proxy.ts: 21ms, application-code: 752ms)
 GET /login?verified=true 200 in 803ms (next.js: 109ms, proxy.ts: 15ms, application-code: 678ms)
 GET /login 200 in 827ms (next.js: 43ms, proxy.ts: 16ms, application-code: 768ms)
 GET /login?verified=true 200 in 818ms (next.js: 101ms, proxy.ts: 14ms, application-code: 703ms)
 GET /login 200 in 809ms (next.js: 42ms, proxy.ts: 18ms, application-code: 749ms)
 GET /login?verified=true 200 in 800ms (next.js: 100ms, proxy.ts: 13ms, application-code: 686ms)
 GET /login 200 in 838ms (next.js: 38ms, proxy.ts: 15ms, application-code: 785ms)
 GET /login?verified=true 200 in 839ms (next.js: 89ms, proxy.ts: 16ms, application-code: 734ms)
 GET /login 200 in 694ms (next.js: 45ms, proxy.ts: 17ms, application-code: 631ms)
 GET /login?verified=true 200 in 689ms (next.js: 95ms, proxy.ts: 15ms, application-code: 579ms)
 GET /login 200 in 672ms (next.js: 39ms, proxy.ts: 16ms, application-code: 617ms)
 GET /login?verified=true 200 in 661ms (next.js: 97ms, proxy.ts: 14ms, application-code: 550ms)
 GET /login 200 in 664ms (next.js: 49ms, proxy.ts: 17ms, application-code: 598ms)
 GET /login?verified=true 200 in 652ms (next.js: 88ms, proxy.ts: 13ms, application-code: 550ms)
 GET /login 200 in 856ms (next.js: 119ms, proxy.ts: 33ms, application-code: 705ms)
 GET /login?verified=true 200 in 858ms (next.js: 52ms, proxy.ts: 34ms, application-code: 772ms)
 GET /login?verified=true 200 in 813ms (next.js: 37ms, proxy.ts: 16ms, application-code: 759ms)
 GET /login 200 in 819ms (next.js: 101ms, proxy.ts: 16ms, application-code: 702ms)
 GET /login?verified=true 200 in 874ms (next.js: 39ms, proxy.ts: 23ms, application-code: 812ms)
 GET /login 200 in 860ms (next.js: 96ms, proxy.ts: 11ms, application-code: 752ms)
 GET /login?verified=true 200 in 872ms (next.js: 36ms, proxy.ts: 18ms, application-code: 818ms)
 GET /login 200 in 866ms (next.js: 103ms, proxy.ts: 12ms, application-code: 750ms)
 GET /login?verified=true 200 in 862ms (next.js: 71ms, proxy.ts: 16ms, application-code: 775ms)
 GET /login 200 in 827ms (next.js: 95ms, proxy.ts: 18ms, application-code: 714ms)
 GET /login?verified=true 200 in 831ms (next.js: 39ms, proxy.ts: 16ms, application-code: 777ms)
 GET /login 200 in 828ms (next.js: 147ms, proxy.ts: 14ms, application-code: 667ms)
 GET /login?verified=true 200 in 800ms (next.js: 42ms, proxy.ts: 17ms, application-code: 740ms)
 GET /login 200 in 794ms (next.js: 97ms, proxy.ts: 14ms, application-code: 683ms)
 GET /login?verified=true 200 in 856ms (next.js: 41ms, proxy.ts: 17ms, application-code: 798ms)
 GET /login 200 in 851ms (next.js: 99ms, proxy.ts: 15ms, application-code: 737ms)
 GET /login?verified=true 200 in 857ms (next.js: 45ms, proxy.ts: 17ms, application-code: 796ms)
 GET /login 200 in 850ms (next.js: 100ms, proxy.ts: 16ms, application-code: 735ms)
 GET /login?verified=true 200 in 855ms (next.js: 46ms, proxy.ts: 16ms, application-code: 793ms)
 GET /login 200 in 844ms (next.js: 110ms, proxy.ts: 13ms, application-code: 720ms)
 GET /login?verified=true 200 in 834ms (next.js: 69ms, proxy.ts: 16ms, application-code: 749ms)
 GET /login 200 in 830ms (next.js: 132ms, proxy.ts: 14ms, application-code: 684ms)
 GET /login?verified=true 200 in 783ms (next.js: 41ms, proxy.ts: 14ms, application-code: 728ms)
 GET /login 200 in 778ms (next.js: 91ms, proxy.ts: 15ms, application-code: 672ms)
 GET /login?verified=true 200 in 786ms (next.js: 37ms, proxy.ts: 18ms, application-code: 731ms)
 GET /login 200 in 781ms (next.js: 89ms, proxy.ts: 15ms, application-code: 677ms)
 GET /login?verified=true 200 in 871ms (next.js: 42ms, proxy.ts: 19ms, application-code: 810ms)
 GET /login 200 in 865ms (next.js: 99ms, proxy.ts: 15ms, application-code: 752ms)
 GET /login?verified=true 200 in 867ms (next.js: 42ms, proxy.ts: 11ms, application-code: 814ms)
 GET /login 200 in 862ms (next.js: 93ms, proxy.ts: 13ms, application-code: 756ms)
 GET /login?verified=true 200 in 897ms (next.js: 45ms, proxy.ts: 26ms, application-code: 827ms)
 GET /login 200 in 884ms (next.js: 96ms, proxy.ts: 19ms, application-code: 769ms)
 GET /login?verified=true 200 in 898ms (next.js: 43ms, proxy.ts: 25ms, application-code: 829ms)
 GET /login 200 in 885ms (next.js: 142ms, proxy.ts: 13ms, application-code: 730ms)
 GET /login?verified=true 200 in 832ms (next.js: 39ms, proxy.ts: 15ms, application-code: 778ms)
 GET /login 200 in 830ms (next.js: 93ms, proxy.ts: 14ms, application-code: 722ms)
 GET /login?verified=true 200 in 878ms (next.js: 44ms, proxy.ts: 19ms, application-code: 815ms)
 GET /login 200 in 878ms (next.js: 112ms, proxy.ts: 15ms, application-code: 751ms)
 GET /login?verified=true 200 in 1017ms (next.js: 42ms, proxy.ts: 23ms, application-code: 952ms)
 GET /login 200 in 1033ms (next.js: 104ms, proxy.ts: 15ms, application-code: 915ms)
 GET /login?verified=true 200 in 867ms (next.js: 40ms, proxy.ts: 16ms, application-code: 812ms)
 GET /login 200 in 853ms (next.js: 114ms, proxy.ts: 15ms, application-code: 725ms)
 GET /login?verified=true 200 in 668ms (next.js: 43ms, proxy.ts: 20ms, application-code: 606ms)
 GET /login 200 in 649ms (next.js: 131ms, proxy.ts: 16ms, application-code: 502ms)
 GET /login?verified=true 200 in 447ms (next.js: 51ms, proxy.ts: 18ms, application-code: 377ms)
 GET /login 200 in 428ms (next.js: 101ms, proxy.ts: 20ms, application-code: 307ms)
 GET /login?verified=true 200 in 1363ms (next.js: 527ms, proxy.ts: 58ms, application-code: 777ms)
 GET /login 200 in 1232ms (next.js: 249ms, proxy.ts: 57ms, application-code: 925ms)
 GET /login 200 in 915ms (next.js: 30ms, proxy.ts: 20ms, application-code: 865ms)
 GET /login?verified=true 200 in 917ms (next.js: 140ms, proxy.ts: 22ms, application-code: 755ms)
 GET /login 200 in 900ms (next.js: 38ms, proxy.ts: 16ms, application-code: 846ms)
 GET /login?verified=true 200 in 898ms (next.js: 219ms, proxy.ts: 11ms, application-code: 668ms)
 GET /login 200 in 958ms (next.js: 83ms, proxy.ts: 19ms, application-code: 855ms)
 GET /login?verified=true 200 in 913ms (next.js: 95ms, proxy.ts: 19ms, application-code: 799ms)
 GET /login 200 in 918ms (next.js: 43ms, proxy.ts: 23ms, application-code: 852ms)
 GET /login?verified=true 200 in 916ms (next.js: 103ms, proxy.ts: 22ms, application-code: 791ms)
 GET /login 200 in 910ms (next.js: 37ms, proxy.ts: 26ms, application-code: 847ms)
 GET /login?verified=true 200 in 921ms (next.js: 149ms, proxy.ts: 25ms, application-code: 747ms)
 GET /login 200 in 873ms (next.js: 74ms, proxy.ts: 18ms, application-code: 781ms)
 GET /login?verified=true 200 in 867ms (next.js: 135ms, proxy.ts: 16ms, application-code: 716ms)
 GET /login 200 in 887ms (next.js: 44ms, proxy.ts: 18ms, application-code: 825ms)
 GET /login?verified=true 200 in 882ms (next.js: 101ms, proxy.ts: 17ms, application-code: 764ms)
 GET /login 200 in 890ms (next.js: 44ms, proxy.ts: 17ms, application-code: 829ms)
 GET /login?verified=true 200 in 888ms (next.js: 98ms, proxy.ts: 17ms, application-code: 774ms)
 GET /login 200 in 935ms (next.js: 49ms, proxy.ts: 18ms, application-code: 867ms)
 GET /login?verified=true 200 in 926ms (next.js: 107ms, proxy.ts: 17ms, application-code: 802ms)
 GET /login 200 in 933ms (next.js: 44ms, proxy.ts: 17ms, application-code: 873ms)
 GET /login?verified=true 200 in 929ms (next.js: 150ms, proxy.ts: 18ms, application-code: 762ms)
 GET /login 200 in 911ms (next.js: 38ms, proxy.ts: 16ms, application-code: 857ms)
 GET /login?verified=true 200 in 908ms (next.js: 106ms, proxy.ts: 11ms, application-code: 791ms)
 GET /login 200 in 939ms (next.js: 50ms, proxy.ts: 17ms, application-code: 873ms)
 GET /login?verified=true 200 in 937ms (next.js: 113ms, proxy.ts: 17ms, application-code: 808ms)
 GET /login 200 in 917ms (next.js: 36ms, proxy.ts: 16ms, application-code: 865ms)
 GET /login?verified=true 200 in 918ms (next.js: 103ms, proxy.ts: 11ms, application-code: 804ms)
 GET /login 200 in 966ms (next.js: 50ms, proxy.ts: 20ms, application-code: 896ms)
 GET /login?verified=true 200 in 964ms (next.js: 120ms, proxy.ts: 18ms, application-code: 825ms)
 GET /login?verified=true 200 in 1021ms (next.js: 37ms, proxy.ts: 16ms, application-code: 968ms)
 GET /login 200 in 1061ms (next.js: 158ms, proxy.ts: 19ms, application-code: 884ms)
 GET /login?verified=true 200 in 1066ms (next.js: 41ms, proxy.ts: 27ms, application-code: 998ms)
 GET /login 200 in 1055ms (next.js: 117ms, proxy.ts: 15ms, application-code: 923ms)
 GET /login?verified=true 200 in 1066ms (next.js: 47ms, proxy.ts: 24ms, application-code: 994ms)
 GET /login 200 in 1050ms (next.js: 119ms, proxy.ts: 16ms, application-code: 915ms)
 GET /login?verified=true 200 in 1032ms (next.js: 48ms, proxy.ts: 21ms, application-code: 963ms)
 GET /login 200 in 1023ms (next.js: 130ms, proxy.ts: 19ms, application-code: 874ms)
 GET /login?verified=true 200 in 994ms (next.js: 93ms, proxy.ts: 20ms, application-code: 881ms)
 GET /login 200 in 950ms (next.js: 133ms, proxy.ts: 27ms, application-code: 789ms)
 GET /login?verified=true 200 in 912ms (next.js: 47ms, proxy.ts: 21ms, application-code: 845ms)
 GET /login 200 in 903ms (next.js: 119ms, proxy.ts: 18ms, application-code: 767ms)
 GET /login?verified=true 200 in 954ms (next.js: 43ms, proxy.ts: 16ms, application-code: 895ms)
 GET /login 200 in 949ms (next.js: 111ms, proxy.ts: 14ms, application-code: 824ms)
 GET /login?verified=true 200 in 1011ms (next.js: 44ms, proxy.ts: 17ms, application-code: 950ms)
 GET /login 200 in 1004ms (next.js: 106ms, proxy.ts: 16ms, application-code: 881ms)
 GET /login?verified=true 200 in 1015ms (next.js: 43ms, proxy.ts: 20ms, application-code: 953ms)
 GET /login 200 in 1010ms (next.js: 117ms, proxy.ts: 16ms, application-code: 877ms)
 GET /login?verified=true 200 in 1004ms (next.js: 42ms, proxy.ts: 21ms, application-code: 941ms)
 GET /login 200 in 992ms (next.js: 144ms, proxy.ts: 17ms, application-code: 831ms)
 GET /login?verified=true 200 in 992ms (next.js: 76ms, proxy.ts: 25ms, application-code: 891ms)
 GET /login 200 in 975ms (next.js: 165ms, proxy.ts: 18ms, application-code: 792ms)
 GET /login?verified=true 200 in 916ms (next.js: 49ms, proxy.ts: 17ms, application-code: 850ms)
 GET /login 200 in 915ms (next.js: 112ms, proxy.ts: 17ms, application-code: 786ms)
 GET /login?verified=true 200 in 903ms (next.js: 49ms, proxy.ts: 20ms, application-code: 834ms)
 GET /login 200 in 893ms (next.js: 114ms, proxy.ts: 18ms, application-code: 761ms)
 GET /login?verified=true 200 in 953ms (next.js: 48ms, proxy.ts: 17ms, application-code: 888ms)
 GET /login 200 in 946ms (next.js: 105ms, proxy.ts: 16ms, application-code: 825ms)
 GET /login?verified=true 200 in 911ms (next.js: 39ms, proxy.ts: 33ms, application-code: 839ms)
 GET /login 200 in 891ms (next.js: 101ms, proxy.ts: 14ms, application-code: 776ms)
 GET /login?verified=true 200 in 936ms (next.js: 49ms, proxy.ts: 21ms, application-code: 867ms)
 GET /login 200 in 926ms (next.js: 94ms, proxy.ts: 22ms, application-code: 809ms)
 GET /login?verified=true 200 in 914ms (next.js: 39ms, proxy.ts: 21ms, application-code: 854ms)
 GET /login 200 in 908ms (next.js: 121ms, proxy.ts: 13ms, application-code: 774ms)
 GET /login?verified=true 200 in 855ms (next.js: 41ms, proxy.ts: 21ms, application-code: 793ms)
 GET /login 200 in 854ms (next.js: 108ms, proxy.ts: 15ms, application-code: 731ms)
 GET /login?verified=true 200 in 924ms (next.js: 55ms, proxy.ts: 10ms, application-code: 858ms)
 GET /login 200 in 914ms (next.js: 110ms, proxy.ts: 16ms, application-code: 788ms)
 GET /login?verified=true 200 in 1022ms (next.js: 36ms, proxy.ts: 19ms, application-code: 968ms)
 GET /login 200 in 1023ms (next.js: 85ms, proxy.ts: 20ms, application-code: 919ms)
 GET /login?verified=true 200 in 1089ms (next.js: 40ms, proxy.ts: 23ms, application-code: 1025ms)
 GET /login 200 in 1101ms (next.js: 105ms, proxy.ts: 25ms, application-code: 971ms)
 GET /login?verified=true 200 in 1089ms (next.js: 62ms, proxy.ts: 21ms, application-code: 1005ms)
 GET /login 200 in 1068ms (next.js: 144ms, proxy.ts: 18ms, application-code: 907ms)
 GET /login?verified=true 200 in 1041ms (next.js: 46ms, proxy.ts: 27ms, application-code: 968ms)
 GET /login 200 in 1050ms (next.js: 166ms, proxy.ts: 28ms, application-code: 857ms)
 GET /login?verified=true 200 in 951ms (next.js: 64ms, proxy.ts: 71ms, application-code: 815ms)
 GET /login 200 in 891ms (next.js: 121ms, proxy.ts: 23ms, application-code: 747ms)
 GET /login?verified=true 200 in 921ms (next.js: 38ms, proxy.ts: 19ms, application-code: 864ms)
 GET /login 200 in 916ms (next.js: 98ms, proxy.ts: 15ms, application-code: 803ms)
 GET /login?verified=true 200 in 966ms (next.js: 40ms, proxy.ts: 16ms, application-code: 910ms)
 GET /login 200 in 999ms (next.js: 107ms, proxy.ts: 17ms, application-code: 875ms)
 GET /login?verified=true 200 in 1004ms (next.js: 39ms, proxy.ts: 19ms, application-code: 947ms)
 GET /login 200 in 1000ms (next.js: 106ms, proxy.ts: 17ms, application-code: 877ms)
 GET /login?verified=true 200 in 1013ms (next.js: 44ms, proxy.ts: 19ms, application-code: 949ms)
 GET /login 200 in 1006ms (next.js: 127ms, proxy.ts: 16ms, application-code: 863ms)
 GET /login?verified=true 200 in 979ms (next.js: 57ms, proxy.ts: 28ms, application-code: 894ms)
 GET /login 200 in 964ms (next.js: 135ms, proxy.ts: 26ms, application-code: 803ms)
 GET /login?verified=true 200 in 971ms (next.js: 79ms, proxy.ts: 20ms, application-code: 872ms)
 GET /login 200 in 961ms (next.js: 149ms, proxy.ts: 15ms, application-code: 797ms)
 GET /login?verified=true 200 in 909ms (next.js: 45ms, proxy.ts: 18ms, application-code: 847ms)
 GET /login 200 in 912ms (next.js: 107ms, proxy.ts: 16ms, application-code: 789ms)
 GET /login?verified=true 200 in 913ms (next.js: 44ms, proxy.ts: 22ms, application-code: 847ms)
 GET /login 200 in 903ms (next.js: 99ms, proxy.ts: 20ms, application-code: 784ms)
 GET /login?verified=true 200 in 944ms (next.js: 48ms, proxy.ts: 20ms, application-code: 876ms)
 GET /login 200 in 940ms (next.js: 123ms, proxy.ts: 22ms, application-code: 796ms)
 GET /login?verified=true 200 in 892ms (next.js: 36ms, proxy.ts: 17ms, application-code: 839ms)
 GET /login 200 in 889ms (next.js: 99ms, proxy.ts: 14ms, application-code: 776ms)
 GET /login?verified=true 200 in 940ms (next.js: 53ms, proxy.ts: 18ms, application-code: 870ms)
 GET /login 200 in 935ms (next.js: 105ms, proxy.ts: 18ms, application-code: 812ms)
 GET /login?verified=true 200 in 950ms (next.js: 44ms, proxy.ts: 19ms, application-code: 887ms)
 GET /login 200 in 944ms (next.js: 134ms, proxy.ts: 14ms, application-code: 796ms)
 GET /login?verified=true 200 in 926ms (next.js: 47ms, proxy.ts: 32ms, application-code: 847ms)
 GET /login 200 in 902ms (next.js: 107ms, proxy.ts: 17ms, application-code: 779ms)
 GET /login?verified=true 200 in 909ms (next.js: 42ms, proxy.ts: 24ms, application-code: 843ms)
 GET /login 200 in 895ms (next.js: 119ms, proxy.ts: 17ms, application-code: 760ms)
 GET /login?verified=true 200 in 851ms (next.js: 46ms, proxy.ts: 26ms, application-code: 779ms)
 GET /login 200 in 884ms (next.js: 113ms, proxy.ts: 16ms, application-code: 755ms)
 GET /login?verified=true 200 in 894ms (next.js: 44ms, proxy.ts: 23ms, application-code: 827ms)
 GET /login 200 in 989ms (next.js: 102ms, proxy.ts: 18ms, application-code: 869ms)
 GET /login?verified=true 200 in 1035ms (next.js: 52ms, proxy.ts: 18ms, application-code: 965ms)
 GET /login 200 in 1017ms (next.js: 101ms, proxy.ts: 16ms, application-code: 901ms)
 GET /login 200 in 1080ms (next.js: 40ms, proxy.ts: 21ms, application-code: 1019ms)
 GET /login?verified=true 200 in 1085ms (next.js: 109ms, proxy.ts: 22ms, application-code: 954ms)
 GET /login 200 in 1084ms (next.js: 33ms, proxy.ts: 61ms, application-code: 990ms)
 GET /login?verified=true 200 in 1062ms (next.js: 197ms, proxy.ts: 25ms, application-code: 840ms)
 GET /login 200 in 991ms (next.js: 54ms, proxy.ts: 23ms, application-code: 914ms)
 GET /login?verified=true 200 in 975ms (next.js: 127ms, proxy.ts: 18ms, application-code: 829ms)
 GET /login 200 in 961ms (next.js: 41ms, proxy.ts: 21ms, application-code: 899ms)
 GET /login?verified=true 200 in 985ms (next.js: 107ms, proxy.ts: 12ms, application-code: 866ms)
 GET /login 200 in 946ms (next.js: 47ms, proxy.ts: 17ms, application-code: 882ms)
 GET /login?verified=true 200 in 941ms (next.js: 110ms, proxy.ts: 18ms, application-code: 812ms)
 GET /login 200 in 995ms (next.js: 48ms, proxy.ts: 18ms, application-code: 929ms)
 GET /login?verified=true 200 in 997ms (next.js: 106ms, proxy.ts: 17ms, application-code: 874ms)
 GET /login 200 in 887ms (next.js: 39ms, proxy.ts: 20ms, application-code: 828ms)
 GET /login?verified=true 200 in 877ms (next.js: 98ms, proxy.ts: 15ms, application-code: 763ms)
 GET /login 200 in 2.3s (next.js: 77ms, proxy.ts: 19ms, application-code: 2.2s)
 GET /login?verified=true 200 in 2.3s (next.js: 136ms, proxy.ts: 15ms, application-code: 2.2s)
 GET /login 200 in 2.4s (next.js: 55ms, proxy.ts: 17ms, application-code: 2.4s)
 GET /login?verified=true 200 in 3.1s (next.js: 112ms, proxy.ts: 14ms, application-code: 2.9s)
 GET /login?verified=true 200 in 5.3s (next.js: 1446ms, proxy.ts: 34ms, application-code: 3.8s)
 GET /login 200 in 5.3s (next.js: 1662ms, proxy.ts: 33ms, application-code: 3.6s)
 GET /login?verified=true 200 in 3.7s (next.js: 75ms, proxy.ts: 107ms, application-code: 3.5s)
 GET /login 200 in 3.7s (next.js: 282ms, proxy.ts: 108ms, application-code: 3.3s)
 GET /login?verified=true 200 in 3.1s (next.js: 1985ms, proxy.ts: 184ms, application-code: 889ms)
 GET /login 200 in 2.9s (next.js: 2.0s, proxy.ts: 88ms, application-code: 761ms)
 GET /login?verified=true 200 in 877ms (next.js: 40ms, proxy.ts: 20ms, application-code: 817ms)
 GET /login 200 in 869ms (next.js: 108ms, proxy.ts: 9ms, application-code: 752ms)
 GET /login?verified=true 200 in 894ms (next.js: 53ms, proxy.ts: 21ms, application-code: 820ms)
 GET /login 200 in 903ms (next.js: 107ms, proxy.ts: 24ms, application-code: 772ms)
 GET /login?verified=true 200 in 913ms (next.js: 46ms, proxy.ts: 16ms, application-code: 851ms)
 GET /login 200 in 905ms (next.js: 99ms, proxy.ts: 14ms, application-code: 792ms)
 GET /login?verified=true 200 in 932ms (next.js: 48ms, proxy.ts: 31ms, application-code: 852ms)
 GET /login 200 in 907ms (next.js: 101ms, proxy.ts: 17ms, application-code: 789ms)
 GET /login?verified=true 200 in 912ms (next.js: 42ms, proxy.ts: 25ms, application-code: 845ms)
 GET /login 200 in 898ms (next.js: 130ms, proxy.ts: 14ms, application-code: 755ms)
 GET /login?verified=true 200 in 871ms (next.js: 64ms, proxy.ts: 16ms, application-code: 791ms)
 GET /login 200 in 867ms (next.js: 108ms, proxy.ts: 35ms, application-code: 723ms)
 GET /login?verified=true 200 in 878ms (next.js: 46ms, proxy.ts: 21ms, application-code: 811ms)
 GET /login 200 in 871ms (next.js: 114ms, proxy.ts: 16ms, application-code: 741ms)
 GET /login?verified=true 200 in 873ms (next.js: 36ms, proxy.ts: 19ms, application-code: 817ms)
 GET /login 200 in 874ms (next.js: 97ms, proxy.ts: 12ms, application-code: 765ms)
 GET /login?verified=true 200 in 881ms (next.js: 42ms, proxy.ts: 18ms, application-code: 821ms)
 GET /login 200 in 875ms (next.js: 101ms, proxy.ts: 14ms, application-code: 759ms)
 GET /login?verified=true 200 in 896ms (next.js: 40ms, proxy.ts: 17ms, application-code: 839ms)
 GET /login 200 in 893ms (next.js: 140ms, proxy.ts: 15ms, application-code: 739ms)
 GET /login?verified=true 200 in 878ms (next.js: 52ms, proxy.ts: 18ms, application-code: 809ms)
 GET /login 200 in 874ms (next.js: 111ms, proxy.ts: 16ms, application-code: 747ms)
 GET /login?verified=true 200 in 907ms (next.js: 58ms, proxy.ts: 17ms, application-code: 832ms)
 GET /login 200 in 904ms (next.js: 113ms, proxy.ts: 20ms, application-code: 771ms)
 GET /login?verified=true 200 in 930ms (next.js: 41ms, proxy.ts: 14ms, application-code: 874ms)
 GET /login 200 in 928ms (next.js: 100ms, proxy.ts: 14ms, application-code: 815ms)
 GET /login?verified=true 200 in 1026ms (next.js: 55ms, proxy.ts: 22ms, application-code: 949ms)
 GET /login 200 in 1003ms (next.js: 115ms, proxy.ts: 15ms, application-code: 872ms)
 GET /login?verified=true 200 in 1001ms (next.js: 47ms, proxy.ts: 19ms, application-code: 936ms)
 GET /login 200 in 995ms (next.js: 142ms, proxy.ts: 15ms, application-code: 839ms)
 GET /login?verified=true 200 in 1001ms (next.js: 40ms, proxy.ts: 20ms, application-code: 941ms)
 GET /login 200 in 996ms (next.js: 116ms, proxy.ts: 12ms, application-code: 868ms)
 GET /login?verified=true 200 in 1025ms (next.js: 48ms, proxy.ts: 18ms, application-code: 958ms)
 GET /login 200 in 1019ms (next.js: 171ms, proxy.ts: 18ms, application-code: 830ms)
 GET /login?verified=true 200 in 949ms (next.js: 50ms, proxy.ts: 23ms, application-code: 876ms)
 GET /login 200 in 938ms (next.js: 102ms, proxy.ts: 23ms, application-code: 812ms)
 GET /login?verified=true 200 in 939ms (next.js: 43ms, proxy.ts: 16ms, application-code: 880ms)
 GET /login 200 in 933ms (next.js: 104ms, proxy.ts: 14ms, application-code: 816ms)
 GET /login?verified=true 200 in 961ms (next.js: 51ms, proxy.ts: 31ms, application-code: 880ms)
 GET /login 200 in 943ms (next.js: 127ms, proxy.ts: 19ms, application-code: 797ms)
 GET /login?verified=true 200 in 910ms (next.js: 42ms, proxy.ts: 15ms, application-code: 853ms)
 GET /login 200 in 952ms (next.js: 104ms, proxy.ts: 16ms, application-code: 831ms)
 GET /login?verified=true 200 in 1564ms (next.js: 40ms, proxy.ts: 17ms, application-code: 1507ms)
 GET /login 200 in 1565ms (next.js: 103ms, proxy.ts: 14ms, application-code: 1448ms)
 GET /login?verified=true 200 in 1610ms (next.js: 43ms, proxy.ts: 14ms, application-code: 1552ms)
 GET /login 200 in 1611ms (next.js: 113ms, proxy.ts: 16ms, application-code: 1483ms)
 GET /login?verified=true 200 in 1577ms (next.js: 63ms, proxy.ts: 17ms, application-code: 1498ms)
 GET /login 200 in 1557ms (next.js: 125ms, proxy.ts: 18ms, application-code: 1414ms)
 GET /login 200 in 1516ms (next.js: 217ms, proxy.ts: 16ms, application-code: 1283ms)
 GET /login?verified=true 200 in 1553ms (next.js: 786ms, proxy.ts: 16ms, application-code: 751ms)
 GET /login 200 in 866ms (next.js: 43ms, proxy.ts: 21ms, application-code: 801ms)
 GET /login?verified=true 200 in 852ms (next.js: 131ms, proxy.ts: 16ms, application-code: 705ms)
 GET /login 200 in 795ms (next.js: 36ms, proxy.ts: 24ms, application-code: 734ms)
 GET /login?verified=true 200 in 781ms (next.js: 93ms, proxy.ts: 15ms, application-code: 672ms)
 GET /login 200 in 809ms (next.js: 37ms, proxy.ts: 19ms, application-code: 754ms)
 GET /login?verified=true 200 in 826ms (next.js: 100ms, proxy.ts: 13ms, application-code: 713ms)
 GET /login 200 in 825ms (next.js: 47ms, proxy.ts: 19ms, application-code: 759ms)
 GET /login?verified=true 200 in 815ms (next.js: 108ms, proxy.ts: 11ms, application-code: 696ms)
 GET /login 200 in 815ms (next.js: 38ms, proxy.ts: 16ms, application-code: 761ms)
 GET /login?verified=true 200 in 810ms (next.js: 94ms, proxy.ts: 14ms, application-code: 702ms)
 GET /login 200 in 802ms (next.js: 41ms, proxy.ts: 19ms, application-code: 742ms)
 GET /login?verified=true 200 in 796ms (next.js: 89ms, proxy.ts: 16ms, application-code: 692ms)
 GET /login 200 in 714ms (next.js: 72ms, proxy.ts: 27ms, application-code: 616ms)
 GET /login?verified=true 200 in 753ms (next.js: 115ms, proxy.ts: 20ms, application-code: 617ms)
 GET /login 200 in 679ms (next.js: 43ms, proxy.ts: 17ms, application-code: 619ms)
 GET /login?verified=true 200 in 749ms (next.js: 101ms, proxy.ts: 14ms, application-code: 634ms)
 GET /login?verified=true 200 in 771ms (next.js: 25ms, proxy.ts: 13ms, application-code: 734ms)
 GET /login 200 in 803ms (next.js: 108ms, proxy.ts: 18ms, application-code: 677ms)
 GET /login?verified=true 200 in 818ms (next.js: 35ms, proxy.ts: 19ms, application-code: 764ms)
 GET /login 200 in 813ms (next.js: 89ms, proxy.ts: 13ms, application-code: 711ms)
 GET /login?verified=true 200 in 861ms (next.js: 36ms, proxy.ts: 18ms, application-code: 808ms)
 GET /login 200 in 855ms (next.js: 99ms, proxy.ts: 14ms, application-code: 742ms)
 GET /login?verified=true 200 in 852ms (next.js: 36ms, proxy.ts: 16ms, application-code: 800ms)
 GET /login 200 in 852ms (next.js: 99ms, proxy.ts: 15ms, application-code: 738ms)
 GET /login?verified=true 200 in 835ms (next.js: 37ms, proxy.ts: 23ms, application-code: 776ms)
 GET /login 200 in 828ms (next.js: 90ms, proxy.ts: 14ms, application-code: 724ms)
 GET /login?verified=true 200 in 858ms (next.js: 70ms, proxy.ts: 19ms, application-code: 770ms)
 GET /login 200 in 837ms (next.js: 127ms, proxy.ts: 22ms, application-code: 688ms)
 GET /login?verified=true 200 in 836ms (next.js: 48ms, proxy.ts: 19ms, application-code: 769ms)
 GET /login 200 in 820ms (next.js: 94ms, proxy.ts: 15ms, application-code: 711ms)
 GET /login?verified=true 200 in 858ms (next.js: 43ms, proxy.ts: 22ms, application-code: 792ms)
 GET /login 200 in 866ms (next.js: 102ms, proxy.ts: 25ms, application-code: 738ms)
 GET /login?verified=true 200 in 856ms (next.js: 39ms, proxy.ts: 19ms, application-code: 799ms)
 GET /login 200 in 849ms (next.js: 88ms, proxy.ts: 15ms, application-code: 747ms)
 GET /login?verified=true 200 in 843ms (next.js: 46ms, proxy.ts: 26ms, application-code: 770ms)
 GET /login 200 in 829ms (next.js: 95ms, proxy.ts: 16ms, application-code: 717ms)
 GET /login?verified=true 200 in 812ms (next.js: 39ms, proxy.ts: 16ms, application-code: 757ms)
 GET /login 200 in 807ms (next.js: 89ms, proxy.ts: 16ms, application-code: 701ms)
 GET /login?verified=true 200 in 833ms (next.js: 68ms, proxy.ts: 17ms, application-code: 748ms)
 GET /login 200 in 830ms (next.js: 97ms, proxy.ts: 44ms, application-code: 688ms)
 GET /login?verified=true 200 in 784ms (next.js: 42ms, proxy.ts: 14ms, application-code: 728ms)
 GET /login 200 in 784ms (next.js: 92ms, proxy.ts: 15ms, application-code: 676ms)
 GET /login?verified=true 200 in 785ms (next.js: 41ms, proxy.ts: 16ms, application-code: 728ms)
 GET /login 200 in 785ms (next.js: 95ms, proxy.ts: 17ms, application-code: 673ms)
 GET /login?verified=true 200 in 830ms (next.js: 52ms, proxy.ts: 16ms, application-code: 762ms)
 GET /login 200 in 815ms (next.js: 120ms, proxy.ts: 16ms, application-code: 679ms)
 GET /login?verified=true 200 in 788ms (next.js: 29ms, proxy.ts: 18ms, application-code: 742ms)
 GET /login 200 in 798ms (next.js: 100ms, proxy.ts: 19ms, application-code: 678ms)
 GET /login?verified=true 200 in 915ms (next.js: 37ms, proxy.ts: 19ms, application-code: 859ms)
 GET /login 200 in 909ms (next.js: 99ms, proxy.ts: 14ms, application-code: 796ms)
 GET /login?verified=true 200 in 923ms (next.js: 78ms, proxy.ts: 17ms, application-code: 828ms)
 GET /login 200 in 912ms (next.js: 128ms, proxy.ts: 16ms, application-code: 768ms)
 GET /login?verified=true 200 in 895ms (next.js: 42ms, proxy.ts: 15ms, application-code: 838ms)
 GET /login 200 in 892ms (next.js: 95ms, proxy.ts: 16ms, application-code: 781ms)
 GET /login?verified=true 200 in 889ms (next.js: 40ms, proxy.ts: 10ms, application-code: 838ms)
 GET /login 200 in 889ms (next.js: 133ms, proxy.ts: 14ms, application-code: 742ms)
 GET /login?verified=true 200 in 842ms (next.js: 46ms, proxy.ts: 20ms, application-code: 776ms)
 GET /login 200 in 831ms (next.js: 102ms, proxy.ts: 20ms, application-code: 709ms)
 GET /login?verified=true 200 in 859ms (next.js: 39ms, proxy.ts: 17ms, application-code: 804ms)
 GET /login 200 in 851ms (next.js: 100ms, proxy.ts: 17ms, application-code: 734ms)
 GET /login?verified=true 200 in 852ms (next.js: 35ms, proxy.ts: 14ms, application-code: 803ms)
 GET /login 200 in 853ms (next.js: 95ms, proxy.ts: 12ms, application-code: 746ms)
 GET /login?verified=true 200 in 849ms (next.js: 35ms, proxy.ts: 15ms, application-code: 799ms)
 GET /login 200 in 842ms (next.js: 96ms, proxy.ts: 11ms, application-code: 735ms)
 GET /login?verified=true 200 in 799ms (next.js: 39ms, proxy.ts: 27ms, application-code: 732ms)
 GET /login 200 in 783ms (next.js: 99ms, proxy.ts: 15ms, application-code: 670ms)
 GET /login?verified=true 200 in 749ms (next.js: 35ms, proxy.ts: 18ms, application-code: 696ms)
 GET /login 200 in 743ms (next.js: 100ms, proxy.ts: 14ms, application-code: 629ms)
 GET /login?verified=true 200 in 762ms (next.js: 41ms, proxy.ts: 15ms, application-code: 706ms)
 GET /login 200 in 758ms (next.js: 90ms, proxy.ts: 17ms, application-code: 652ms)
 GET /login?verified=true 200 in 813ms (next.js: 36ms, proxy.ts: 16ms, application-code: 761ms)
 GET /login 200 in 808ms (next.js: 94ms, proxy.ts: 14ms, application-code: 700ms)
 GET /login?verified=true 200 in 824ms (next.js: 37ms, proxy.ts: 15ms, application-code: 772ms)
 GET /login 200 in 823ms (next.js: 92ms, proxy.ts: 15ms, application-code: 716ms)
 GET /login?verified=true 200 in 843ms (next.js: 39ms, proxy.ts: 12ms, application-code: 792ms)
 GET /login 200 in 842ms (next.js: 95ms, proxy.ts: 13ms, application-code: 734ms)
 GET /login?verified=true 200 in 883ms (next.js: 64ms, proxy.ts: 12ms, application-code: 807ms)
 GET /login 200 in 852ms (next.js: 133ms, proxy.ts: 14ms, application-code: 705ms)
 GET /login?verified=true 200 in 883ms (next.js: 43ms, proxy.ts: 16ms, application-code: 824ms)
 GET /login 200 in 881ms (next.js: 95ms, proxy.ts: 17ms, application-code: 769ms)
 GET /login?verified=true 200 in 943ms (next.js: 41ms, proxy.ts: 17ms, application-code: 884ms)
 GET /login 200 in 935ms (next.js: 105ms, proxy.ts: 16ms, application-code: 814ms)
 GET /login?verified=true 200 in 998ms (next.js: 42ms, proxy.ts: 15ms, application-code: 940ms)
 GET /login 200 in 997ms (next.js: 106ms, proxy.ts: 15ms, application-code: 875ms)
 GET /login?verified=true 200 in 990ms (next.js: 39ms, proxy.ts: 19ms, application-code: 932ms)
 GET /login 200 in 984ms (next.js: 137ms, proxy.ts: 17ms, application-code: 830ms)
 GET /login?verified=true 200 in 945ms (next.js: 41ms, proxy.ts: 17ms, application-code: 887ms)
 GET /login 200 in 938ms (next.js: 148ms, proxy.ts: 16ms, application-code: 774ms)
 GET /login?verified=true 200 in 928ms (next.js: 73ms, proxy.ts: 18ms, application-code: 837ms)
 GET /login 200 in 924ms (next.js: 141ms, proxy.ts: 16ms, application-code: 767ms)
 GET /login?verified=true 200 in 1097ms (next.js: 45ms, proxy.ts: 19ms, application-code: 1033ms)
 GET /login 200 in 1097ms (next.js: 103ms, proxy.ts: 16ms, application-code: 978ms)
 GET /login?verified=true 200 in 1265ms (next.js: 45ms, proxy.ts: 20ms, application-code: 1200ms)
 GET /login 200 in 1271ms (next.js: 103ms, proxy.ts: 17ms, application-code: 1151ms)
 GET /login?verified=true 200 in 1997ms (next.js: 38ms, proxy.ts: 17ms, application-code: 1942ms)
 GET /login 200 in 1989ms (next.js: 102ms, proxy.ts: 15ms, application-code: 1872ms)
 GET /login?verified=true 200 in 2.1s (next.js: 65ms, proxy.ts: 22ms, application-code: 1977ms)
 GET /login 200 in 2.1s (next.js: 183ms, proxy.ts: 28ms, application-code: 1840ms)
 GET /login 200 in 2.2s (next.js: 927ms, proxy.ts: 67ms, application-code: 1217ms)
 GET /login?verified=true 200 in 2.3s (next.js: 1179ms, proxy.ts: 30ms, application-code: 1055ms)
 GET /login 200 in 1288ms (next.js: 67ms, proxy.ts: 78ms, application-code: 1143ms)
 GET /login?verified=true 200 in 1210ms (next.js: 140ms, proxy.ts: 19ms, application-code: 1051ms)
 GET /login 200 in 1172ms (next.js: 45ms, proxy.ts: 24ms, application-code: 1103ms)
 GET /login?verified=true 200 in 1183ms (next.js: 156ms, proxy.ts: 24ms, application-code: 1003ms)
 GET /login 200 in 1143ms (next.js: 55ms, proxy.ts: 32ms, application-code: 1056ms)
 GET /login?verified=true 200 in 1130ms (next.js: 150ms, proxy.ts: 21ms, application-code: 959ms)
 GET /login 200 in 1061ms (next.js: 46ms, proxy.ts: 22ms, application-code: 993ms)
 GET /login?verified=true 200 in 1054ms (next.js: 138ms, proxy.ts: 18ms, application-code: 898ms)
 GET /login 200 in 984ms (next.js: 48ms, proxy.ts: 45ms, application-code: 892ms)
 GET /login?verified=true 200 in 950ms (next.js: 133ms, proxy.ts: 20ms, application-code: 797ms)
 GET /login 200 in 950ms (next.js: 47ms, proxy.ts: 20ms, application-code: 883ms)
 GET /login?verified=true 200 in 943ms (next.js: 113ms, proxy.ts: 17ms, application-code: 812ms)
 GET /login 200 in 925ms (next.js: 59ms, proxy.ts: 32ms, application-code: 834ms)
 GET /login?verified=true 200 in 904ms (next.js: 109ms, proxy.ts: 26ms, application-code: 769ms)
 GET /login 200 in 928ms (next.js: 47ms, proxy.ts: 20ms, application-code: 861ms)
 GET /login?verified=true 200 in 922ms (next.js: 113ms, proxy.ts: 19ms, application-code: 791ms)
 GET /login 200 in 912ms (next.js: 39ms, proxy.ts: 17ms, application-code: 855ms)
 GET /login?verified=true 200 in 905ms (next.js: 98ms, proxy.ts: 16ms, application-code: 791ms)
 GET /login 200 in 958ms (next.js: 73ms, proxy.ts: 16ms, application-code: 869ms)
 GET /login?verified=true 200 in 924ms (next.js: 106ms, proxy.ts: 17ms, application-code: 801ms)
 GET /login 200 in 913ms (next.js: 42ms, proxy.ts: 17ms, application-code: 854ms)
 GET /login?verified=true 200 in 908ms (next.js: 97ms, proxy.ts: 15ms, application-code: 797ms)
 GET /login 200 in 887ms (next.js: 50ms, proxy.ts: 25ms, application-code: 813ms)
 GET /login?verified=true 200 in 872ms (next.js: 100ms, proxy.ts: 19ms, application-code: 753ms)
 GET /login 200 in 890ms (next.js: 45ms, proxy.ts: 18ms, application-code: 827ms)
 GET /login?verified=true 200 in 886ms (next.js: 123ms, proxy.ts: 16ms, application-code: 747ms)
 GET /login 200 in 829ms (next.js: 42ms, proxy.ts: 23ms, application-code: 764ms)
 GET /login?verified=true 200 in 818ms (next.js: 94ms, proxy.ts: 15ms, application-code: 709ms)
 GET /login 200 in 811ms (next.js: 44ms, proxy.ts: 18ms, application-code: 749ms)
 GET /login?verified=true 200 in 808ms (next.js: 91ms, proxy.ts: 17ms, application-code: 700ms)
 GET /login 200 in 803ms (next.js: 43ms, proxy.ts: 20ms, application-code: 740ms)
 GET /login?verified=true 200 in 798ms (next.js: 88ms, proxy.ts: 17ms, application-code: 694ms)
 GET /login?verified=true 200 in 759ms (next.js: 90ms, proxy.ts: 17ms, application-code: 652ms)
 GET /login 200 in 788ms (next.js: 56ms, proxy.ts: 23ms, application-code: 709ms)
 GET /login 200 in 780ms (next.js: 32ms, proxy.ts: 22ms, application-code: 727ms)
 GET /login?verified=true 200 in 787ms (next.js: 103ms, proxy.ts: 22ms, application-code: 662ms)
 GET /login 200 in 849ms (next.js: 42ms, proxy.ts: 18ms, application-code: 789ms)
 GET /login?verified=true 200 in 842ms (next.js: 97ms, proxy.ts: 14ms, application-code: 732ms)
 GET /login 200 in 868ms (next.js: 44ms, proxy.ts: 20ms, application-code: 804ms)
 GET /login?verified=true 200 in 862ms (next.js: 102ms, proxy.ts: 16ms, application-code: 744ms)
 GET /login 200 in 862ms (next.js: 38ms, proxy.ts: 16ms, application-code: 808ms)
 GET /login?verified=true 200 in 855ms (next.js: 89ms, proxy.ts: 17ms, application-code: 749ms)
 GET /login 200 in 865ms (next.js: 41ms, proxy.ts: 21ms, application-code: 803ms)
 GET /login?verified=true 200 in 856ms (next.js: 120ms, proxy.ts: 14ms, application-code: 722ms)
 GET /login 200 in 815ms (next.js: 67ms, proxy.ts: 16ms, application-code: 731ms)
 GET /login?verified=true 200 in 781ms (next.js: 109ms, proxy.ts: 14ms, application-code: 658ms)
 GET /login 200 in 808ms (next.js: 41ms, proxy.ts: 19ms, application-code: 749ms)
 GET /login?verified=true 200 in 804ms (next.js: 94ms, proxy.ts: 16ms, application-code: 694ms)
 GET /login 200 in 803ms (next.js: 46ms, proxy.ts: 16ms, application-code: 740ms)
 GET /login?verified=true 200 in 798ms (next.js: 97ms, proxy.ts: 16ms, application-code: 685ms)
 GET /login 200 in 827ms (next.js: 41ms, proxy.ts: 17ms, application-code: 769ms)
 GET /login?verified=true 200 in 821ms (next.js: 92ms, proxy.ts: 12ms, application-code: 718ms)
 GET /login 200 in 835ms (next.js: 40ms, proxy.ts: 17ms, application-code: 777ms)
 GET /login?verified=true 200 in 828ms (next.js: 105ms, proxy.ts: 14ms, application-code: 709ms)
 GET /login 200 in 796ms (next.js: 47ms, proxy.ts: 19ms, application-code: 730ms)
 GET /login?verified=true 200 in 787ms (next.js: 97ms, proxy.ts: 17ms, application-code: 673ms)
 GET /login 200 in 819ms (next.js: 71ms, proxy.ts: 17ms, application-code: 731ms)
 GET /login?verified=true 200 in 820ms (next.js: 126ms, proxy.ts: 14ms, application-code: 680ms)
 GET /login 200 in 652ms (next.js: 42ms, proxy.ts: 16ms, application-code: 594ms)
 GET /login?verified=true 200 in 637ms (next.js: 105ms, proxy.ts: 11ms, application-code: 521ms)
 GET /login 200 in 476ms (next.js: 36ms, proxy.ts: 17ms, application-code: 423ms)
 GET /login?verified=true 200 in 465ms (next.js: 90ms, proxy.ts: 14ms, application-code: 362ms)
 GET /login 200 in 313ms (next.js: 40ms, proxy.ts: 16ms, application-code: 257ms)
 GET /login?verified=true 200 in 310ms (next.js: 111ms, proxy.ts: 13ms, application-code: 186ms)
 GET /login?verified=true 200 in 999ms (next.js: 77ms, proxy.ts: 26ms, application-code: 896ms)
 GET /login 200 in 1042ms (next.js: 251ms, proxy.ts: 28ms, application-code: 764ms)
 GET /login?verified=true 200 in 868ms (next.js: 43ms, proxy.ts: 18ms, application-code: 807ms)
 GET /login 200 in 864ms (next.js: 103ms, proxy.ts: 15ms, application-code: 746ms)
 GET /login?verified=true 200 in 871ms (next.js: 37ms, proxy.ts: 18ms, application-code: 816ms)
 GET /login 200 in 872ms (next.js: 89ms, proxy.ts: 15ms, application-code: 768ms)
 GET /login?verified=true 200 in 702ms (next.js: 36ms, proxy.ts: 13ms, application-code: 652ms)
 GET /login 200 in 703ms (next.js: 126ms, proxy.ts: 11ms, application-code: 566ms)
 GET /login?verified=true 200 in 706ms (next.js: 45ms, proxy.ts: 17ms, application-code: 644ms)
 GET /login 200 in 700ms (next.js: 108ms, proxy.ts: 13ms, application-code: 580ms)
 GET /login?verified=true 200 in 689ms (next.js: 55ms, proxy.ts: 19ms, application-code: 615ms)
 GET /login 200 in 750ms (next.js: 116ms, proxy.ts: 20ms, application-code: 613ms)
 GET /login 200 in 814ms (next.js: 35ms, proxy.ts: 21ms, application-code: 758ms)
 GET /login?verified=true 200 in 854ms (next.js: 136ms, proxy.ts: 26ms, application-code: 692ms)
 GET /login 200 in 853ms (next.js: 47ms, proxy.ts: 19ms, application-code: 788ms)
 GET /login?verified=true 200 in 846ms (next.js: 100ms, proxy.ts: 15ms, application-code: 731ms)
 GET /login 200 in 851ms (next.js: 36ms, proxy.ts: 19ms, application-code: 795ms)
 GET /login?verified=true 200 in 843ms (next.js: 104ms, proxy.ts: 12ms, application-code: 727ms)
 GET /login 200 in 837ms (next.js: 63ms, proxy.ts: 15ms, application-code: 759ms)
 GET /login?verified=true 200 in 808ms (next.js: 90ms, proxy.ts: 13ms, application-code: 706ms)
 GET /login 200 in 825ms (next.js: 45ms, proxy.ts: 17ms, application-code: 763ms)
 GET /login?verified=true 200 in 817ms (next.js: 140ms, proxy.ts: 14ms, application-code: 663ms)
 GET /login 200 in 790ms (next.js: 43ms, proxy.ts: 20ms, application-code: 726ms)
 GET /login?verified=true 200 in 779ms (next.js: 97ms, proxy.ts: 15ms, application-code: 666ms)
 GET /login 200 in 849ms (next.js: 44ms, proxy.ts: 18ms, application-code: 787ms)
 GET /login?verified=true 200 in 841ms (next.js: 95ms, proxy.ts: 14ms, application-code: 732ms)
 GET /login 200 in 899ms (next.js: 44ms, proxy.ts: 14ms, application-code: 841ms)
 GET /login?verified=true 200 in 990ms (next.js: 106ms, proxy.ts: 11ms, application-code: 873ms)
 GET /login 200 in 2.1s (next.js: 38ms, proxy.ts: 15ms, application-code: 2.1s)
 GET /login?verified=true 200 in 2.1s (next.js: 104ms, proxy.ts: 15ms, application-code: 2000ms)
 GET /login 200 in 2.2s (next.js: 66ms, proxy.ts: 19ms, application-code: 2.1s)
 GET /login?verified=true 200 in 2.2s (next.js: 115ms, proxy.ts: 15ms, application-code: 2.0s)
 GET /login 200 in 2.3s (next.js: 40ms, proxy.ts: 18ms, application-code: 2.3s)
 GET /login?verified=true 200 in 2.3s (next.js: 94ms, proxy.ts: 15ms, application-code: 2.2s)
 GET /login 200 in 2.4s (next.js: 391ms, proxy.ts: 19ms, application-code: 2.0s)
 GET /login?verified=true 200 in 2.4s (next.js: 1234ms, proxy.ts: 62ms, application-code: 1067ms)
 GET /login?verified=true 200 in 1207ms (next.js: 45ms, proxy.ts: 27ms, application-code: 1136ms)
 GET /login 200 in 1220ms (next.js: 133ms, proxy.ts: 27ms, application-code: 1060ms)
 GET /login?verified=true 200 in 1215ms (next.js: 47ms, proxy.ts: 19ms, application-code: 1149ms)
 GET /login 200 in 1213ms (next.js: 252ms, proxy.ts: 16ms, application-code: 944ms)
 GET /login?verified=true 200 in 868ms (next.js: 43ms, proxy.ts: 19ms, application-code: 806ms)
 GET /login 200 in 866ms (next.js: 128ms, proxy.ts: 20ms, application-code: 719ms)
 GET /login?verified=true 200 in 627ms (next.js: 45ms, proxy.ts: 30ms, application-code: 552ms)
 GET /login 200 in 624ms (next.js: 129ms, proxy.ts: 28ms, application-code: 467ms)
 GET /login 200 in 376ms (next.js: 38ms, proxy.ts: 25ms, application-code: 314ms)
 GET /login?verified=true 200 in 387ms (next.js: 142ms, proxy.ts: 25ms, application-code: 220ms)
 GET /login?verified=true 200 in 2.3s (next.js: 1041ms, proxy.ts: 19ms, application-code: 1229ms)
 GET /login 200 in 2.4s (next.js: 1203ms, proxy.ts: 21ms, application-code: 1155ms)
 GET /login?verified=true 200 in 1569ms (next.js: 29ms, proxy.ts: 137ms, application-code: 1402ms)
 GET /login 200 in 1850ms (next.js: 136ms, proxy.ts: 144ms, application-code: 1570ms)
 GET /login?verified=true 200 in 1636ms (next.js: 88ms, proxy.ts: 40ms, application-code: 1508ms)
 GET /login 200 in 1604ms (next.js: 168ms, proxy.ts: 32ms, application-code: 1404ms)
 GET /login 200 in 1719ms (next.js: 132ms, proxy.ts: 132ms, application-code: 1455ms)
 GET /login?verified=true 200 in 1960ms (next.js: 589ms, proxy.ts: 32ms, application-code: 1339ms)
 GET /login?verified=true 200 in 1282ms (next.js: 78ms, proxy.ts: 31ms, application-code: 1173ms)
 GET /login 200 in 1278ms (next.js: 181ms, proxy.ts: 30ms, application-code: 1067ms)
 GET /login?verified=true 200 in 1211ms (next.js: 165ms, proxy.ts: 29ms, application-code: 1017ms)
 GET /login 200 in 1205ms (next.js: 277ms, proxy.ts: 25ms, application-code: 903ms)
 GET /login?verified=true 200 in 966ms (next.js: 56ms, proxy.ts: 48ms, application-code: 862ms)
 GET /login 200 in 964ms (next.js: 148ms, proxy.ts: 49ms, application-code: 767ms)
 GET /login?verified=true 200 in 1169ms (next.js: 160ms, proxy.ts: 22ms, application-code: 987ms)
 GET /login 200 in 1167ms (next.js: 61ms, proxy.ts: 22ms, application-code: 1085ms)
 GET /login 200 in 1202ms (next.js: 52ms, proxy.ts: 31ms, application-code: 1119ms)
 GET /login?verified=true 200 in 1194ms (next.js: 136ms, proxy.ts: 30ms, application-code: 1029ms)
 GET /login 200 in 1226ms (next.js: 148ms, proxy.ts: 28ms, application-code: 1050ms)
 GET /login?verified=true 200 in 1222ms (next.js: 50ms, proxy.ts: 27ms, application-code: 1145ms)
 GET /login?verified=true 200 in 1194ms (next.js: 41ms, proxy.ts: 28ms, application-code: 1126ms)
 GET /login 200 in 1204ms (next.js: 150ms, proxy.ts: 28ms, application-code: 1026ms)
 GET /login?verified=true 200 in 1166ms (next.js: 65ms, proxy.ts: 27ms, application-code: 1073ms)
 GET /login 200 in 1150ms (next.js: 148ms, proxy.ts: 26ms, application-code: 976ms)
 GET /login?verified=true 200 in 1102ms (next.js: 48ms, proxy.ts: 23ms, application-code: 1031ms)
 GET /login 200 in 1094ms (next.js: 143ms, proxy.ts: 17ms, application-code: 935ms)
 GET /login?verified=true 200 in 1166ms (next.js: 50ms, proxy.ts: 19ms, application-code: 1097ms)
 GET /login 200 in 1167ms (next.js: 139ms, proxy.ts: 22ms, application-code: 1005ms)
 GET /login?verified=true 200 in 1218ms (next.js: 50ms, proxy.ts: 19ms, application-code: 1149ms)
 GET /login 200 in 1214ms (next.js: 128ms, proxy.ts: 19ms, application-code: 1067ms)
 GET /login?verified=true 200 in 1247ms (next.js: 46ms, proxy.ts: 19ms, application-code: 1181ms)
 GET /login 200 in 1239ms (next.js: 141ms, proxy.ts: 15ms, application-code: 1083ms)
 GET /login?verified=true 200 in 1285ms (next.js: 53ms, proxy.ts: 22ms, application-code: 1209ms)
 GET /login 200 in 1277ms (next.js: 127ms, proxy.ts: 20ms, application-code: 1130ms)
 GET /login?verified=true 200 in 1228ms (next.js: 73ms, proxy.ts: 37ms, application-code: 1119ms)
 GET /login 200 in 1199ms (next.js: 138ms, proxy.ts: 35ms, application-code: 1026ms)
 GET /login?verified=true 200 in 1147ms (next.js: 85ms, proxy.ts: 21ms, application-code: 1040ms)
 GET /login 200 in 1102ms (next.js: 144ms, proxy.ts: 17ms, application-code: 942ms)
 GET /login?verified=true 200 in 1069ms (next.js: 50ms, proxy.ts: 22ms, application-code: 998ms)
 GET /login 200 in 1059ms (next.js: 149ms, proxy.ts: 18ms, application-code: 892ms)
 GET /login?verified=true 200 in 1006ms (next.js: 52ms, proxy.ts: 26ms, application-code: 928ms)
 GET /login 200 in 991ms (next.js: 130ms, proxy.ts: 20ms, application-code: 841ms)
 GET /login?verified=true 200 in 1009ms (next.js: 52ms, proxy.ts: 27ms, application-code: 930ms)
 GET /login 200 in 995ms (next.js: 118ms, proxy.ts: 21ms, application-code: 856ms)
 GET /login?verified=true 200 in 998ms (next.js: 46ms, proxy.ts: 17ms, application-code: 934ms)
 GET /login 200 in 996ms (next.js: 122ms, proxy.ts: 17ms, application-code: 856ms)
 GET /login?verified=true 200 in 976ms (next.js: 47ms, proxy.ts: 18ms, application-code: 910ms)
 GET /login 200 in 971ms (next.js: 118ms, proxy.ts: 19ms, application-code: 834ms)
 GET /login?verified=true 200 in 980ms (next.js: 78ms, proxy.ts: 18ms, application-code: 884ms)
 GET /login 200 in 970ms (next.js: 145ms, proxy.ts: 17ms, application-code: 808ms)
 GET /login?verified=true 200 in 951ms (next.js: 50ms, proxy.ts: 20ms, application-code: 881ms)
 GET /login 200 in 957ms (next.js: 129ms, proxy.ts: 20ms, application-code: 809ms)
 GET /login?verified=true 200 in 982ms (next.js: 49ms, proxy.ts: 17ms, application-code: 916ms)
 GET /login 200 in 990ms (next.js: 107ms, proxy.ts: 17ms, application-code: 866ms)
 GET /login?verified=true 200 in 1014ms (next.js: 47ms, proxy.ts: 19ms, application-code: 948ms)
 GET /login 200 in 1010ms (next.js: 127ms, proxy.ts: 17ms, application-code: 866ms)
 GET /login?verified=true 200 in 886ms (next.js: 42ms, proxy.ts: 18ms, application-code: 827ms)
 GET /login 200 in 932ms (next.js: 101ms, proxy.ts: 15ms, application-code: 816ms)
 GET /login?verified=true 200 in 780ms (next.js: 71ms, proxy.ts: 21ms, application-code: 688ms)
 GET /login 200 in 831ms (next.js: 117ms, proxy.ts: 33ms, application-code: 682ms)
 GET /login?verified=true 200 in 779ms (next.js: 91ms, proxy.ts: 21ms, application-code: 667ms)
 GET /login 200 in 758ms (next.js: 117ms, proxy.ts: 32ms, application-code: 609ms)
 GET /login 200 in 790ms (next.js: 41ms, proxy.ts: 22ms, application-code: 727ms)
 GET /login?verified=true 200 in 806ms (next.js: 114ms, proxy.ts: 19ms, application-code: 673ms)
 GET /login 200 in 807ms (next.js: 38ms, proxy.ts: 16ms, application-code: 752ms)
 GET /login?verified=true 200 in 802ms (next.js: 98ms, proxy.ts: 11ms, application-code: 693ms)
 GET /login 200 in 831ms (next.js: 41ms, proxy.ts: 18ms, application-code: 772ms)
 GET /login?verified=true 200 in 822ms (next.js: 106ms, proxy.ts: 10ms, application-code: 706ms)
 GET /login 200 in 823ms (next.js: 38ms, proxy.ts: 16ms, application-code: 770ms)
 GET /login?verified=true 200 in 816ms (next.js: 96ms, proxy.ts: 14ms, application-code: 706ms)
 GET /login 200 in 832ms (next.js: 48ms, proxy.ts: 25ms, application-code: 759ms)
 GET /login?verified=true 200 in 817ms (next.js: 111ms, proxy.ts: 18ms, application-code: 688ms)
 GET /login 200 in 819ms (next.js: 40ms, proxy.ts: 13ms, application-code: 766ms)
 GET /login?verified=true 200 in 820ms (next.js: 91ms, proxy.ts: 15ms, application-code: 715ms)
 GET /login 200 in 859ms (next.js: 67ms, proxy.ts: 16ms, application-code: 776ms)
 GET /login?verified=true 200 in 828ms (next.js: 93ms, proxy.ts: 15ms, application-code: 720ms)
 GET /login 200 in 848ms (next.js: 45ms, proxy.ts: 19ms, application-code: 784ms)
 GET /login?verified=true 200 in 837ms (next.js: 97ms, proxy.ts: 17ms, application-code: 723ms)
 GET /login 200 in 839ms (next.js: 36ms, proxy.ts: 19ms, application-code: 784ms)
 GET /login?verified=true 200 in 833ms (next.js: 108ms, proxy.ts: 13ms, application-code: 711ms)
 GET /login 200 in 867ms (next.js: 47ms, proxy.ts: 18ms, application-code: 802ms)
 GET /login?verified=true 200 in 857ms (next.js: 116ms, proxy.ts: 18ms, application-code: 723ms)
 GET /login 200 in 840ms (next.js: 44ms, proxy.ts: 18ms, application-code: 778ms)
 GET /login?verified=true 200 in 829ms (next.js: 109ms, proxy.ts: 14ms, application-code: 705ms)
 GET /login 200 in 842ms (next.js: 39ms, proxy.ts: 17ms, application-code: 786ms)
 GET /login?verified=true 200 in 834ms (next.js: 95ms, proxy.ts: 15ms, application-code: 724ms)
 GET /login 200 in 845ms (next.js: 80ms, proxy.ts: 19ms, application-code: 746ms)
 GET /login?verified=true 200 in 833ms (next.js: 143ms, proxy.ts: 13ms, application-code: 678ms)
 GET /login 200 in 791ms (next.js: 43ms, proxy.ts: 16ms, application-code: 732ms)
 GET /login?verified=true 200 in 784ms (next.js: 93ms, proxy.ts: 15ms, application-code: 676ms)
 GET /login 200 in 787ms (next.js: 36ms, proxy.ts: 20ms, application-code: 731ms)
 GET /login?verified=true 200 in 778ms (next.js: 88ms, proxy.ts: 14ms, application-code: 676ms)
 GET /login 200 in 800ms (next.js: 44ms, proxy.ts: 19ms, application-code: 737ms)
 GET /login?verified=true 200 in 789ms (next.js: 98ms, proxy.ts: 17ms, application-code: 674ms)
 GET /login 200 in 795ms (next.js: 40ms, proxy.ts: 18ms, application-code: 737ms)
 GET /login?verified=true 200 in 786ms (next.js: 93ms, proxy.ts: 12ms, application-code: 681ms)
 GET /login 200 in 851ms (next.js: 42ms, proxy.ts: 16ms, application-code: 794ms)
 GET /login?verified=true 200 in 846ms (next.js: 103ms, proxy.ts: 17ms, application-code: 727ms)
 GET /login 200 in 840ms (next.js: 38ms, proxy.ts: 16ms, application-code: 787ms)
 GET /login?verified=true 200 in 836ms (next.js: 92ms, proxy.ts: 10ms, application-code: 734ms)
 GET /login 200 in 825ms (next.js: 42ms, proxy.ts: 14ms, application-code: 768ms)
 GET /login?verified=true 200 in 819ms (next.js: 97ms, proxy.ts: 17ms, application-code: 705ms)
 GET /login 200 in 810ms (next.js: 44ms, proxy.ts: 15ms, application-code: 751ms)
 GET /login?verified=true 200 in 806ms (next.js: 115ms, proxy.ts: 11ms, application-code: 679ms)
 GET /login 200 in 795ms (next.js: 36ms, proxy.ts: 17ms, application-code: 742ms)
 GET /login?verified=true 200 in 787ms (next.js: 89ms, proxy.ts: 13ms, application-code: 685ms)
 GET /login 200 in 819ms (next.js: 39ms, proxy.ts: 17ms, application-code: 763ms)
 GET /login?verified=true 200 in 816ms (next.js: 99ms, proxy.ts: 14ms, application-code: 702ms)
 GET /login 200 in 746ms (next.js: 36ms, proxy.ts: 16ms, application-code: 693ms)
 GET /login?verified=true 200 in 793ms (next.js: 87ms, proxy.ts: 14ms, application-code: 693ms)
 GET /login 200 in 673ms (next.js: 39ms, proxy.ts: 17ms, application-code: 616ms)
 GET /login?verified=true 200 in 805ms (next.js: 99ms, proxy.ts: 14ms, application-code: 692ms)
 GET /login 200 in 751ms (next.js: 66ms, proxy.ts: 17ms, application-code: 668ms)
 GET /login?verified=true 200 in 782ms (next.js: 88ms, proxy.ts: 14ms, application-code: 679ms)
 GET /login?verified=true 200 in 776ms (next.js: 35ms, proxy.ts: 18ms, application-code: 723ms)
 GET /login 200 in 807ms (next.js: 132ms, proxy.ts: 22ms, application-code: 653ms)
 GET /login?verified=true 200 in 777ms (next.js: 37ms, proxy.ts: 17ms, application-code: 723ms)
 GET /login 200 in 769ms (next.js: 100ms, proxy.ts: 14ms, application-code: 656ms)
 GET /login?verified=true 200 in 829ms (next.js: 38ms, proxy.ts: 22ms, application-code: 770ms)
 GET /login 200 in 821ms (next.js: 102ms, proxy.ts: 10ms, application-code: 709ms)
 GET /login?verified=true 200 in 1007ms (next.js: 40ms, proxy.ts: 17ms, application-code: 950ms)
 GET /login 200 in 1016ms (next.js: 89ms, proxy.ts: 12ms, application-code: 914ms)
 GET /login?verified=true 200 in 1062ms (next.js: 36ms, proxy.ts: 17ms, application-code: 1008ms)
 GET /login 200 in 1059ms (next.js: 96ms, proxy.ts: 14ms, application-code: 949ms)
 GET /login?verified=true 200 in 979ms (next.js: 72ms, proxy.ts: 17ms, application-code: 890ms)
 GET /login 200 in 1146ms (next.js: 136ms, proxy.ts: 16ms, application-code: 994ms)
 GET /login?verified=true 200 in 991ms (next.js: 39ms, proxy.ts: 16ms, application-code: 936ms)
 GET /login 200 in 1218ms (next.js: 175ms, proxy.ts: 15ms, application-code: 1028ms)
 GET /login?verified=true 200 in 953ms (next.js: 53ms, proxy.ts: 49ms, application-code: 850ms)
 GET /login 200 in 915ms (next.js: 118ms, proxy.ts: 18ms, application-code: 779ms)
 GET /login?verified=true 200 in 985ms (next.js: 66ms, proxy.ts: 18ms, application-code: 901ms)
 GET /login 200 in 983ms (next.js: 147ms, proxy.ts: 16ms, application-code: 820ms)
 GET /login 200 in 926ms (next.js: 119ms, proxy.ts: 26ms, application-code: 781ms)
 GET /login?verified=true 200 in 931ms (next.js: 50ms, proxy.ts: 23ms, application-code: 858ms)
 GET /login 200 in 994ms (next.js: 72ms, proxy.ts: 21ms, application-code: 901ms)
 GET /login?verified=true 200 in 1000ms (next.js: 195ms, proxy.ts: 20ms, application-code: 785ms)
 GET /login 200 in 860ms (next.js: 40ms, proxy.ts: 20ms, application-code: 800ms)
 GET /login?verified=true 200 in 850ms (next.js: 98ms, proxy.ts: 12ms, application-code: 740ms)
 GET /login 200 in 829ms (next.js: 41ms, proxy.ts: 14ms, application-code: 774ms)
 GET /login?verified=true 200 in 827ms (next.js: 97ms, proxy.ts: 12ms, application-code: 718ms)
 GET /login 200 in 821ms (next.js: 51ms, proxy.ts: 20ms, application-code: 750ms)
 GET /login?verified=true 200 in 812ms (next.js: 121ms, proxy.ts: 16ms, application-code: 674ms)
 GET /login 200 in 810ms (next.js: 41ms, proxy.ts: 14ms, application-code: 756ms)
 GET /login?verified=true 200 in 807ms (next.js: 93ms, proxy.ts: 19ms, application-code: 695ms)
 GET /login 200 in 860ms (next.js: 43ms, proxy.ts: 18ms, application-code: 799ms)
 GET /login?verified=true 200 in 850ms (next.js: 102ms, proxy.ts: 15ms, application-code: 733ms)
 GET /login 200 in 854ms (next.js: 37ms, proxy.ts: 16ms, application-code: 800ms)
 GET /login?verified=true 200 in 849ms (next.js: 90ms, proxy.ts: 13ms, application-code: 746ms)
 GET /login 200 in 870ms (next.js: 39ms, proxy.ts: 14ms, application-code: 817ms)
 GET /login?verified=true 200 in 866ms (next.js: 103ms, proxy.ts: 11ms, application-code: 752ms)
 GET /login 200 in 869ms (next.js: 69ms, proxy.ts: 19ms, application-code: 781ms)
 GET /login?verified=true 200 in 836ms (next.js: 135ms, proxy.ts: 15ms, application-code: 686ms)
 GET /login?verified=true 200 in 780ms (next.js: 95ms, proxy.ts: 15ms, application-code: 670ms)
 GET /login 200 in 799ms (next.js: 49ms, proxy.ts: 16ms, application-code: 734ms)
 GET /login?verified=true 200 in 798ms (next.js: 95ms, proxy.ts: 20ms, application-code: 683ms)
 GET /login 200 in 804ms (next.js: 38ms, proxy.ts: 19ms, application-code: 747ms)
 GET /login?verified=true 200 in 833ms (next.js: 91ms, proxy.ts: 20ms, application-code: 723ms)
 GET /login 200 in 838ms (next.js: 36ms, proxy.ts: 21ms, application-code: 781ms)
 GET /login 200 in 823ms (next.js: 30ms, proxy.ts: 21ms, application-code: 773ms)
 GET /login?verified=true 200 in 827ms (next.js: 98ms, proxy.ts: 21ms, application-code: 708ms)
 GET /login 200 in 817ms (next.js: 42ms, proxy.ts: 18ms, application-code: 757ms)
 GET /login?verified=true 200 in 810ms (next.js: 99ms, proxy.ts: 14ms, application-code: 697ms)
 GET /login 200 in 807ms (next.js: 86ms, proxy.ts: 18ms, application-code: 704ms)
 GET /login?verified=true 200 in 803ms (next.js: 137ms, proxy.ts: 18ms, application-code: 649ms)
 GET /login 200 in 770ms (next.js: 36ms, proxy.ts: 17ms, application-code: 718ms)
 GET /login?verified=true 200 in 765ms (next.js: 85ms, proxy.ts: 15ms, application-code: 665ms)
 GET /login 200 in 813ms (next.js: 37ms, proxy.ts: 16ms, application-code: 760ms)
 GET /login?verified=true 200 in 808ms (next.js: 87ms, proxy.ts: 14ms, application-code: 707ms)
 GET /login 200 in 836ms (next.js: 40ms, proxy.ts: 17ms, application-code: 780ms)
 GET /login?verified=true 200 in 831ms (next.js: 104ms, proxy.ts: 14ms, application-code: 713ms)
 GET /login 200 in 817ms (next.js: 44ms, proxy.ts: 14ms, application-code: 758ms)
 GET /login?verified=true 200 in 809ms (next.js: 101ms, proxy.ts: 17ms, application-code: 691ms)
 GET /login 200 in 808ms (next.js: 43ms, proxy.ts: 19ms, application-code: 747ms)
 GET /login?verified=true 200 in 795ms (next.js: 109ms, proxy.ts: 13ms, application-code: 673ms)
 GET /login 200 in 796ms (next.js: 40ms, proxy.ts: 26ms, application-code: 731ms)
 GET /login?verified=true 200 in 777ms (next.js: 96ms, proxy.ts: 12ms, application-code: 668ms)
 GET /login 200 in 787ms (next.js: 38ms, proxy.ts: 13ms, application-code: 735ms)
 GET /login?verified=true 200 in 788ms (next.js: 91ms, proxy.ts: 14ms, application-code: 682ms)
 GET /login 200 in 849ms (next.js: 39ms, proxy.ts: 16ms, application-code: 794ms)
 GET /login?verified=true 200 in 844ms (next.js: 98ms, proxy.ts: 13ms, application-code: 732ms)
 GET /login 200 in 893ms (next.js: 42ms, proxy.ts: 17ms, application-code: 835ms)
 GET /login?verified=true 200 in 887ms (next.js: 98ms, proxy.ts: 14ms, application-code: 775ms)
 GET /login 200 in 904ms (next.js: 38ms, proxy.ts: 20ms, application-code: 846ms)
 GET /login?verified=true 200 in 897ms (next.js: 96ms, proxy.ts: 14ms, application-code: 786ms)
 GET /login 200 in 907ms (next.js: 52ms, proxy.ts: 22ms, application-code: 834ms)
 GET /login?verified=true 200 in 899ms (next.js: 133ms, proxy.ts: 22ms, application-code: 743ms)
 GET /login 200 in 870ms (next.js: 38ms, proxy.ts: 17ms, application-code: 814ms)
 GET /login?verified=true 200 in 866ms (next.js: 103ms, proxy.ts: 13ms, application-code: 750ms)
 GET /login 200 in 897ms (next.js: 69ms, proxy.ts: 19ms, application-code: 810ms)
 GET /login?verified=true 200 in 866ms (next.js: 105ms, proxy.ts: 15ms, application-code: 747ms)
 GET /login 200 in 878ms (next.js: 42ms, proxy.ts: 19ms, application-code: 818ms)
 GET /login?verified=true 200 in 872ms (next.js: 106ms, proxy.ts: 16ms, application-code: 750ms)
 GET /login 200 in 888ms (next.js: 40ms, proxy.ts: 19ms, application-code: 830ms)
 GET /login?verified=true 200 in 883ms (next.js: 99ms, proxy.ts: 16ms, application-code: 768ms)
 GET /login 200 in 916ms (next.js: 51ms, proxy.ts: 22ms, application-code: 843ms)
 GET /login?verified=true 200 in 903ms (next.js: 131ms, proxy.ts: 19ms, application-code: 752ms)
 GET /login 200 in 895ms (next.js: 39ms, proxy.ts: 16ms, application-code: 840ms)
 GET /login?verified=true 200 in 893ms (next.js: 109ms, proxy.ts: 14ms, application-code: 770ms)
 GET /login 200 in 955ms (next.js: 49ms, proxy.ts: 19ms, application-code: 886ms)
 GET /login?verified=true 200 in 948ms (next.js: 119ms, proxy.ts: 19ms, application-code: 810ms)
 GET /login 200 in 953ms (next.js: 72ms, proxy.ts: 20ms, application-code: 861ms)
 GET /login?verified=true 200 in 942ms (next.js: 132ms, proxy.ts: 13ms, application-code: 797ms)
 GET /login 200 in 918ms (next.js: 44ms, proxy.ts: 17ms, application-code: 857ms)
 GET /login?verified=true 200 in 911ms (next.js: 100ms, proxy.ts: 16ms, application-code: 795ms)
 GET /login 200 in 934ms (next.js: 50ms, proxy.ts: 20ms, application-code: 864ms)
 GET /login?verified=true 200 in 921ms (next.js: 137ms, proxy.ts: 17ms, application-code: 767ms)
 GET /login 200 in 891ms (next.js: 42ms, proxy.ts: 23ms, application-code: 826ms)
 GET /login?verified=true 200 in 882ms (next.js: 115ms, proxy.ts: 16ms, application-code: 751ms)
 GET /login 200 in 874ms (next.js: 40ms, proxy.ts: 17ms, application-code: 817ms)
 GET /login?verified=true 200 in 869ms (next.js: 100ms, proxy.ts: 16ms, application-code: 754ms)
 GET /login 200 in 855ms (next.js: 42ms, proxy.ts: 14ms, application-code: 800ms)
 GET /login?verified=true 200 in 855ms (next.js: 100ms, proxy.ts: 13ms, application-code: 742ms)
 GET /login 200 in 823ms (next.js: 41ms, proxy.ts: 21ms, application-code: 761ms)
 GET /login?verified=true 200 in 816ms (next.js: 96ms, proxy.ts: 14ms, application-code: 706ms)
 GET /login?verified=true 200 in 794ms (next.js: 34ms, proxy.ts: 20ms, application-code: 739ms)
 GET /login 200 in 825ms (next.js: 150ms, proxy.ts: 20ms, application-code: 655ms)
 GET /login?verified=true 200 in 766ms (next.js: 35ms, proxy.ts: 16ms, application-code: 714ms)
 GET /login 200 in 763ms (next.js: 91ms, proxy.ts: 13ms, application-code: 659ms)
 GET /login?verified=true 200 in 871ms (next.js: 40ms, proxy.ts: 17ms, application-code: 814ms)
 GET /login 200 in 871ms (next.js: 93ms, proxy.ts: 14ms, application-code: 764ms)
 GET /login?verified=true 200 in 880ms (next.js: 38ms, proxy.ts: 16ms, application-code: 826ms)
 GET /login 200 in 882ms (next.js: 94ms, proxy.ts: 14ms, application-code: 775ms)
 GET /login?verified=true 200 in 883ms (next.js: 41ms, proxy.ts: 16ms, application-code: 827ms)
 GET /login 200 in 881ms (next.js: 95ms, proxy.ts: 16ms, application-code: 770ms)
 GET /login?verified=true 200 in 892ms (next.js: 81ms, proxy.ts: 16ms, application-code: 796ms)
 GET /login 200 in 884ms (next.js: 168ms, proxy.ts: 14ms, application-code: 702ms)
 GET /login?verified=true 200 in 812ms (next.js: 38ms, proxy.ts: 46ms, application-code: 728ms)
 GET /login 200 in 777ms (next.js: 98ms, proxy.ts: 16ms, application-code: 663ms)
 GET /login?verified=true 200 in 832ms (next.js: 37ms, proxy.ts: 20ms, application-code: 775ms)
 GET /login 200 in 823ms (next.js: 97ms, proxy.ts: 15ms, application-code: 710ms)
 GET /login?verified=true 200 in 815ms (next.js: 34ms, proxy.ts: 14ms, application-code: 766ms)
 GET /login 200 in 811ms (next.js: 96ms, proxy.ts: 12ms, application-code: 704ms)
 GET /login?verified=true 200 in 868ms (next.js: 42ms, proxy.ts: 18ms, application-code: 809ms)
 GET /login 200 in 864ms (next.js: 93ms, proxy.ts: 15ms, application-code: 755ms)
 GET /login?verified=true 200 in 1038ms (next.js: 40ms, proxy.ts: 20ms, application-code: 978ms)
 GET /login 200 in 1085ms (next.js: 112ms, proxy.ts: 12ms, application-code: 961ms)
 GET /login?verified=true 200 in 2.1s (next.js: 41ms, proxy.ts: 19ms, application-code: 2.0s)
 GET /login 200 in 2.1s (next.js: 95ms, proxy.ts: 15ms, application-code: 1951ms)
 GET /login?verified=true 200 in 2.1s (next.js: 72ms, proxy.ts: 16ms, application-code: 2.0s)
 GET /login 200 in 2.1s (next.js: 135ms, proxy.ts: 16ms, application-code: 1954ms)
 GET /login?verified=true 200 in 2.1s (next.js: 40ms, proxy.ts: 16ms, application-code: 2.0s)
 GET /login 200 in 2.1s (next.js: 93ms, proxy.ts: 14ms, application-code: 1964ms)
 GET /login?verified=true 200 in 2.1s (next.js: 369ms, proxy.ts: 122ms, application-code: 1594ms)
 GET /login 200 in 1958ms (next.js: 1148ms, proxy.ts: 76ms, application-code: 733ms)
 GET /login?verified=true 200 in 830ms (next.js: 48ms, proxy.ts: 30ms, application-code: 752ms)
 GET /login 200 in 816ms (next.js: 126ms, proxy.ts: 17ms, application-code: 672ms)
 GET /login?verified=true 200 in 785ms (next.js: 37ms, proxy.ts: 18ms, application-code: 730ms)
 GET /login 200 in 781ms (next.js: 99ms, proxy.ts: 14ms, application-code: 668ms)
 GET /login?verified=true 200 in 806ms (next.js: 40ms, proxy.ts: 22ms, application-code: 744ms)
 GET /login 200 in 801ms (next.js: 99ms, proxy.ts: 17ms, application-code: 685ms)
 GET /login?verified=true 200 in 836ms (next.js: 49ms, proxy.ts: 16ms, application-code: 771ms)
 GET /login 200 in 820ms (next.js: 87ms, proxy.ts: 15ms, application-code: 719ms)
 GET /login 200 in 819ms (next.js: 98ms, proxy.ts: 24ms, application-code: 697ms)
 GET /login?verified=true 200 in 826ms (next.js: 39ms, proxy.ts: 27ms, application-code: 761ms)
 GET /login?verified=true 200 in 807ms (next.js: 42ms, proxy.ts: 22ms, application-code: 744ms)
 GET /login 200 in 814ms (next.js: 103ms, proxy.ts: 24ms, application-code: 687ms)
 GET /login?verified=true 200 in 796ms (next.js: 49ms, proxy.ts: 28ms, application-code: 719ms)
 GET /login 200 in 781ms (next.js: 101ms, proxy.ts: 17ms, application-code: 663ms)
 GET /login?verified=true 200 in 759ms (next.js: 42ms, proxy.ts: 13ms, application-code: 704ms)
 GET /login 200 in 757ms (next.js: 89ms, proxy.ts: 17ms, application-code: 652ms)
 GET /login?verified=true 200 in 799ms (next.js: 41ms, proxy.ts: 15ms, application-code: 742ms)
 GET /login 200 in 796ms (next.js: 93ms, proxy.ts: 16ms, application-code: 687ms)
 GET /login?verified=true 200 in 851ms (next.js: 37ms, proxy.ts: 17ms, application-code: 797ms)
 GET /login 200 in 846ms (next.js: 106ms, proxy.ts: 14ms, application-code: 726ms)
 GET /login?verified=true 200 in 842ms (next.js: 40ms, proxy.ts: 16ms, application-code: 786ms)
 GET /login 200 in 836ms (next.js: 95ms, proxy.ts: 13ms, application-code: 728ms)
 GET /login?verified=true 200 in 855ms (next.js: 47ms, proxy.ts: 15ms, application-code: 792ms)
 GET /login 200 in 852ms (next.js: 117ms, proxy.ts: 18ms, application-code: 718ms)
 GET /login?verified=true 200 in 831ms (next.js: 39ms, proxy.ts: 16ms, application-code: 776ms)
 GET /login 200 in 824ms (next.js: 99ms, proxy.ts: 15ms, application-code: 710ms)
 GET /login?verified=true 200 in 854ms (next.js: 75ms, proxy.ts: 14ms, application-code: 765ms)
 GET /login 200 in 823ms (next.js: 96ms, proxy.ts: 17ms, application-code: 710ms)
 GET /login?verified=true 200 in 818ms (next.js: 34ms, proxy.ts: 16ms, application-code: 768ms)
 GET /login 200 in 812ms (next.js: 98ms, proxy.ts: 14ms, application-code: 700ms)
 GET /login?verified=true 200 in 798ms (next.js: 43ms, proxy.ts: 15ms, application-code: 740ms)
 GET /login 200 in 791ms (next.js: 101ms, proxy.ts: 15ms, application-code: 675ms)
 GET /login?verified=true 200 in 832ms (next.js: 41ms, proxy.ts: 17ms, application-code: 774ms)
 GET /login 200 in 828ms (next.js: 104ms, proxy.ts: 15ms, application-code: 709ms)
 GET /login?verified=true 200 in 813ms (next.js: 48ms, proxy.ts: 20ms, application-code: 746ms)
 GET /login 200 in 805ms (next.js: 95ms, proxy.ts: 18ms, application-code: 692ms)
 GET /login?verified=true 200 in 838ms (next.js: 40ms, proxy.ts: 13ms, application-code: 785ms)
 GET /login 200 in 838ms (next.js: 89ms, proxy.ts: 16ms, application-code: 732ms)
 GET /login?verified=true 200 in 871ms (next.js: 67ms, proxy.ts: 16ms, application-code: 788ms)
 GET /login 200 in 868ms (next.js: 119ms, proxy.ts: 15ms, application-code: 733ms)
 GET /login?verified=true 200 in 837ms (next.js: 43ms, proxy.ts: 15ms, application-code: 779ms)
 GET /login 200 in 836ms (next.js: 102ms, proxy.ts: 12ms, application-code: 722ms)
 GET /login?verified=true 200 in 829ms (next.js: 45ms, proxy.ts: 17ms, application-code: 766ms)
 GET /login 200 in 823ms (next.js: 107ms, proxy.ts: 17ms, application-code: 699ms)
 GET /login?verified=true 200 in 833ms (next.js: 48ms, proxy.ts: 18ms, application-code: 766ms)
 GET /login 200 in 826ms (next.js: 124ms, proxy.ts: 18ms, application-code: 684ms)
 GET /login?verified=true 200 in 805ms (next.js: 39ms, proxy.ts: 15ms, application-code: 751ms)
 GET /login 200 in 802ms (next.js: 102ms, proxy.ts: 15ms, application-code: 686ms)
 GET /login?verified=true 200 in 833ms (next.js: 45ms, proxy.ts: 18ms, application-code: 770ms)
 GET /login 200 in 824ms (next.js: 95ms, proxy.ts: 13ms, application-code: 716ms)
 GET /login?verified=true 200 in 837ms (next.js: 43ms, proxy.ts: 16ms, application-code: 777ms)
 GET /login 200 in 832ms (next.js: 94ms, proxy.ts: 15ms, application-code: 723ms)
 GET /login?verified=true 200 in 800ms (next.js: 44ms, proxy.ts: 15ms, application-code: 741ms)
 GET /login 200 in 801ms (next.js: 98ms, proxy.ts: 14ms, application-code: 688ms)
 GET /login?verified=true 200 in 819ms (next.js: 53ms, proxy.ts: 17ms, application-code: 750ms)
 GET /login 200 in 803ms (next.js: 107ms, proxy.ts: 14ms, application-code: 682ms)
 GET /login?verified=true 200 in 823ms (next.js: 40ms, proxy.ts: 20ms, application-code: 763ms)
 GET /login 200 in 820ms (next.js: 86ms, proxy.ts: 21ms, application-code: 713ms)
 GET /login?verified=true 200 in 907ms (next.js: 30ms, proxy.ts: 20ms, application-code: 856ms)
 GET /login 200 in 926ms (next.js: 98ms, proxy.ts: 20ms, application-code: 808ms)
 GET /login?verified=true 200 in 766ms (next.js: 40ms, proxy.ts: 18ms, application-code: 707ms)
 GET /login 200 in 748ms (next.js: 100ms, proxy.ts: 13ms, application-code: 634ms)
 GET /login?verified=true 200 in 575ms (next.js: 42ms, proxy.ts: 15ms, application-code: 518ms)
 GET /login 200 in 559ms (next.js: 101ms, proxy.ts: 18ms, application-code: 440ms)
 GET /login?verified=true 200 in 390ms (next.js: 85ms, proxy.ts: 15ms, application-code: 291ms)
 GET /login 200 in 347ms (next.js: 97ms, proxy.ts: 22ms, application-code: 228ms)
 GET /login?verified=true 200 in 1250ms (next.js: 185ms, proxy.ts: 78ms, application-code: 987ms)
 GET /login 200 in 1245ms (next.js: 65ms, proxy.ts: 74ms, application-code: 1106ms)
 GET /login 200 in 1079ms (next.js: 136ms, proxy.ts: 30ms, application-code: 913ms)
 GET /login?verified=true 200 in 1079ms (next.js: 42ms, proxy.ts: 31ms, application-code: 1005ms)
 GET /login 200 in 1084ms (next.js: 126ms, proxy.ts: 21ms, application-code: 937ms)
 GET /login?verified=true 200 in 1089ms (next.js: 44ms, proxy.ts: 21ms, application-code: 1024ms)
 GET /login?verified=true 200 in 1074ms (next.js: 53ms, proxy.ts: 27ms, application-code: 994ms)
 GET /login 200 in 1070ms (next.js: 141ms, proxy.ts: 26ms, application-code: 904ms)
 GET /login?verified=true 200 in 1024ms (next.js: 45ms, proxy.ts: 29ms, application-code: 950ms)
 GET /login 200 in 1021ms (next.js: 125ms, proxy.ts: 28ms, application-code: 869ms)
 GET /login?verified=true 200 in 979ms (next.js: 81ms, proxy.ts: 23ms, application-code: 875ms)
 GET /login 200 in 977ms (next.js: 147ms, proxy.ts: 24ms, application-code: 806ms)
 GET /login?verified=true 200 in 909ms (next.js: 45ms, proxy.ts: 22ms, application-code: 842ms)
 GET /login 200 in 908ms (next.js: 123ms, proxy.ts: 25ms, application-code: 761ms)
 GET /login?verified=true 200 in 962ms (next.js: 39ms, proxy.ts: 21ms, application-code: 902ms)
 GET /login 200 in 969ms (next.js: 134ms, proxy.ts: 20ms, application-code: 814ms)
 GET /login?verified=true 200 in 999ms (next.js: 50ms, proxy.ts: 19ms, application-code: 930ms)
 GET /login 200 in 992ms (next.js: 112ms, proxy.ts: 21ms, application-code: 859ms)
 GET /login?verified=true 200 in 1013ms (next.js: 44ms, proxy.ts: 18ms, application-code: 951ms)
 GET /login 200 in 1004ms (next.js: 103ms, proxy.ts: 17ms, application-code: 884ms)
 GET /login?verified=true 200 in 1039ms (next.js: 46ms, proxy.ts: 17ms, application-code: 976ms)
 GET /login 200 in 1034ms (next.js: 138ms, proxy.ts: 18ms, application-code: 879ms)
 GET /login?verified=true 200 in 971ms (next.js: 50ms, proxy.ts: 33ms, application-code: 888ms)
 GET /login 200 in 949ms (next.js: 110ms, proxy.ts: 20ms, application-code: 819ms)
 GET /login?verified=true 200 in 886ms (next.js: 47ms, proxy.ts: 21ms, application-code: 818ms)
 GET /login 200 in 877ms (next.js: 111ms, proxy.ts: 19ms, application-code: 747ms)
 GET /login?verified=true 200 in 834ms (next.js: 45ms, proxy.ts: 16ms, application-code: 774ms)
 GET /login 200 in 832ms (next.js: 130ms, proxy.ts: 16ms, application-code: 685ms)
 GET /login?verified=true 200 in 840ms (next.js: 44ms, proxy.ts: 18ms, application-code: 778ms)
 GET /login 200 in 835ms (next.js: 102ms, proxy.ts: 16ms, application-code: 717ms)
 GET /login?verified=true 200 in 840ms (next.js: 38ms, proxy.ts: 18ms, application-code: 784ms)
 GET /login 200 in 833ms (next.js: 102ms, proxy.ts: 14ms, application-code: 717ms)
 GET /login?verified=true 200 in 829ms (next.js: 41ms, proxy.ts: 18ms, application-code: 769ms)
 GET /login 200 in 823ms (next.js: 95ms, proxy.ts: 16ms, application-code: 712ms)
 GET /login?verified=true 200 in 843ms (next.js: 48ms, proxy.ts: 18ms, application-code: 777ms)
 GET /login 200 in 833ms (next.js: 99ms, proxy.ts: 21ms, application-code: 713ms)
 GET /login?verified=true 200 in 821ms (next.js: 76ms, proxy.ts: 24ms, application-code: 721ms)
 GET /login 200 in 783ms (next.js: 102ms, proxy.ts: 23ms, application-code: 658ms)
 GET /login?verified=true 200 in 813ms (next.js: 37ms, proxy.ts: 15ms, application-code: 761ms)
 GET /login 200 in 806ms (next.js: 91ms, proxy.ts: 15ms, application-code: 699ms)
 GET /login?verified=true 200 in 841ms (next.js: 41ms, proxy.ts: 17ms, application-code: 782ms)
 GET /login 200 in 833ms (next.js: 102ms, proxy.ts: 12ms, application-code: 719ms)
 GET /login?verified=true 200 in 867ms (next.js: 36ms, proxy.ts: 16ms, application-code: 815ms)
 GET /login 200 in 865ms (next.js: 96ms, proxy.ts: 14ms, application-code: 755ms)
 GET /login?verified=true 200 in 865ms (next.js: 41ms, proxy.ts: 15ms, application-code: 809ms)
 GET /login 200 in 862ms (next.js: 131ms, proxy.ts: 15ms, application-code: 716ms)
 GET /login?verified=true 200 in 838ms (next.js: 63ms, proxy.ts: 18ms, application-code: 758ms)
 GET /login 200 in 821ms (next.js: 112ms, proxy.ts: 27ms, application-code: 682ms)
 GET /login?verified=true 200 in 802ms (next.js: 64ms, proxy.ts: 20ms, application-code: 718ms)
 GET /login 200 in 802ms (next.js: 123ms, proxy.ts: 19ms, application-code: 660ms)
 GET /login 200 in 785ms (next.js: 88ms, proxy.ts: 23ms, application-code: 674ms)
 GET /login?verified=true 200 in 791ms (next.js: 37ms, proxy.ts: 25ms, application-code: 730ms)
 GET /login 200 in 794ms (next.js: 26ms, proxy.ts: 23ms, application-code: 746ms)
 GET /login?verified=true 200 in 810ms (next.js: 98ms, proxy.ts: 21ms, application-code: 691ms)
 GET /login 200 in 809ms (next.js: 38ms, proxy.ts: 18ms, application-code: 753ms)
 GET /login?verified=true 200 in 806ms (next.js: 87ms, proxy.ts: 16ms, application-code: 704ms)
 GET /login 200 in 746ms (next.js: 47ms, proxy.ts: 20ms, application-code: 679ms)
 GET /login?verified=true 200 in 798ms (next.js: 95ms, proxy.ts: 22ms, application-code: 681ms)
 GET /login 200 in 712ms (next.js: 41ms, proxy.ts: 17ms, application-code: 655ms)
 GET /login?verified=true 200 in 766ms (next.js: 94ms, proxy.ts: 16ms, application-code: 656ms)
 GET /login 200 in 806ms (next.js: 46ms, proxy.ts: 15ms, application-code: 745ms)
 GET /login?verified=true 200 in 791ms (next.js: 93ms, proxy.ts: 11ms, application-code: 687ms)
 GET /login 200 in 795ms (next.js: 24ms, proxy.ts: 19ms, application-code: 752ms)
 GET /login?verified=true 200 in 805ms (next.js: 99ms, proxy.ts: 19ms, application-code: 687ms)
 GET /login 200 in 804ms (next.js: 35ms, proxy.ts: 20ms, application-code: 749ms)
 GET /login?verified=true 200 in 795ms (next.js: 92ms, proxy.ts: 11ms, application-code: 692ms)
 GET /login 200 in 851ms (next.js: 35ms, proxy.ts: 17ms, application-code: 799ms)
 GET /login?verified=true 200 in 846ms (next.js: 112ms, proxy.ts: 11ms, application-code: 723ms)
 GET /login 200 in 838ms (next.js: 39ms, proxy.ts: 16ms, application-code: 783ms)
 GET /login?verified=true 200 in 834ms (next.js: 110ms, proxy.ts: 15ms, application-code: 709ms)
 GET /login 200 in 863ms (next.js: 41ms, proxy.ts: 18ms, application-code: 804ms)
 GET /login?verified=true 200 in 854ms (next.js: 98ms, proxy.ts: 16ms, application-code: 740ms)
 GET /login 200 in 894ms (next.js: 42ms, proxy.ts: 17ms, application-code: 835ms)
 GET /login?verified=true 200 in 888ms (next.js: 112ms, proxy.ts: 15ms, application-code: 760ms)
 GET /login 200 in 889ms (next.js: 74ms, proxy.ts: 18ms, application-code: 797ms)
 GET /login?verified=true 200 in 882ms (next.js: 96ms, proxy.ts: 47ms, application-code: 739ms)
 GET /login 200 in 865ms (next.js: 40ms, proxy.ts: 22ms, application-code: 803ms)
 GET /login?verified=true 200 in 855ms (next.js: 96ms, proxy.ts: 12ms, application-code: 746ms)
 GET /login 200 in 840ms (next.js: 44ms, proxy.ts: 17ms, application-code: 779ms)
 GET /login?verified=true 200 in 834ms (next.js: 132ms, proxy.ts: 15ms, application-code: 687ms)
 GET /login 200 in 871ms (next.js: 39ms, proxy.ts: 16ms, application-code: 816ms)
 GET /login?verified=true 200 in 865ms (next.js: 100ms, proxy.ts: 15ms, application-code: 749ms)
 GET /login 200 in 891ms (next.js: 45ms, proxy.ts: 17ms, application-code: 830ms)
 GET /login?verified=true 200 in 883ms (next.js: 104ms, proxy.ts: 14ms, application-code: 765ms)
 GET /login 200 in 932ms (next.js: 39ms, proxy.ts: 16ms, application-code: 877ms)
 GET /login?verified=true 200 in 936ms (next.js: 109ms, proxy.ts: 15ms, application-code: 813ms)
 GET /login 200 in 961ms (next.js: 66ms, proxy.ts: 17ms, application-code: 878ms)
 GET /login?verified=true 200 in 954ms (next.js: 125ms, proxy.ts: 14ms, application-code: 814ms)
 GET /login 200 in 897ms (next.js: 45ms, proxy.ts: 17ms, application-code: 835ms)
 GET /login?verified=true 200 in 890ms (next.js: 118ms, proxy.ts: 17ms, application-code: 756ms)
 GET /login 200 in 899ms (next.js: 40ms, proxy.ts: 18ms, application-code: 841ms)
 GET /login?verified=true 200 in 888ms (next.js: 119ms, proxy.ts: 14ms, application-code: 756ms)
 GET /login 200 in 883ms (next.js: 53ms, proxy.ts: 18ms, application-code: 812ms)
 GET /login?verified=true 200 in 877ms (next.js: 122ms, proxy.ts: 27ms, application-code: 728ms)
 GET /login 200 in 856ms (next.js: 37ms, proxy.ts: 19ms, application-code: 800ms)
 GET /login?verified=true 200 in 849ms (next.js: 90ms, proxy.ts: 14ms, application-code: 745ms)
 GET /login 200 in 853ms (next.js: 43ms, proxy.ts: 17ms, application-code: 793ms)
 GET /login?verified=true 200 in 847ms (next.js: 111ms, proxy.ts: 15ms, application-code: 721ms)
 GET /login 200 in 829ms (next.js: 38ms, proxy.ts: 17ms, application-code: 775ms)
 GET /login?verified=true 200 in 826ms (next.js: 102ms, proxy.ts: 14ms, application-code: 709ms)
 GET /login 200 in 788ms (next.js: 40ms, proxy.ts: 12ms, application-code: 736ms)
 GET /login?verified=true 200 in 787ms (next.js: 116ms, proxy.ts: 12ms, application-code: 659ms)
 GET /login 200 in 801ms (next.js: 41ms, proxy.ts: 17ms, application-code: 743ms)
 GET /login?verified=true 200 in 795ms (next.js: 90ms, proxy.ts: 17ms, application-code: 688ms)
 GET /login 200 in 827ms (next.js: 37ms, proxy.ts: 16ms, application-code: 773ms)
 GET /login?verified=true 200 in 821ms (next.js: 98ms, proxy.ts: 14ms, application-code: 709ms)
 GET /login 200 in 823ms (next.js: 43ms, proxy.ts: 17ms, application-code: 763ms)
 GET /login?verified=true 200 in 815ms (next.js: 97ms, proxy.ts: 16ms, application-code: 702ms)
 GET /login 200 in 813ms (next.js: 47ms, proxy.ts: 16ms, application-code: 750ms)
 GET /login?verified=true 200 in 809ms (next.js: 109ms, proxy.ts: 16ms, application-code: 683ms)
 GET /login 200 in 797ms (next.js: 46ms, proxy.ts: 18ms, application-code: 732ms)
 GET /login?verified=true 200 in 786ms (next.js: 95ms, proxy.ts: 17ms, application-code: 674ms)
 GET /login 200 in 794ms (next.js: 69ms, proxy.ts: 16ms, application-code: 709ms)
 GET /login?verified=true 200 in 761ms (next.js: 90ms, proxy.ts: 18ms, application-code: 654ms)
 GET /login 200 in 782ms (next.js: 37ms, proxy.ts: 15ms, application-code: 730ms)
 GET /login?verified=true 200 in 778ms (next.js: 88ms, proxy.ts: 14ms, application-code: 676ms)
 GET /login 200 in 785ms (next.js: 41ms, proxy.ts: 18ms, application-code: 726ms)
 GET /login?verified=true 200 in 777ms (next.js: 93ms, proxy.ts: 12ms, application-code: 672ms)
 GET /login 200 in 812ms (next.js: 38ms, proxy.ts: 18ms, application-code: 756ms)
 GET /login?verified=true 200 in 804ms (next.js: 89ms, proxy.ts: 14ms, application-code: 701ms)
 GET /login 200 in 816ms (next.js: 42ms, proxy.ts: 18ms, application-code: 757ms)
 GET /login?verified=true 200 in 812ms (next.js: 105ms, proxy.ts: 14ms, application-code: 693ms)
 GET /login 200 in 803ms (next.js: 38ms, proxy.ts: 15ms, application-code: 750ms)
 GET /login?verified=true 200 in 797ms (next.js: 90ms, proxy.ts: 13ms, application-code: 694ms)
 GET /login 200 in 845ms (next.js: 69ms, proxy.ts: 17ms, application-code: 760ms)
 GET /login?verified=true 200 in 841ms (next.js: 127ms, proxy.ts: 14ms, application-code: 700ms)
 GET /login 200 in 812ms (next.js: 45ms, proxy.ts: 17ms, application-code: 749ms)
 GET /login?verified=true 200 in 803ms (next.js: 98ms, proxy.ts: 16ms, application-code: 690ms)
 GET /login 200 in 801ms (next.js: 39ms, proxy.ts: 17ms, application-code: 746ms)
 GET /login?verified=true 200 in 795ms (next.js: 101ms, proxy.ts: 12ms, application-code: 681ms)
 GET /login 200 in 843ms (next.js: 44ms, proxy.ts: 16ms, application-code: 783ms)
 GET /login?verified=true 200 in 836ms (next.js: 113ms, proxy.ts: 14ms, application-code: 709ms)
 GET /login 200 in 802ms (next.js: 47ms, proxy.ts: 19ms, application-code: 736ms)
 GET /login?verified=true 200 in 793ms (next.js: 95ms, proxy.ts: 17ms, application-code: 681ms)
 GET /login 200 in 818ms (next.js: 41ms, proxy.ts: 18ms, application-code: 759ms)
 GET /login?verified=true 200 in 811ms (next.js: 95ms, proxy.ts: 14ms, application-code: 701ms)
 GET /login 200 in 844ms (next.js: 46ms, proxy.ts: 16ms, application-code: 781ms)
 GET /login?verified=true 200 in 838ms (next.js: 109ms, proxy.ts: 15ms, application-code: 715ms)
 GET /login 200 in 795ms (next.js: 41ms, proxy.ts: 16ms, application-code: 737ms)
 GET /login?verified=true 200 in 790ms (next.js: 84ms, proxy.ts: 16ms, application-code: 689ms)
 GET /login 200 in 809ms (next.js: 42ms, proxy.ts: 14ms, application-code: 754ms)
 GET /login?verified=true 200 in 807ms (next.js: 94ms, proxy.ts: 13ms, application-code: 700ms)
 GET /login 200 in 839ms (next.js: 40ms, proxy.ts: 20ms, application-code: 779ms)
 GET /login?verified=true 200 in 826ms (next.js: 94ms, proxy.ts: 14ms, application-code: 718ms)
 GET /login 200 in 819ms (next.js: 40ms, proxy.ts: 20ms, application-code: 759ms)
 GET /login?verified=true 200 in 812ms (next.js: 93ms, proxy.ts: 14ms, application-code: 705ms)
 GET /login 200 in 831ms (next.js: 38ms, proxy.ts: 17ms, application-code: 775ms)
 GET /login?verified=true 200 in 825ms (next.js: 97ms, proxy.ts: 12ms, application-code: 717ms)
 GET /login 200 in 839ms (next.js: 42ms, proxy.ts: 16ms, application-code: 781ms)
 GET /login?verified=true 200 in 832ms (next.js: 99ms, proxy.ts: 14ms, application-code: 720ms)
 GET /login 200 in 840ms (next.js: 68ms, proxy.ts: 19ms, application-code: 753ms)
 GET /login?verified=true 200 in 832ms (next.js: 98ms, proxy.ts: 45ms, application-code: 689ms)
 GET /login 200 in 794ms (next.js: 43ms, proxy.ts: 16ms, application-code: 735ms)
 GET /login?verified=true 200 in 790ms (next.js: 101ms, proxy.ts: 16ms, application-code: 672ms)
 GET /login 200 in 803ms (next.js: 45ms, proxy.ts: 20ms, application-code: 738ms)
 GET /login?verified=true 200 in 797ms (next.js: 102ms, proxy.ts: 16ms, application-code: 679ms)
 GET /login 200 in 822ms (next.js: 41ms, proxy.ts: 13ms, application-code: 768ms)
 GET /login?verified=true 200 in 818ms (next.js: 95ms, proxy.ts: 13ms, application-code: 709ms)
 GET /login 200 in 824ms (next.js: 39ms, proxy.ts: 17ms, application-code: 767ms)
 GET /login?verified=true 200 in 817ms (next.js: 97ms, proxy.ts: 16ms, application-code: 704ms)
 GET /login 200 in 829ms (next.js: 40ms, proxy.ts: 15ms, application-code: 773ms)
 GET /login?verified=true 200 in 822ms (next.js: 103ms, proxy.ts: 16ms, application-code: 703ms)
 GET /login 200 in 824ms (next.js: 69ms, proxy.ts: 19ms, application-code: 736ms)
 GET /login?verified=true 200 in 815ms (next.js: 121ms, proxy.ts: 18ms, application-code: 676ms)
 GET /login 200 in 783ms (next.js: 44ms, proxy.ts: 16ms, application-code: 723ms)
 GET /login?verified=true 200 in 777ms (next.js: 101ms, proxy.ts: 16ms, application-code: 660ms)
 GET /login 200 in 777ms (next.js: 38ms, proxy.ts: 16ms, application-code: 724ms)
 GET /login?verified=true 200 in 770ms (next.js: 102ms, proxy.ts: 14ms, application-code: 655ms)
 GET /login 200 in 833ms (next.js: 42ms, proxy.ts: 16ms, application-code: 775ms)
 GET /login?verified=true 200 in 830ms (next.js: 101ms, proxy.ts: 13ms, application-code: 716ms)
 GET /login 200 in 837ms (next.js: 36ms, proxy.ts: 15ms, application-code: 786ms)
 GET /login?verified=true 200 in 844ms (next.js: 90ms, proxy.ts: 14ms, application-code: 739ms)
 GET /login 200 in 851ms (next.js: 40ms, proxy.ts: 17ms, application-code: 794ms)
 GET /login?verified=true 200 in 846ms (next.js: 94ms, proxy.ts: 13ms, application-code: 738ms)
 GET /login 200 in 850ms (next.js: 38ms, proxy.ts: 17ms, application-code: 794ms)
 GET /login?verified=true 200 in 841ms (next.js: 111ms, proxy.ts: 15ms, application-code: 716ms)
 GET /login 200 in 808ms (next.js: 45ms, proxy.ts: 35ms, application-code: 727ms)
 GET /login?verified=true 200 in 782ms (next.js: 101ms, proxy.ts: 16ms, application-code: 665ms)
 GET /login 200 in 792ms (next.js: 53ms, proxy.ts: 24ms, application-code: 716ms)
 GET /login?verified=true 200 in 780ms (next.js: 105ms, proxy.ts: 16ms, application-code: 659ms)
 GET /login 200 in 824ms (next.js: 40ms, proxy.ts: 16ms, application-code: 767ms)
 GET /login?verified=true 200 in 815ms (next.js: 95ms, proxy.ts: 14ms, application-code: 707ms)
 GET /login 200 in 827ms (next.js: 41ms, proxy.ts: 16ms, application-code: 770ms)
 GET /login?verified=true 200 in 820ms (next.js: 100ms, proxy.ts: 12ms, application-code: 708ms)
 GET /login 200 in 856ms (next.js: 39ms, proxy.ts: 12ms, application-code: 805ms)
 GET /login?verified=true 200 in 877ms (next.js: 100ms, proxy.ts: 12ms, application-code: 765ms)
 GET /login 200 in 874ms (next.js: 41ms, proxy.ts: 16ms, application-code: 817ms)
 GET /login?verified=true 200 in 871ms (next.js: 100ms, proxy.ts: 14ms, application-code: 756ms)
 GET /login 200 in 885ms (next.js: 62ms, proxy.ts: 14ms, application-code: 809ms)
 GET /login?verified=true 200 in 884ms (next.js: 102ms, proxy.ts: 38ms, application-code: 744ms)
 GET /login 200 in 884ms (next.js: 38ms, proxy.ts: 14ms, application-code: 832ms)
 GET /login?verified=true 200 in 882ms (next.js: 98ms, proxy.ts: 11ms, application-code: 773ms)
 GET /login 200 in 863ms (next.js: 63ms, proxy.ts: 16ms, application-code: 784ms)
 GET /login?verified=true 200 in 856ms (next.js: 96ms, proxy.ts: 39ms, application-code: 721ms)
 GET /login 200 in 906ms (next.js: 42ms, proxy.ts: 17ms, application-code: 847ms)
 GET /login?verified=true 200 in 899ms (next.js: 103ms, proxy.ts: 14ms, application-code: 782ms)
 GET /login 200 in 900ms (next.js: 48ms, proxy.ts: 23ms, application-code: 829ms)
 GET /login?verified=true 200 in 889ms (next.js: 109ms, proxy.ts: 17ms, application-code: 763ms)
 GET /login 200 in 890ms (next.js: 48ms, proxy.ts: 16ms, application-code: 826ms)
 GET /login?verified=true 200 in 885ms (next.js: 103ms, proxy.ts: 16ms, application-code: 766ms)
 GET /login 200 in 906ms (next.js: 66ms, proxy.ts: 15ms, application-code: 824ms)
 GET /login?verified=true 200 in 902ms (next.js: 157ms, proxy.ts: 15ms, application-code: 730ms)
 GET /login 200 in 833ms (next.js: 42ms, proxy.ts: 16ms, application-code: 775ms)
 GET /login?verified=true 200 in 827ms (next.js: 104ms, proxy.ts: 14ms, application-code: 709ms)
 GET /login 200 in 815ms (next.js: 45ms, proxy.ts: 16ms, application-code: 754ms)
 GET /login?verified=true 200 in 810ms (next.js: 102ms, proxy.ts: 16ms, application-code: 692ms)
 GET /login 200 in 820ms (next.js: 43ms, proxy.ts: 19ms, application-code: 757ms)
 GET /login?verified=true 200 in 810ms (next.js: 102ms, proxy.ts: 18ms, application-code: 690ms)
 GET /login 200 in 913ms (next.js: 39ms, proxy.ts: 17ms, application-code: 857ms)
 GET /login?verified=true 200 in 982ms (next.js: 92ms, proxy.ts: 14ms, application-code: 876ms)
 GET /login 200 in 2.2s (next.js: 36ms, proxy.ts: 15ms, application-code: 2.1s)
 GET /login?verified=true 200 in 2.2s (next.js: 93ms, proxy.ts: 11ms, application-code: 2.1s)
 GET /login 200 in 2.2s (next.js: 37ms, proxy.ts: 15ms, application-code: 2.1s)
 GET /login?verified=true 200 in 2.2s (next.js: 94ms, proxy.ts: 12ms, application-code: 2.1s)
 GET /login 200 in 2.2s (next.js: 40ms, proxy.ts: 12ms, application-code: 2.1s)
 GET /login?verified=true 200 in 2.2s (next.js: 97ms, proxy.ts: 14ms, application-code: 2.1s)
 GET /login?verified=true 200 in 2.1s (next.js: 1308ms, proxy.ts: 126ms, application-code: 701ms)
 GET /login 200 in 2.2s (next.js: 430ms, proxy.ts: 20ms, application-code: 1758ms)
 GET /login 200 in 824ms (next.js: 40ms, proxy.ts: 29ms, application-code: 755ms)
 GET /login?verified=true 200 in 816ms (next.js: 97ms, proxy.ts: 24ms, application-code: 696ms)
 GET /login?verified=true 200 in 816ms (next.js: 88ms, proxy.ts: 28ms, application-code: 700ms)
 GET /login 200 in 823ms (next.js: 38ms, proxy.ts: 27ms, application-code: 758ms)
 GET /login?verified=true 200 in 817ms (next.js: 30ms, proxy.ts: 29ms, application-code: 758ms)
 GET /login 200 in 834ms (next.js: 108ms, proxy.ts: 28ms, application-code: 699ms)
 GET /login?verified=true 200 in 845ms (next.js: 43ms, proxy.ts: 21ms, application-code: 780ms)
 GET /login 200 in 833ms (next.js: 109ms, proxy.ts: 16ms, application-code: 707ms)
 GET /login?verified=true 200 in 830ms (next.js: 44ms, proxy.ts: 15ms, application-code: 770ms)
 GET /login 200 in 827ms (next.js: 105ms, proxy.ts: 16ms, application-code: 706ms)
 GET /login?verified=true 200 in 837ms (next.js: 38ms, proxy.ts: 16ms, application-code: 783ms)
 GET /login 200 in 833ms (next.js: 97ms, proxy.ts: 16ms, application-code: 719ms)
 GET /login?verified=true 200 in 850ms (next.js: 46ms, proxy.ts: 12ms, application-code: 792ms)
 GET /login 200 in 844ms (next.js: 100ms, proxy.ts: 19ms, application-code: 724ms)
 GET /login?verified=true 200 in 827ms (next.js: 38ms, proxy.ts: 31ms, application-code: 758ms)
 GET /login 200 in 810ms (next.js: 98ms, proxy.ts: 15ms, application-code: 697ms)
 GET /login?verified=true 200 in 790ms (next.js: 41ms, proxy.ts: 18ms, application-code: 731ms)
 GET /login 200 in 783ms (next.js: 97ms, proxy.ts: 12ms, application-code: 674ms)
 GET /login?verified=true 200 in 777ms (next.js: 41ms, proxy.ts: 22ms, application-code: 714ms)
 GET /login 200 in 805ms (next.js: 102ms, proxy.ts: 17ms, application-code: 686ms)
 GET /login?verified=true 200 in 789ms (next.js: 47ms, proxy.ts: 17ms, application-code: 725ms)
 GET /login 200 in 774ms (next.js: 86ms, proxy.ts: 14ms, application-code: 674ms)
 GET /login?verified=true 200 in 722ms (next.js: 31ms, proxy.ts: 22ms, application-code: 669ms)
 GET /login 200 in 798ms (next.js: 93ms, proxy.ts: 21ms, application-code: 684ms)
 GET /login?verified=true 200 in 692ms (next.js: 35ms, proxy.ts: 17ms, application-code: 640ms)
 GET /login 200 in 749ms (next.js: 97ms, proxy.ts: 14ms, application-code: 639ms)
 GET /login?verified=true 200 in 784ms (next.js: 83ms, proxy.ts: 18ms, application-code: 683ms)
 GET /login 200 in 726ms (next.js: 92ms, proxy.ts: 10ms, application-code: 624ms)
 GET /login?verified=true 200 in 841ms (next.js: 122ms, proxy.ts: 20ms, application-code: 699ms)
 GET /login 200 in 842ms (next.js: 36ms, proxy.ts: 20ms, application-code: 785ms)
 GET /login 200 in 813ms (next.js: 36ms, proxy.ts: 24ms, application-code: 753ms)
 GET /login?verified=true 200 in 822ms (next.js: 105ms, proxy.ts: 26ms, application-code: 690ms)
 GET /login 200 in 839ms (next.js: 36ms, proxy.ts: 16ms, application-code: 786ms)
 GET /login?verified=true 200 in 835ms (next.js: 95ms, proxy.ts: 15ms, application-code: 725ms)
 GET /login 200 in 847ms (next.js: 35ms, proxy.ts: 15ms, application-code: 797ms)
 GET /login?verified=true 200 in 843ms (next.js: 96ms, proxy.ts: 13ms, application-code: 734ms)
 GET /login 200 in 841ms (next.js: 41ms, proxy.ts: 17ms, application-code: 784ms)
 GET /login?verified=true 200 in 837ms (next.js: 92ms, proxy.ts: 18ms, application-code: 726ms)
 GET /login 200 in 859ms (next.js: 67ms, proxy.ts: 18ms, application-code: 773ms)
 GET /login?verified=true 200 in 848ms (next.js: 143ms, proxy.ts: 14ms, application-code: 692ms)
 GET /login 200 in 804ms (next.js: 42ms, proxy.ts: 16ms, application-code: 746ms)
 GET /login?verified=true 200 in 799ms (next.js: 108ms, proxy.ts: 14ms, application-code: 677ms)
 GET /login 200 in 806ms (next.js: 35ms, proxy.ts: 16ms, application-code: 755ms)
 GET /login?verified=true 200 in 803ms (next.js: 94ms, proxy.ts: 13ms, application-code: 697ms)
 GET /login 200 in 970ms (next.js: 40ms, proxy.ts: 17ms, application-code: 913ms)
 GET /login?verified=true 200 in 966ms (next.js: 104ms, proxy.ts: 15ms, application-code: 848ms)
 GET /login 200 in 952ms (next.js: 40ms, proxy.ts: 18ms, application-code: 894ms)
 GET /login?verified=true 200 in 947ms (next.js: 98ms, proxy.ts: 14ms, application-code: 835ms)
 GET /login 200 in 897ms (next.js: 40ms, proxy.ts: 13ms, application-code: 844ms)
 GET /login?verified=true 200 in 957ms (next.js: 106ms, proxy.ts: 13ms, application-code: 838ms)
 GET /login?verified=true 200 in 954ms (next.js: 171ms, proxy.ts: 17ms, application-code: 767ms)
 GET /login 200 in 977ms (next.js: 63ms, proxy.ts: 18ms, application-code: 896ms)
 GET /login?verified=true 200 in 847ms (next.js: 26ms, proxy.ts: 41ms, application-code: 779ms)
 GET /login 200 in 876ms (next.js: 128ms, proxy.ts: 39ms, application-code: 709ms)
 GET /login?verified=true 200 in 906ms (next.js: 45ms, proxy.ts: 73ms, application-code: 788ms)
 GET /login 200 in 847ms (next.js: 109ms, proxy.ts: 17ms, application-code: 721ms)
 GET /login?verified=true 200 in 911ms (next.js: 41ms, proxy.ts: 77ms, application-code: 792ms)
 GET /login 200 in 876ms (next.js: 103ms, proxy.ts: 15ms, application-code: 758ms)
 GET /login?verified=true 200 in 933ms (next.js: 43ms, proxy.ts: 76ms, application-code: 814ms)
 GET /login 200 in 864ms (next.js: 98ms, proxy.ts: 15ms, application-code: 751ms)
 GET /login?verified=true 200 in 930ms (next.js: 56ms, proxy.ts: 103ms, application-code: 771ms)
 GET /login 200 in 835ms (next.js: 124ms, proxy.ts: 19ms, application-code: 691ms)
 GET /login?verified=true 200 in 876ms (next.js: 47ms, proxy.ts: 70ms, application-code: 759ms)
 GET /login 200 in 819ms (next.js: 104ms, proxy.ts: 17ms, application-code: 697ms)
 GET /login?verified=true 200 in 892ms (next.js: 75ms, proxy.ts: 80ms, application-code: 737ms)
 GET /login 200 in 791ms (next.js: 100ms, proxy.ts: 16ms, application-code: 674ms)
 GET /login?verified=true 200 in 853ms (next.js: 44ms, proxy.ts: 70ms, application-code: 739ms)
 GET /login 200 in 795ms (next.js: 102ms, proxy.ts: 15ms, application-code: 678ms)
 GET /login?verified=true 200 in 860ms (next.js: 41ms, proxy.ts: 72ms, application-code: 747ms)
 GET /login 200 in 800ms (next.js: 101ms, proxy.ts: 15ms, application-code: 684ms)
 GET /login?verified=true 200 in 883ms (next.js: 49ms, proxy.ts: 71ms, application-code: 763ms)
 GET /login 200 in 819ms (next.js: 101ms, proxy.ts: 19ms, application-code: 699ms)
 GET /login?verified=true 200 in 871ms (next.js: 40ms, proxy.ts: 88ms, application-code: 743ms)
 GET /login 200 in 798ms (next.js: 100ms, proxy.ts: 15ms, application-code: 684ms)
 GET /login?verified=true 200 in 882ms (next.js: 44ms, proxy.ts: 79ms, application-code: 760ms)
 GET /login 200 in 819ms (next.js: 105ms, proxy.ts: 15ms, application-code: 699ms)
 GET /login?verified=true 200 in 882ms (next.js: 39ms, proxy.ts: 75ms, application-code: 769ms)
 GET /login 200 in 827ms (next.js: 123ms, proxy.ts: 15ms, application-code: 689ms)
 GET /login?verified=true 200 in 874ms (next.js: 40ms, proxy.ts: 77ms, application-code: 757ms)
 GET /login 200 in 811ms (next.js: 95ms, proxy.ts: 15ms, application-code: 701ms)
 GET /login?verified=true 200 in 884ms (next.js: 46ms, proxy.ts: 70ms, application-code: 768ms)
 GET /login 200 in 827ms (next.js: 112ms, proxy.ts: 19ms, application-code: 696ms)
 GET /login?verified=true 200 in 919ms (next.js: 50ms, proxy.ts: 83ms, application-code: 785ms)
 GET /login 200 in 850ms (next.js: 102ms, proxy.ts: 18ms, application-code: 729ms)
 GET /login?verified=true 200 in 944ms (next.js: 48ms, proxy.ts: 79ms, application-code: 818ms)
 GET /login 200 in 876ms (next.js: 103ms, proxy.ts: 19ms, application-code: 754ms)
 GET /login?verified=true 200 in 966ms (next.js: 48ms, proxy.ts: 77ms, application-code: 841ms)
 GET /login 200 in 899ms (next.js: 100ms, proxy.ts: 16ms, application-code: 782ms)
 GET /login?verified=true 200 in 965ms (next.js: 48ms, proxy.ts: 78ms, application-code: 839ms)
 GET /login 200 in 906ms (next.js: 110ms, proxy.ts: 17ms, application-code: 779ms)
 GET /login?verified=true 200 in 975ms (next.js: 81ms, proxy.ts: 74ms, application-code: 820ms)
 GET /login 200 in 880ms (next.js: 121ms, proxy.ts: 19ms, application-code: 739ms)
 GET /login?verified=true 200 in 951ms (next.js: 46ms, proxy.ts: 95ms, application-code: 810ms)
 GET /login 200 in 870ms (next.js: 133ms, proxy.ts: 16ms, application-code: 722ms)
 GET /login?verified=true 200 in 918ms (next.js: 44ms, proxy.ts: 72ms, application-code: 801ms)
 GET /login 200 in 920ms (next.js: 107ms, proxy.ts: 14ms, application-code: 799ms)
 GET /login?verified=true 200 in 988ms (next.js: 46ms, proxy.ts: 73ms, application-code: 869ms)
 GET /login 200 in 930ms (next.js: 113ms, proxy.ts: 20ms, application-code: 797ms)
 GET /login?verified=true 200 in 988ms (next.js: 45ms, proxy.ts: 76ms, application-code: 867ms)
 GET /login 200 in 924ms (next.js: 127ms, proxy.ts: 16ms, application-code: 781ms)
 GET /login?verified=true 200 in 979ms (next.js: 44ms, proxy.ts: 79ms, application-code: 856ms)
 GET /login 200 in 915ms (next.js: 124ms, proxy.ts: 17ms, application-code: 774ms)
 GET /login?verified=true 200 in 979ms (next.js: 114ms, proxy.ts: 73ms, application-code: 792ms)
 GET /login 200 in 917ms (next.js: 180ms, proxy.ts: 16ms, application-code: 721ms)
 GET /login?verified=true 200 in 964ms (next.js: 45ms, proxy.ts: 72ms, application-code: 848ms)
 GET /login 200 in 909ms (next.js: 112ms, proxy.ts: 17ms, application-code: 780ms)
 GET /login?verified=true 200 in 1016ms (next.js: 47ms, proxy.ts: 79ms, application-code: 890ms)
 GET /login 200 in 956ms (next.js: 121ms, proxy.ts: 15ms, application-code: 820ms)
 GET /login?verified=true 200 in 1035ms (next.js: 51ms, proxy.ts: 70ms, application-code: 914ms)
 GET /login 200 in 971ms (next.js: 108ms, proxy.ts: 18ms, application-code: 845ms)
 GET /login?verified=true 200 in 1042ms (next.js: 49ms, proxy.ts: 86ms, application-code: 907ms)
 GET /login 200 in 966ms (next.js: 137ms, proxy.ts: 18ms, application-code: 812ms)
 GET /login?verified=true 200 in 991ms (next.js: 53ms, proxy.ts: 100ms, application-code: 838ms)
 GET /login 200 in 909ms (next.js: 133ms, proxy.ts: 18ms, application-code: 758ms)
 GET /login?verified=true 200 in 939ms (next.js: 52ms, proxy.ts: 99ms, application-code: 788ms)
 GET /login 200 in 853ms (next.js: 136ms, proxy.ts: 20ms, application-code: 697ms)
 GET /login?verified=true 200 in 875ms (next.js: 45ms, proxy.ts: 77ms, application-code: 753ms)
 GET /login 200 in 815ms (next.js: 116ms, proxy.ts: 15ms, application-code: 684ms)
 GET /login?verified=true 200 in 865ms (next.js: 48ms, proxy.ts: 71ms, application-code: 746ms)
 GET /login 200 in 802ms (next.js: 105ms, proxy.ts: 17ms, application-code: 681ms)
 GET /login?verified=true 200 in 858ms (next.js: 55ms, proxy.ts: 70ms, application-code: 733ms)
 GET /login 200 in 829ms (next.js: 107ms, proxy.ts: 22ms, application-code: 699ms)
 GET /login?verified=true 200 in 872ms (next.js: 49ms, proxy.ts: 70ms, application-code: 753ms)
 GET /login 200 in 817ms (next.js: 102ms, proxy.ts: 17ms, application-code: 697ms)
 GET /login?verified=true 200 in 901ms (next.js: 46ms, proxy.ts: 73ms, application-code: 782ms)
 GET /login 200 in 844ms (next.js: 108ms, proxy.ts: 19ms, application-code: 717ms)
 GET /login?verified=true 200 in 909ms (next.js: 44ms, proxy.ts: 70ms, application-code: 794ms)
 GET /login 200 in 850ms (next.js: 100ms, proxy.ts: 16ms, application-code: 734ms)
 GET /login?verified=true 200 in 909ms (next.js: 71ms, proxy.ts: 75ms, application-code: 762ms)
 GET /login 200 in 816ms (next.js: 102ms, proxy.ts: 15ms, application-code: 699ms)
 GET /login?verified=true 200 in 903ms (next.js: 51ms, proxy.ts: 67ms, application-code: 785ms)
 GET /login 200 in 849ms (next.js: 123ms, proxy.ts: 17ms, application-code: 709ms)
 GET /login?verified=true 200 in 885ms (next.js: 47ms, proxy.ts: 83ms, application-code: 755ms)
 GET /login 200 in 819ms (next.js: 111ms, proxy.ts: 18ms, application-code: 690ms)
 GET /login?verified=true 200 in 915ms (next.js: 48ms, proxy.ts: 72ms, application-code: 795ms)
 GET /login 200 in 853ms (next.js: 103ms, proxy.ts: 17ms, application-code: 733ms)
 GET /login?verified=true 200 in 937ms (next.js: 42ms, proxy.ts: 69ms, application-code: 826ms)
 GET /login 200 in 882ms (next.js: 113ms, proxy.ts: 16ms, application-code: 754ms)
 GET /login?verified=true 200 in 948ms (next.js: 43ms, proxy.ts: 95ms, application-code: 809ms)
 GET /login 200 in 864ms (next.js: 99ms, proxy.ts: 16ms, application-code: 748ms)
 GET /login?verified=true 200 in 940ms (next.js: 82ms, proxy.ts: 68ms, application-code: 791ms)
 GET /login 200 in 887ms (next.js: 150ms, proxy.ts: 20ms, application-code: 717ms)
 GET /login?verified=true 200 in 902ms (next.js: 42ms, proxy.ts: 79ms, application-code: 781ms)
 GET /login 200 in 838ms (next.js: 115ms, proxy.ts: 16ms, application-code: 707ms)
 GET /login?verified=true 200 in 837ms (next.js: 48ms, proxy.ts: 89ms, application-code: 700ms)
 GET /login 200 in 852ms (next.js: 103ms, proxy.ts: 17ms, application-code: 732ms)
 GET /login?verified=true 200 in 941ms (next.js: 47ms, proxy.ts: 80ms, application-code: 814ms)
 GET /login 200 in 937ms (next.js: 110ms, proxy.ts: 16ms, application-code: 811ms)
 GET /login?verified=true 200 in 1032ms (next.js: 48ms, proxy.ts: 79ms, application-code: 904ms)
 GET /login 200 in 965ms (next.js: 109ms, proxy.ts: 16ms, application-code: 840ms)
 GET /login?verified=true 200 in 1029ms (next.js: 43ms, proxy.ts: 81ms, application-code: 904ms)
 GET /login 200 in 963ms (next.js: 108ms, proxy.ts: 16ms, application-code: 839ms)
 GET /login?verified=true 200 in 1034ms (next.js: 48ms, proxy.ts: 104ms, application-code: 882ms)
 GET /login 200 in 946ms (next.js: 194ms, proxy.ts: 20ms, application-code: 732ms)
 GET /login?verified=true 200 in 953ms (next.js: 49ms, proxy.ts: 96ms, application-code: 808ms)
 GET /login 200 in 866ms (next.js: 116ms, proxy.ts: 19ms, application-code: 732ms)
 GET /login?verified=true 200 in 923ms (next.js: 45ms, proxy.ts: 90ms, application-code: 788ms)
 GET /login 200 in 847ms (next.js: 108ms, proxy.ts: 17ms, application-code: 722ms)
 GET /login?verified=true 200 in 913ms (next.js: 50ms, proxy.ts: 80ms, application-code: 783ms)
 GET /login 200 in 888ms (next.js: 113ms, proxy.ts: 18ms, application-code: 757ms)
 GET /login?verified=true 200 in 957ms (next.js: 49ms, proxy.ts: 73ms, application-code: 835ms)
 GET /login 200 in 894ms (next.js: 116ms, proxy.ts: 18ms, application-code: 760ms)
 GET /login?verified=true 200 in 1010ms (next.js: 40ms, proxy.ts: 84ms, application-code: 886ms)
 GET /login 200 in 946ms (next.js: 104ms, proxy.ts: 14ms, application-code: 827ms)
 GET /login?verified=true 200 in 1029ms (next.js: 48ms, proxy.ts: 83ms, application-code: 898ms)
 GET /login 200 in 952ms (next.js: 103ms, proxy.ts: 17ms, application-code: 832ms)
 GET /login?verified=true 200 in 1024ms (next.js: 94ms, proxy.ts: 78ms, application-code: 851ms)
 GET /login 200 in 918ms (next.js: 118ms, proxy.ts: 18ms, application-code: 782ms)
 GET /login?verified=true 200 in 979ms (next.js: 46ms, proxy.ts: 85ms, application-code: 847ms)
 GET /login 200 in 904ms (next.js: 120ms, proxy.ts: 14ms, application-code: 771ms)
 GET /login?verified=true 200 in 972ms (next.js: 63ms, proxy.ts: 123ms, application-code: 786ms)
 GET /login 200 in 863ms (next.js: 122ms, proxy.ts: 23ms, application-code: 717ms)
 GET /login?verified=true 200 in 942ms (next.js: 45ms, proxy.ts: 73ms, application-code: 824ms)
 GET /login 200 in 879ms (next.js: 114ms, proxy.ts: 14ms, application-code: 750ms)
 GET /login?verified=true 200 in 953ms (next.js: 42ms, proxy.ts: 75ms, application-code: 836ms)
 GET /login 200 in 894ms (next.js: 102ms, proxy.ts: 16ms, application-code: 776ms)
 GET /login?verified=true 200 in 968ms (next.js: 45ms, proxy.ts: 89ms, application-code: 835ms)
 GET /login 200 in 889ms (next.js: 117ms, proxy.ts: 15ms, application-code: 757ms)
 GET /login?verified=true 200 in 951ms (next.js: 71ms, proxy.ts: 84ms, application-code: 795ms)
 GET /login 200 in 874ms (next.js: 134ms, proxy.ts: 17ms, application-code: 724ms)
 GET /login?verified=true 200 in 909ms (next.js: 48ms, proxy.ts: 83ms, application-code: 778ms)
 GET /login 200 in 835ms (next.js: 125ms, proxy.ts: 15ms, application-code: 695ms)
 GET /login?verified=true 200 in 881ms (next.js: 51ms, proxy.ts: 72ms, application-code: 759ms)
 GET /login 200 in 821ms (next.js: 120ms, proxy.ts: 17ms, application-code: 684ms)
 GET /login?verified=true 200 in 929ms (next.js: 41ms, proxy.ts: 76ms, application-code: 812ms)
 GET /login 200 in 867ms (next.js: 100ms, proxy.ts: 16ms, application-code: 752ms)
 GET /login?verified=true 200 in 946ms (next.js: 39ms, proxy.ts: 87ms, application-code: 821ms)
 GET /login 200 in 877ms (next.js: 101ms, proxy.ts: 15ms, application-code: 762ms)
 GET /login?verified=true 200 in 964ms (next.js: 44ms, proxy.ts: 75ms, application-code: 845ms)
 GET /login 200 in 902ms (next.js: 105ms, proxy.ts: 15ms, application-code: 781ms)
 GET /login?verified=true 200 in 966ms (next.js: 45ms, proxy.ts: 75ms, application-code: 846ms)
 GET /login 200 in 901ms (next.js: 156ms, proxy.ts: 17ms, application-code: 729ms)
 GET /login?verified=true 200 in 907ms (next.js: 47ms, proxy.ts: 79ms, application-code: 781ms)
 GET /login 200 in 835ms (next.js: 118ms, proxy.ts: 17ms, application-code: 700ms)
 GET /login?verified=true 200 in 882ms (next.js: 48ms, proxy.ts: 71ms, application-code: 763ms)
 GET /login 200 in 822ms (next.js: 117ms, proxy.ts: 17ms, application-code: 689ms)
 GET /login?verified=true 200 in 866ms (next.js: 50ms, proxy.ts: 84ms, application-code: 732ms)
 GET /login 200 in 815ms (next.js: 104ms, proxy.ts: 18ms, application-code: 693ms)
 GET /login?verified=true 200 in 928ms (next.js: 49ms, proxy.ts: 73ms, application-code: 805ms)
 GET /login 200 in 868ms (next.js: 105ms, proxy.ts: 16ms, application-code: 746ms)
 GET /login?verified=true 200 in 994ms (next.js: 40ms, proxy.ts: 67ms, application-code: 886ms)
 GET /login 200 in 988ms (next.js: 99ms, proxy.ts: 13ms, application-code: 875ms)
 GET /login?verified=true 200 in 935ms (next.js: 49ms, proxy.ts: 77ms, application-code: 809ms)
 GET /login 200 in 860ms (next.js: 96ms, proxy.ts: 18ms, application-code: 746ms)
 GET /login?verified=true 200 in 792ms (next.js: 65ms, proxy.ts: 78ms, application-code: 648ms)
 GET /login 200 in 686ms (next.js: 125ms, proxy.ts: 13ms, application-code: 548ms)
 GET /login?verified=true 200 in 565ms (next.js: 51ms, proxy.ts: 111ms, application-code: 403ms)
 GET /login 200 in 447ms (next.js: 130ms, proxy.ts: 19ms, application-code: 298ms)
✓ Compiled in 1849ms
 GET /login?verified=true 200 in 3.5s (next.js: 2.1s, proxy.ts: 116ms, application-code: 1296ms)
 GET /login 200 in 3.4s (next.js: 2.2s, proxy.ts: 21ms, application-code: 1135ms)
 GET /login?verified=true 200 in 1299ms (next.js: 130ms, proxy.ts: 100ms, application-code: 1069ms)
 GET /login 200 in 1295ms (next.js: 219ms, proxy.ts: 102ms, application-code: 974ms)
 GET /login?verified=true 200 in 1190ms (next.js: 58ms, proxy.ts: 27ms, application-code: 1105ms)
 GET /login 200 in 1187ms (next.js: 157ms, proxy.ts: 26ms, application-code: 1003ms)
 GET /login?verified=true 200 in 1486ms (next.js: 44ms, proxy.ts: 29ms, application-code: 1413ms)
 GET /login 200 in 1484ms (next.js: 103ms, proxy.ts: 30ms, application-code: 1351ms)
 GET /login 200 in 1297ms (next.js: 33ms, proxy.ts: 25ms, application-code: 1239ms)
 GET /login?verified=true 200 in 1322ms (next.js: 151ms, proxy.ts: 22ms, application-code: 1149ms)
 GET /login 200 in 1289ms (next.js: 74ms, proxy.ts: 18ms, application-code: 1198ms)
 GET /login?verified=true 200 in 1271ms (next.js: 215ms, proxy.ts: 19ms, application-code: 1037ms)
 GET /login 200 in 961ms (next.js: 53ms, proxy.ts: 24ms, application-code: 884ms)
 GET /login?verified=true 200 in 939ms (next.js: 241ms, proxy.ts: 21ms, application-code: 677ms)
 GET /login?verified=true 200 in 330ms (next.js: 39ms, proxy.ts: 14ms, application-code: 278ms)
 GET /login 200 in 362ms (next.js: 155ms, proxy.ts: 23ms, application-code: 184ms)
 GET /login?verified=true 200 in 1031ms (next.js: 162ms, proxy.ts: 29ms, application-code: 840ms)
 GET /login 200 in 1028ms (next.js: 58ms, proxy.ts: 38ms, application-code: 932ms)
 GET /login?verified=true 200 in 938ms (next.js: 114ms, proxy.ts: 22ms, application-code: 802ms)
 GET /login 200 in 953ms (next.js: 42ms, proxy.ts: 31ms, application-code: 881ms)
 GET /login 200 in 961ms (next.js: 40ms, proxy.ts: 24ms, application-code: 898ms)
 GET /login?verified=true 200 in 959ms (next.js: 106ms, proxy.ts: 24ms, application-code: 829ms)
 GET /login?verified=true 200 in 922ms (next.js: 115ms, proxy.ts: 28ms, application-code: 779ms)
 GET /login 200 in 928ms (next.js: 47ms, proxy.ts: 26ms, application-code: 854ms)
 GET /login 200 in 905ms (next.js: 37ms, proxy.ts: 21ms, application-code: 847ms)
 GET /login?verified=true 200 in 952ms (next.js: 113ms, proxy.ts: 20ms, application-code: 818ms)
 GET /login 200 in 952ms (next.js: 79ms, proxy.ts: 17ms, application-code: 856ms)
 GET /login?verified=true 200 in 946ms (next.js: 139ms, proxy.ts: 17ms, application-code: 790ms)
 GET /login 200 in 923ms (next.js: 46ms, proxy.ts: 18ms, application-code: 859ms)
 GET /login?verified=true 200 in 915ms (next.js: 96ms, proxy.ts: 20ms, application-code: 799ms)
 GET /login 200 in 909ms (next.js: 46ms, proxy.ts: 18ms, application-code: 845ms)
 GET /login?verified=true 200 in 903ms (next.js: 100ms, proxy.ts: 19ms, application-code: 783ms)
 GET /login 200 in 924ms (next.js: 101ms, proxy.ts: 28ms, application-code: 795ms)
 GET /login?verified=true 200 in 913ms (next.js: 127ms, proxy.ts: 56ms, application-code: 730ms)
 GET /login 200 in 930ms (next.js: 44ms, proxy.ts: 18ms, application-code: 868ms)
 GET /login?verified=true 200 in 929ms (next.js: 116ms, proxy.ts: 14ms, application-code: 798ms)
 GET /login 200 in 1023ms (next.js: 52ms, proxy.ts: 18ms, application-code: 953ms)
 GET /login?verified=true 200 in 1006ms (next.js: 96ms, proxy.ts: 16ms, application-code: 894ms)
 GET /login 200 in 1046ms (next.js: 69ms, proxy.ts: 20ms, application-code: 957ms)
 GET /login?verified=true 200 in 1045ms (next.js: 123ms, proxy.ts: 20ms, application-code: 902ms)
 GET /login 200 in 1041ms (next.js: 40ms, proxy.ts: 30ms, application-code: 971ms)
 GET /login?verified=true 200 in 1046ms (next.js: 161ms, proxy.ts: 30ms, application-code: 855ms)
 GET /login 200 in 963ms (next.js: 44ms, proxy.ts: 21ms, application-code: 898ms)
 GET /login?verified=true 200 in 956ms (next.js: 135ms, proxy.ts: 17ms, application-code: 803ms)
 GET /login 200 in 914ms (next.js: 44ms, proxy.ts: 25ms, application-code: 845ms)
 GET /login?verified=true 200 in 902ms (next.js: 125ms, proxy.ts: 21ms, application-code: 756ms)
 GET /login 200 in 883ms (next.js: 41ms, proxy.ts: 19ms, application-code: 823ms)
 GET /login?verified=true 200 in 879ms (next.js: 111ms, proxy.ts: 16ms, application-code: 753ms)
 GET /login 200 in 866ms (next.js: 50ms, proxy.ts: 17ms, application-code: 799ms)
 GET /login?verified=true 200 in 850ms (next.js: 98ms, proxy.ts: 15ms, application-code: 737ms)
 GET /login 200 in 857ms (next.js: 36ms, proxy.ts: 25ms, application-code: 797ms)
 GET /login?verified=true 200 in 865ms (next.js: 100ms, proxy.ts: 27ms, application-code: 739ms)
 GET /login 200 in 864ms (next.js: 40ms, proxy.ts: 17ms, application-code: 807ms)
 GET /login?verified=true 200 in 858ms (next.js: 94ms, proxy.ts: 14ms, application-code: 750ms)
 GET /login 200 in 890ms (next.js: 40ms, proxy.ts: 18ms, application-code: 831ms)
 GET /login?verified=true 200 in 881ms (next.js: 94ms, proxy.ts: 14ms, application-code: 773ms)
 GET /login 200 in 956ms (next.js: 40ms, proxy.ts: 15ms, application-code: 901ms)
 GET /login?verified=true 200 in 1003ms (next.js: 102ms, proxy.ts: 16ms, application-code: 885ms)
 GET /login 200 in 2.4s (next.js: 40ms, proxy.ts: 21ms, application-code: 2.4s)
 GET /login?verified=true 200 in 2.4s (next.js: 137ms, proxy.ts: 14ms, application-code: 2.3s)
 GET /login 200 in 2.4s (next.js: 40ms, proxy.ts: 21ms, application-code: 2.4s)
 GET /login?verified=true 200 in 2.4s (next.js: 101ms, proxy.ts: 11ms, application-code: 2.3s)
 GET /login 200 in 2.4s (next.js: 39ms, proxy.ts: 28ms, application-code: 2.4s)
 GET /login?verified=true 200 in 2.4s (next.js: 97ms, proxy.ts: 15ms, application-code: 2.3s)
 GET /login 200 in 2.4s (next.js: 350ms, proxy.ts: 16ms, application-code: 2.0s)
 GET /login?verified=true 200 in 2.4s (next.js: 1366ms, proxy.ts: 31ms, application-code: 984ms)
 GET /login 200 in 915ms (next.js: 48ms, proxy.ts: 28ms, application-code: 839ms)
 GET /login?verified=true 200 in 903ms (next.js: 116ms, proxy.ts: 17ms, application-code: 770ms)
 GET /login 200 in 910ms (next.js: 59ms, proxy.ts: 21ms, application-code: 830ms)
 GET /login?verified=true 200 in 887ms (next.js: 105ms, proxy.ts: 18ms, application-code: 765ms)
 GET /login?verified=true 200 in 884ms (next.js: 31ms, proxy.ts: 29ms, application-code: 824ms)
 GET /login 200 in 899ms (next.js: 115ms, proxy.ts: 29ms, application-code: 755ms)
 GET /login?verified=true 200 in 905ms (next.js: 39ms, proxy.ts: 18ms, application-code: 848ms)
 GET /login 200 in 901ms (next.js: 113ms, proxy.ts: 15ms, application-code: 773ms)
 GET /login?verified=true 200 in 900ms (next.js: 41ms, proxy.ts: 16ms, application-code: 843ms)
 GET /login 200 in 893ms (next.js: 102ms, proxy.ts: 16ms, application-code: 774ms)
 GET /login?verified=true 200 in 895ms (next.js: 44ms, proxy.ts: 18ms, application-code: 833ms)
 GET /login 200 in 889ms (next.js: 109ms, proxy.ts: 18ms, application-code: 761ms)
 GET /login?verified=true 200 in 860ms (next.js: 44ms, proxy.ts: 24ms, application-code: 792ms)
 GET /login 200 in 849ms (next.js: 96ms, proxy.ts: 19ms, application-code: 733ms)
 GET /login?verified=true 200 in 833ms (next.js: 58ms, proxy.ts: 18ms, application-code: 757ms)
 GET /login 200 in 807ms (next.js: 100ms, proxy.ts: 16ms, application-code: 692ms)
 GET /login?verified=true 200 in 853ms (next.js: 47ms, proxy.ts: 17ms, application-code: 789ms)
 GET /login 200 in 849ms (next.js: 104ms, proxy.ts: 17ms, application-code: 728ms)
 GET /login?verified=true 200 in 883ms (next.js: 45ms, proxy.ts: 19ms, application-code: 819ms)
 GET /login 200 in 877ms (next.js: 96ms, proxy.ts: 16ms, application-code: 764ms)
 GET /login?verified=true 200 in 918ms (next.js: 37ms, proxy.ts: 16ms, application-code: 865ms)
 GET /login 200 in 915ms (next.js: 96ms, proxy.ts: 13ms, application-code: 806ms)
 GET /login?verified=true 200 in 970ms (next.js: 45ms, proxy.ts: 18ms, application-code: 907ms)
 GET /login 200 in 967ms (next.js: 116ms, proxy.ts: 16ms, application-code: 835ms)
 GET /login?verified=true 200 in 956ms (next.js: 46ms, proxy.ts: 22ms, application-code: 889ms)
 GET /login 200 in 943ms (next.js: 101ms, proxy.ts: 18ms, application-code: 824ms)
 GET /login?verified=true 200 in 972ms (next.js: 81ms, proxy.ts: 16ms, application-code: 875ms)
 GET /login 200 in 968ms (next.js: 97ms, proxy.ts: 54ms, application-code: 817ms)
 GET /login?verified=true 200 in 908ms (next.js: 49ms, proxy.ts: 19ms, application-code: 840ms)
 GET /login 200 in 902ms (next.js: 127ms, proxy.ts: 20ms, application-code: 756ms)
 GET /login?verified=true 200 in 854ms (next.js: 42ms, proxy.ts: 17ms, application-code: 795ms)
 GET /login 200 in 851ms (next.js: 101ms, proxy.ts: 18ms, application-code: 732ms)
 GET /login?verified=true 200 in 869ms (next.js: 39ms, proxy.ts: 18ms, application-code: 811ms)
 GET /login 200 in 864ms (next.js: 97ms, proxy.ts: 16ms, application-code: 751ms)
 GET /login?verified=true 200 in 929ms (next.js: 39ms, proxy.ts: 14ms, application-code: 876ms)
 GET /login 200 in 924ms (next.js: 99ms, proxy.ts: 15ms, application-code: 811ms)
 GET /login?verified=true 200 in 964ms (next.js: 40ms, proxy.ts: 17ms, application-code: 908ms)
 GET /login 200 in 956ms (next.js: 97ms, proxy.ts: 17ms, application-code: 842ms)
 GET /login?verified=true 200 in 966ms (next.js: 78ms, proxy.ts: 16ms, application-code: 872ms)
 GET /login 200 in 963ms (next.js: 140ms, proxy.ts: 19ms, application-code: 804ms)
 GET /login?verified=true 200 in 1029ms (next.js: 45ms, proxy.ts: 16ms, application-code: 968ms)
 GET /login 200 in 1029ms (next.js: 142ms, proxy.ts: 17ms, application-code: 870ms)
 GET /login?verified=true 200 in 782ms (next.js: 45ms, proxy.ts: 18ms, application-code: 719ms)
 GET /login 200 in 765ms (next.js: 118ms, proxy.ts: 16ms, application-code: 631ms)
 GET /login?verified=true 200 in 556ms (next.js: 43ms, proxy.ts: 16ms, application-code: 498ms)
 GET /login 200 in 542ms (next.js: 99ms, proxy.ts: 15ms, application-code: 428ms)
 GET /login?verified=true 200 in 367ms (next.js: 44ms, proxy.ts: 15ms, application-code: 308ms)
 GET /login 200 in 352ms (next.js: 100ms, proxy.ts: 17ms, application-code: 235ms)
 GET /login 200 in 603ms (next.js: 334ms, proxy.ts: 49ms, application-code: 220ms)
 GET /login?verified=true 200 in 675ms (next.js: 191ms, proxy.ts: 70ms, application-code: 414ms)
 GET /login?verified=true 200 in 654ms (next.js: 132ms, proxy.ts: 38ms, application-code: 484ms)
 GET /login 200 in 618ms (next.js: 42ms, proxy.ts: 10ms, application-code: 566ms)
 GET /login 200 in 362ms (next.js: 44ms, proxy.ts: 40ms, application-code: 278ms)
 GET /login?verified=true 200 in 360ms (next.js: 123ms, proxy.ts: 43ms, application-code: 194ms)
 GET /login?verified=true 200 in 1179ms (next.js: 70ms, proxy.ts: 27ms, application-code: 1082ms)
 GET /login 200 in 1269ms (next.js: 232ms, proxy.ts: 24ms, application-code: 1013ms)
 GET /login 200 in 1034ms (next.js: 47ms, proxy.ts: 9ms, application-code: 978ms)
 GET /login?verified=true 200 in 1080ms (next.js: 199ms, proxy.ts: 27ms, application-code: 854ms)
 GET /login 200 in 970ms (next.js: 50ms, proxy.ts: 20ms, application-code: 900ms)
 GET /login?verified=true 200 in 962ms (next.js: 130ms, proxy.ts: 17ms, application-code: 815ms)
 GET /login 200 in 933ms (next.js: 41ms, proxy.ts: 17ms, application-code: 876ms)
 GET /login?verified=true 200 in 928ms (next.js: 123ms, proxy.ts: 12ms, application-code: 792ms)
 GET /login 200 in 925ms (next.js: 40ms, proxy.ts: 19ms, application-code: 865ms)
 GET /login?verified=true 200 in 916ms (next.js: 114ms, proxy.ts: 12ms, application-code: 790ms)
 GET /login 200 in 940ms (next.js: 81ms, proxy.ts: 18ms, application-code: 840ms)
 GET /login?verified=true 200 in 938ms (next.js: 119ms, proxy.ts: 50ms, application-code: 769ms)
 GET /login 200 in 960ms (next.js: 44ms, proxy.ts: 16ms, application-code: 900ms)
 GET /login?verified=true 200 in 957ms (next.js: 103ms, proxy.ts: 16ms, application-code: 838ms)
 GET /login 200 in 966ms (next.js: 45ms, proxy.ts: 17ms, application-code: 905ms)
 GET /login?verified=true 200 in 961ms (next.js: 112ms, proxy.ts: 15ms, application-code: 834ms)
 GET /login 200 in 1001ms (next.js: 47ms, proxy.ts: 19ms, application-code: 935ms)
 GET /login?verified=true 200 in 994ms (next.js: 125ms, proxy.ts: 17ms, application-code: 853ms)
 GET /login 200 in 945ms (next.js: 50ms, proxy.ts: 18ms, application-code: 878ms)
 GET /login?verified=true 200 in 939ms (next.js: 134ms, proxy.ts: 17ms, application-code: 787ms)
 GET /login 200 in 888ms (next.js: 49ms, proxy.ts: 25ms, application-code: 814ms)
 GET /login?verified=true 200 in 873ms (next.js: 111ms, proxy.ts: 19ms, application-code: 744ms)
 GET /login 200 in 701ms (next.js: 71ms, proxy.ts: 15ms, application-code: 614ms)
 GET /login?verified=true 200 in 686ms (next.js: 134ms, proxy.ts: 15ms, application-code: 537ms)
 GET /login 200 in 468ms (next.js: 43ms, proxy.ts: 19ms, application-code: 406ms)
 GET /login?verified=true 200 in 451ms (next.js: 100ms, proxy.ts: 15ms, application-code: 336ms)
 GET /login 200 in 285ms (next.js: 52ms, proxy.ts: 19ms, application-code: 214ms)
 GET /login?verified=true 200 in 267ms (next.js: 95ms, proxy.ts: 18ms, application-code: 154ms)
 GET /login?verified=true 200 in 922ms (next.js: 145ms, proxy.ts: 23ms, application-code: 753ms)
 GET /login 200 in 929ms (next.js: 71ms, proxy.ts: 27ms, application-code: 832ms)
 GET /login?verified=true 200 in 858ms (next.js: 89ms, proxy.ts: 19ms, application-code: 751ms)
 GET /login 200 in 867ms (next.js: 36ms, proxy.ts: 21ms, application-code: 810ms)
 GET /login 200 in 869ms (next.js: 28ms, proxy.ts: 19ms, application-code: 822ms)
 GET /login?verified=true 200 in 884ms (next.js: 101ms, proxy.ts: 19ms, application-code: 764ms)
 GET /login 200 in 868ms (next.js: 38ms, proxy.ts: 16ms, application-code: 814ms)
 GET /login?verified=true 200 in 869ms (next.js: 106ms, proxy.ts: 11ms, application-code: 751ms)
 GET /login 200 in 823ms (next.js: 38ms, proxy.ts: 16ms, application-code: 769ms)
 GET /login?verified=true 200 in 822ms (next.js: 88ms, proxy.ts: 15ms, application-code: 718ms)
 GET /login?verified=true 200 in 829ms (next.js: 29ms, proxy.ts: 28ms, application-code: 772ms)
 GET /login 200 in 861ms (next.js: 132ms, proxy.ts: 16ms, application-code: 714ms)
 GET /login?verified=true 200 in 857ms (next.js: 42ms, proxy.ts: 21ms, application-code: 794ms)
 GET /login 200 in 845ms (next.js: 91ms, proxy.ts: 16ms, application-code: 738ms)
 GET /login?verified=true 200 in 868ms (next.js: 45ms, proxy.ts: 18ms, application-code: 804ms)
 GET /login 200 in 864ms (next.js: 99ms, proxy.ts: 17ms, application-code: 747ms)
 GET /login?verified=true 200 in 932ms (next.js: 39ms, proxy.ts: 16ms, application-code: 877ms)
 GET /login 200 in 937ms (next.js: 106ms, proxy.ts: 14ms, application-code: 816ms)
 GET /login?verified=true 200 in 775ms (next.js: 50ms, proxy.ts: 13ms, application-code: 712ms)
 GET /login 200 in 759ms (next.js: 106ms, proxy.ts: 16ms, application-code: 637ms)
 GET /login?verified=true 200 in 587ms (next.js: 73ms, proxy.ts: 16ms, application-code: 498ms)
 GET /login 200 in 572ms (next.js: 112ms, proxy.ts: 46ms, application-code: 415ms)
 GET /login?verified=true 200 in 352ms (next.js: 57ms, proxy.ts: 16ms, application-code: 279ms)
 GET /login 200 in 337ms (next.js: 118ms, proxy.ts: 17ms, application-code: 202ms)
 GET /login?verified=true 200 in 1046ms (next.js: 163ms, proxy.ts: 41ms, application-code: 842ms)
 GET /login 200 in 1043ms (next.js: 249ms, proxy.ts: 42ms, application-code: 752ms)
 GET /login?verified=true 200 in 900ms (next.js: 29ms, proxy.ts: 20ms, application-code: 850ms)
 GET /login 200 in 911ms (next.js: 116ms, proxy.ts: 21ms, application-code: 774ms)
 GET /login?verified=true 200 in 901ms (next.js: 36ms, proxy.ts: 14ms, application-code: 851ms)
 GET /login 200 in 897ms (next.js: 130ms, proxy.ts: 9ms, application-code: 759ms)
 GET /login?verified=true 200 in 881ms (next.js: 52ms, proxy.ts: 14ms, application-code: 815ms)
 GET /login 200 in 874ms (next.js: 109ms, proxy.ts: 18ms, application-code: 747ms)
 GET /login?verified=true 200 in 877ms (next.js: 93ms, proxy.ts: 18ms, application-code: 767ms)
 GET /login 200 in 872ms (next.js: 149ms, proxy.ts: 16ms, application-code: 707ms)
 GET /login?verified=true 200 in 836ms (next.js: 42ms, proxy.ts: 16ms, application-code: 778ms)
 GET /login 200 in 832ms (next.js: 110ms, proxy.ts: 17ms, application-code: 704ms)
 GET /login?verified=true 200 in 804ms (next.js: 41ms, proxy.ts: 13ms, application-code: 750ms)
 GET /login 200 in 804ms (next.js: 102ms, proxy.ts: 15ms, application-code: 687ms)
 GET /login?verified=true 200 in 849ms (next.js: 39ms, proxy.ts: 15ms, application-code: 795ms)
 GET /login 200 in 846ms (next.js: 113ms, proxy.ts: 14ms, application-code: 719ms)
 GET /login?verified=true 200 in 843ms (next.js: 45ms, proxy.ts: 15ms, application-code: 783ms)
 GET /login 200 in 840ms (next.js: 118ms, proxy.ts: 17ms, application-code: 705ms)
 GET /login?verified=true 200 in 850ms (next.js: 35ms, proxy.ts: 15ms, application-code: 800ms)
 GET /login 200 in 847ms (next.js: 90ms, proxy.ts: 13ms, application-code: 744ms)
 GET /login?verified=true 200 in 900ms (next.js: 45ms, proxy.ts: 15ms, application-code: 840ms)
 GET /login 200 in 897ms (next.js: 111ms, proxy.ts: 16ms, application-code: 771ms)
 GET /login?verified=true 200 in 863ms (next.js: 37ms, proxy.ts: 14ms, application-code: 812ms)
 GET /login 200 in 860ms (next.js: 93ms, proxy.ts: 14ms, application-code: 752ms)
 GET /login?verified=true 200 in 894ms (next.js: 42ms, proxy.ts: 17ms, application-code: 835ms)
 GET /login 200 in 889ms (next.js: 98ms, proxy.ts: 15ms, application-code: 775ms)
 GET /login?verified=true 200 in 907ms (next.js: 43ms, proxy.ts: 16ms, application-code: 848ms)
 GET /login 200 in 903ms (next.js: 117ms, proxy.ts: 16ms, application-code: 771ms)
 GET /login?verified=true 200 in 934ms (next.js: 38ms, proxy.ts: 16ms, application-code: 880ms)
 GET /login 200 in 929ms (next.js: 101ms, proxy.ts: 16ms, application-code: 812ms)
 GET /login?verified=true 200 in 963ms (next.js: 44ms, proxy.ts: 16ms, application-code: 903ms)
 GET /login 200 in 959ms (next.js: 111ms, proxy.ts: 17ms, application-code: 832ms)
 GET /login?verified=true 200 in 995ms (next.js: 43ms, proxy.ts: 18ms, application-code: 934ms)
 GET /login 200 in 992ms (next.js: 101ms, proxy.ts: 16ms, application-code: 875ms)
 GET /login?verified=true 200 in 1033ms (next.js: 74ms, proxy.ts: 16ms, application-code: 943ms)
 GET /login 200 in 1037ms (next.js: 137ms, proxy.ts: 45ms, application-code: 855ms)
 GET /login?verified=true 200 in 1020ms (next.js: 43ms, proxy.ts: 16ms, application-code: 961ms)
 GET /login 200 in 1025ms (next.js: 126ms, proxy.ts: 17ms, application-code: 882ms)
 GET /login 200 in 1046ms (next.js: 126ms, proxy.ts: 17ms, application-code: 903ms)
 GET /login?verified=true 200 in 1065ms (next.js: 56ms, proxy.ts: 16ms, application-code: 993ms)
 GET /login?verified=true 200 in 1100ms (next.js: 35ms, proxy.ts: 23ms, application-code: 1042ms)
 GET /login 200 in 1113ms (next.js: 139ms, proxy.ts: 24ms, application-code: 949ms)
 GET /login?verified=true 200 in 1116ms (next.js: 48ms, proxy.ts: 18ms, application-code: 1050ms)
 GET /login 200 in 1113ms (next.js: 134ms, proxy.ts: 16ms, application-code: 963ms)
 GET /login?verified=true 200 in 1126ms (next.js: 47ms, proxy.ts: 24ms, application-code: 1056ms)
 GET /login 200 in 1115ms (next.js: 128ms, proxy.ts: 18ms, application-code: 969ms)
 GET /login?verified=true 200 in 1144ms (next.js: 79ms, proxy.ts: 18ms, application-code: 1047ms)
 GET /login 200 in 1138ms (next.js: 158ms, proxy.ts: 21ms, application-code: 960ms)
 GET /login?verified=true 200 in 1102ms (next.js: 48ms, proxy.ts: 21ms, application-code: 1032ms)
 GET /login 200 in 1093ms (next.js: 132ms, proxy.ts: 17ms, application-code: 944ms)
 GET /login?verified=true 200 in 1090ms (next.js: 48ms, proxy.ts: 20ms, application-code: 1022ms)
 GET /login 200 in 1083ms (next.js: 135ms, proxy.ts: 18ms, application-code: 930ms)
 GET /login?verified=true 200 in 1133ms (next.js: 49ms, proxy.ts: 21ms, application-code: 1063ms)
 GET /login 200 in 1125ms (next.js: 141ms, proxy.ts: 19ms, application-code: 965ms)
 GET /login?verified=true 200 in 1116ms (next.js: 51ms, proxy.ts: 19ms, application-code: 1047ms)
 GET /login 200 in 1112ms (next.js: 131ms, proxy.ts: 20ms, application-code: 961ms)
 GET /login?verified=true 200 in 1101ms (next.js: 45ms, proxy.ts: 21ms, application-code: 1035ms)
 GET /login 200 in 1093ms (next.js: 127ms, proxy.ts: 17ms, application-code: 949ms)
 GET /login?verified=true 200 in 1092ms (next.js: 51ms, proxy.ts: 19ms, application-code: 1021ms)
 GET /login 200 in 1083ms (next.js: 138ms, proxy.ts: 18ms, application-code: 928ms)
 GET /login?verified=true 200 in 1030ms (next.js: 52ms, proxy.ts: 22ms, application-code: 957ms)
 GET /login 200 in 1018ms (next.js: 139ms, proxy.ts: 23ms, application-code: 856ms)
 GET /login?verified=true 200 in 1032ms (next.js: 44ms, proxy.ts: 18ms, application-code: 970ms)
 GET /login 200 in 1027ms (next.js: 114ms, proxy.ts: 16ms, application-code: 896ms)
 GET /login?verified=true 200 in 1102ms (next.js: 47ms, proxy.ts: 19ms, application-code: 1037ms)
 GET /login 200 in 1097ms (next.js: 129ms, proxy.ts: 17ms, application-code: 950ms)
 GET /login?verified=true 200 in 1084ms (next.js: 49ms, proxy.ts: 16ms, application-code: 1019ms)
 GET /login 200 in 1083ms (next.js: 129ms, proxy.ts: 18ms, application-code: 936ms)
 GET /login?verified=true 200 in 1057ms (next.js: 52ms, proxy.ts: 15ms, application-code: 989ms)
 GET /login 200 in 1056ms (next.js: 136ms, proxy.ts: 20ms, application-code: 900ms)
 GET /login?verified=true 200 in 1003ms (next.js: 48ms, proxy.ts: 24ms, application-code: 931ms)
 GET /login 200 in 996ms (next.js: 130ms, proxy.ts: 18ms, application-code: 848ms)
 GET /login?verified=true 200 in 989ms (next.js: 108ms, proxy.ts: 15ms, application-code: 866ms)
 GET /login 200 in 974ms (next.js: 107ms, proxy.ts: 71ms, application-code: 796ms)
 GET /login?verified=true 200 in 929ms (next.js: 45ms, proxy.ts: 23ms, application-code: 861ms)
 GET /login 200 in 928ms (next.js: 112ms, proxy.ts: 26ms, application-code: 790ms)
 GET /login?verified=true 200 in 953ms (next.js: 32ms, proxy.ts: 27ms, application-code: 894ms)
 GET /login 200 in 960ms (next.js: 121ms, proxy.ts: 25ms, application-code: 813ms)
 GET /login?verified=true 200 in 966ms (next.js: 45ms, proxy.ts: 18ms, application-code: 903ms)
 GET /login 200 in 962ms (next.js: 123ms, proxy.ts: 16ms, application-code: 823ms)
 GET /login?verified=true 200 in 934ms (next.js: 45ms, proxy.ts: 19ms, application-code: 870ms)
 GET /login 200 in 929ms (next.js: 113ms, proxy.ts: 19ms, application-code: 797ms)
 GET /login?verified=true 200 in 876ms (next.js: 46ms, proxy.ts: 16ms, application-code: 813ms)
 GET /login 200 in 875ms (next.js: 125ms, proxy.ts: 20ms, application-code: 730ms)
 GET /login?verified=true 200 in 806ms (next.js: 69ms, proxy.ts: 15ms, application-code: 722ms)
 GET /login 200 in 804ms (next.js: 132ms, proxy.ts: 16ms, application-code: 656ms)
 GET /login?verified=true 200 in 791ms (next.js: 58ms, proxy.ts: 22ms, application-code: 711ms)
 GET /login 200 in 769ms (next.js: 100ms, proxy.ts: 20ms, application-code: 649ms)
 GET /login?verified=true 200 in 762ms (next.js: 36ms, proxy.ts: 27ms, application-code: 699ms)
 GET /login 200 in 769ms (next.js: 98ms, proxy.ts: 28ms, application-code: 643ms)
 GET /login?verified=true 200 in 803ms (next.js: 35ms, proxy.ts: 18ms, application-code: 750ms)
 GET /login 200 in 800ms (next.js: 87ms, proxy.ts: 15ms, application-code: 698ms)
 GET /login?verified=true 200 in 843ms (next.js: 37ms, proxy.ts: 17ms, application-code: 789ms)
 GET /login 200 in 846ms (next.js: 91ms, proxy.ts: 13ms, application-code: 741ms)
 GET /login?verified=true 200 in 849ms (next.js: 48ms, proxy.ts: 15ms, application-code: 786ms)
 GET /login 200 in 838ms (next.js: 93ms, proxy.ts: 17ms, application-code: 729ms)
 GET /login?verified=true 200 in 848ms (next.js: 39ms, proxy.ts: 19ms, application-code: 790ms)
 GET /login 200 in 854ms (next.js: 111ms, proxy.ts: 20ms, application-code: 724ms)
 GET /login?verified=true 200 in 790ms (next.js: 36ms, proxy.ts: 16ms, application-code: 737ms)
 GET /login 200 in 786ms (next.js: 92ms, proxy.ts: 13ms, application-code: 680ms)
 GET /login?verified=true 200 in 602ms (next.js: 38ms, proxy.ts: 24ms, application-code: 540ms)
 GET /login 200 in 579ms (next.js: 99ms, proxy.ts: 15ms, application-code: 465ms)
 GET /login?verified=true 200 in 500ms (next.js: 38ms, proxy.ts: 13ms, application-code: 450ms)
 GET /login 200 in 492ms (next.js: 89ms, proxy.ts: 17ms, application-code: 386ms)
 GET /login?verified=true 200 in 330ms (next.js: 41ms, proxy.ts: 18ms, application-code: 271ms)
 GET /login 200 in 313ms (next.js: 92ms, proxy.ts: 15ms, application-code: 206ms)
 GET /login 200 in 316ms (next.js: 30ms, proxy.ts: 14ms, application-code: 272ms)
 GET /login 200 in 228ms (next.js: 30ms, proxy.ts: 12ms, application-code: 187ms)
 GET /login 200 in 121ms (next.js: 22ms, proxy.ts: 15ms, application-code: 84ms)
 GET / 200 in 4.4s (next.js: 542ms, proxy.ts: 48ms, application-code: 3.8s)
 GET /register 200 in 294ms (next.js: 148ms, proxy.ts: 9ms, application-code: 137ms)
 GET /login 200 in 117ms (next.js: 25ms, proxy.ts: 9ms, application-code: 83ms)
 POST /login 200 in 1752ms (next.js: 13ms, proxy.ts: 15ms, application-code: 1724ms)
  └─ ƒ signIn({}) in 1530ms src/lib/supabase/actions.ts
○ Compiling /forgot-password ...
 GET /forgot-password 200 in 7.3s (next.js: 7.1s, proxy.ts: 5ms, application-code: 190ms)
 GET /forgot-password 200 in 141ms (next.js: 30ms, proxy.ts: 10ms, application-code: 101ms)
 GET /forgot-password 200 in 112ms (next.js: 19ms, proxy.ts: 11ms, application-code: 82ms)
 POST /forgot-password 200 in 3.3s (next.js: 73ms, proxy.ts: 12ms, application-code: 3.2s)
  └─ ƒ resetPassword({}) in 2303ms src/lib/supabase/actions.ts
▲ Next.js 16.3.1 (Turbopack)
- Local:         http://localhost:51389
- Network:       http://10.141.159.200:51389
- Environments: .env.local
✓ Ready in 1605ms
✓ Running next.config.ts took 168ms

○ Compiling /forgot-password ...
 GET /forgot-password 200 in 12.1s (next.js: 11.0s, proxy.ts: 319ms, application-code: 849ms)
✓ Compiled in 403ms
 GET /forgot-password 200 in 854ms (next.js: 286ms, proxy.ts: 75ms, application-code: 493ms)
 GET /forgot-password 200 in 380ms (next.js: 25ms, proxy.ts: 17ms, application-code: 338ms)
 GET /forgot-password 200 in 391ms (next.js: 21ms, proxy.ts: 14ms, application-code: 355ms)
 GET /forgot-password 200 in 384ms (next.js: 29ms, proxy.ts: 26ms, application-code: 329ms)
 GET /forgot-password 200 in 257ms (next.js: 27ms, proxy.ts: 18ms, application-code: 212ms)
 GET /forgot-password 200 in 308ms (next.js: 22ms, proxy.ts: 17ms, application-code: 269ms)
 GET /forgot-password 200 in 345ms (next.js: 27ms, proxy.ts: 13ms, application-code: 306ms)
 GET /forgot-password 200 in 337ms (next.js: 20ms, proxy.ts: 13ms, application-code: 305ms)
 GET /forgot-password 200 in 348ms (next.js: 21ms, proxy.ts: 13ms, application-code: 315ms)
 GET /forgot-password 200 in 509ms (next.js: 21ms, proxy.ts: 12ms, application-code: 476ms)
 GET /forgot-password 200 in 460ms (next.js: 21ms, proxy.ts: 12ms, application-code: 427ms)
 GET /forgot-password 200 in 542ms (next.js: 23ms, proxy.ts: 11ms, application-code: 508ms)
 GET /forgot-password 200 in 547ms (next.js: 29ms, proxy.ts: 12ms, application-code: 506ms)
 GET /forgot-password 200 in 568ms (next.js: 25ms, proxy.ts: 9ms, application-code: 533ms)
 GET /forgot-password 200 in 499ms (next.js: 30ms, proxy.ts: 14ms, application-code: 455ms)
 GET /forgot-password 200 in 415ms (next.js: 20ms, proxy.ts: 11ms, application-code: 384ms)
 GET /forgot-password 200 in 404ms (next.js: 26ms, proxy.ts: 10ms, application-code: 368ms)
 GET /forgot-password 200 in 454ms (next.js: 20ms, proxy.ts: 13ms, application-code: 420ms)
 GET /forgot-password 200 in 574ms (next.js: 21ms, proxy.ts: 14ms, application-code: 538ms)
 GET /forgot-password 200 in 490ms (next.js: 26ms, proxy.ts: 14ms, application-code: 450ms)
 GET /forgot-password 200 in 421ms (next.js: 33ms, proxy.ts: 20ms, application-code: 369ms)
 GET /forgot-password 200 in 363ms (next.js: 27ms, proxy.ts: 20ms, application-code: 316ms)
 GET /forgot-password 200 in 356ms (next.js: 23ms, proxy.ts: 12ms, application-code: 320ms)
 GET /forgot-password 200 in 351ms (next.js: 22ms, proxy.ts: 12ms, application-code: 317ms)
 GET /forgot-password 200 in 280ms (next.js: 20ms, proxy.ts: 13ms, application-code: 247ms)
 GET /forgot-password 200 in 465ms (next.js: 23ms, proxy.ts: 13ms, application-code: 429ms)
 GET /forgot-password 200 in 336ms (next.js: 18ms, proxy.ts: 11ms, application-code: 308ms)
 GET /forgot-password 200 in 366ms (next.js: 34ms, proxy.ts: 22ms, application-code: 310ms)
 GET /forgot-password 200 in 537ms (next.js: 39ms, proxy.ts: 17ms, application-code: 482ms)
 GET /forgot-password 200 in 621ms (next.js: 21ms, proxy.ts: 12ms, application-code: 588ms)
 GET /forgot-password 200 in 827ms (next.js: 22ms, proxy.ts: 54ms, application-code: 750ms)
 GET /forgot-password 200 in 930ms (next.js: 38ms, proxy.ts: 15ms, application-code: 876ms)
 GET /forgot-password 200 in 703ms (next.js: 63ms, proxy.ts: 20ms, application-code: 619ms)
 GET /forgot-password 200 in 424ms (next.js: 111ms, proxy.ts: 38ms, application-code: 274ms)
 GET /forgot-password 200 in 527ms (next.js: 50ms, proxy.ts: 37ms, application-code: 440ms)
 GET /forgot-password 200 in 353ms (next.js: 23ms, proxy.ts: 14ms, application-code: 317ms)
 GET /forgot-password 200 in 224ms (next.js: 25ms, proxy.ts: 14ms, application-code: 185ms)
 GET /forgot-password 200 in 458ms (next.js: 28ms, proxy.ts: 9ms, application-code: 421ms)
 GET /forgot-password 200 in 482ms (next.js: 35ms, proxy.ts: 14ms, application-code: 433ms)
 GET /forgot-password 200 in 537ms (next.js: 26ms, proxy.ts: 16ms, application-code: 495ms)
 GET /forgot-password 200 in 726ms (next.js: 59ms, proxy.ts: 11ms, application-code: 656ms)
 GET /forgot-password 200 in 598ms (next.js: 19ms, proxy.ts: 11ms, application-code: 567ms)
 GET /forgot-password 200 in 407ms (next.js: 33ms, proxy.ts: 18ms, application-code: 356ms)
 GET /forgot-password 200 in 571ms (next.js: 45ms, proxy.ts: 8ms, application-code: 517ms)
 GET /forgot-password 200 in 558ms (next.js: 24ms, proxy.ts: 16ms, application-code: 518ms)
 GET /forgot-password 200 in 598ms (next.js: 27ms, proxy.ts: 22ms, application-code: 550ms)
 GET /forgot-password 200 in 526ms (next.js: 29ms, proxy.ts: 18ms, application-code: 479ms)
 GET /forgot-password 200 in 586ms (next.js: 55ms, proxy.ts: 18ms, application-code: 513ms)
 GET /forgot-password 200 in 405ms (next.js: 29ms, proxy.ts: 18ms, application-code: 358ms)
 GET /forgot-password 200 in 379ms (next.js: 20ms, proxy.ts: 12ms, application-code: 347ms)
 GET /forgot-password 200 in 383ms (next.js: 24ms, proxy.ts: 14ms, application-code: 346ms)
 GET /forgot-password 200 in 399ms (next.js: 24ms, proxy.ts: 11ms, application-code: 364ms)
 GET /forgot-password 200 in 415ms (next.js: 18ms, proxy.ts: 11ms, application-code: 386ms)
 GET /forgot-password 200 in 534ms (next.js: 32ms, proxy.ts: 16ms, application-code: 486ms)
 GET /forgot-password 200 in 416ms (next.js: 20ms, proxy.ts: 13ms, application-code: 383ms)
 GET /forgot-password 200 in 306ms (next.js: 32ms, proxy.ts: 18ms, application-code: 256ms)
 GET /forgot-password 200 in 155ms (next.js: 18ms, proxy.ts: 12ms, application-code: 125ms)
 GET /forgot-password 200 in 229ms (next.js: 38ms, proxy.ts: 14ms, application-code: 176ms)
 GET /forgot-password 200 in 506ms (next.js: 60ms, proxy.ts: 16ms, application-code: 431ms)
 GET /forgot-password 200 in 468ms (next.js: 18ms, proxy.ts: 12ms, application-code: 438ms)
 GET /forgot-password 200 in 513ms (next.js: 17ms, proxy.ts: 11ms, application-code: 486ms)
 GET /forgot-password 200 in 459ms (next.js: 29ms, proxy.ts: 15ms, application-code: 415ms)
 GET /forgot-password 200 in 439ms (next.js: 18ms, proxy.ts: 12ms, application-code: 409ms)
 GET /forgot-password 200 in 602ms (next.js: 23ms, proxy.ts: 12ms, application-code: 567ms)
 GET /forgot-password 200 in 603ms (next.js: 26ms, proxy.ts: 15ms, application-code: 561ms)
 GET /forgot-password 200 in 517ms (next.js: 32ms, proxy.ts: 13ms, application-code: 472ms)
 GET /forgot-password 200 in 720ms (next.js: 26ms, proxy.ts: 18ms, application-code: 676ms)
 GET /forgot-password 200 in 780ms (next.js: 27ms, proxy.ts: 15ms, application-code: 738ms)
 GET /forgot-password 200 in 768ms (next.js: 31ms, proxy.ts: 25ms, application-code: 712ms)
 GET /forgot-password 200 in 583ms (next.js: 23ms, proxy.ts: 25ms, application-code: 535ms)
 GET /forgot-password 200 in 539ms (next.js: 33ms, proxy.ts: 21ms, application-code: 485ms)
 GET /forgot-password 200 in 489ms (next.js: 18ms, proxy.ts: 15ms, application-code: 456ms)
 GET /forgot-password 200 in 548ms (next.js: 32ms, proxy.ts: 24ms, application-code: 492ms)
 GET /forgot-password 200 in 673ms (next.js: 28ms, proxy.ts: 12ms, application-code: 633ms)
 GET /forgot-password 200 in 622ms (next.js: 24ms, proxy.ts: 21ms, application-code: 577ms)
 GET /forgot-password 200 in 479ms (next.js: 44ms, proxy.ts: 34ms, application-code: 401ms)
 GET /forgot-password 200 in 381ms (next.js: 36ms, proxy.ts: 18ms, application-code: 327ms)
 GET /forgot-password 200 in 339ms (next.js: 18ms, proxy.ts: 10ms, application-code: 311ms)
 GET /forgot-password 200 in 461ms (next.js: 19ms, proxy.ts: 11ms, application-code: 431ms)
 GET /forgot-password 200 in 384ms (next.js: 17ms, proxy.ts: 11ms, application-code: 356ms)
 GET /forgot-password 200 in 494ms (next.js: 18ms, proxy.ts: 10ms, application-code: 466ms)
 GET /forgot-password 200 in 626ms (next.js: 22ms, proxy.ts: 11ms, application-code: 594ms)
 GET /forgot-password 200 in 701ms (next.js: 21ms, proxy.ts: 12ms, application-code: 667ms)
 GET /forgot-password 200 in 562ms (next.js: 71ms, proxy.ts: 17ms, application-code: 474ms)
 GET /forgot-password 200 in 512ms (next.js: 24ms, proxy.ts: 18ms, application-code: 469ms)
 GET /forgot-password 200 in 561ms (next.js: 31ms, proxy.ts: 20ms, application-code: 509ms)
 GET /forgot-password 200 in 391ms (next.js: 28ms, proxy.ts: 16ms, application-code: 346ms)
 GET /forgot-password 200 in 399ms (next.js: 26ms, proxy.ts: 16ms, application-code: 357ms)
 GET /forgot-password 200 in 526ms (next.js: 23ms, proxy.ts: 17ms, application-code: 485ms)
 GET /forgot-password 200 in 497ms (next.js: 23ms, proxy.ts: 17ms, application-code: 457ms)
 GET /forgot-password 200 in 594ms (next.js: 18ms, proxy.ts: 15ms, application-code: 561ms)
 GET /forgot-password 200 in 480ms (next.js: 41ms, proxy.ts: 14ms, application-code: 424ms)
 GET /forgot-password 200 in 337ms (next.js: 23ms, proxy.ts: 13ms, application-code: 300ms)
 GET /forgot-password 200 in 533ms (next.js: 34ms, proxy.ts: 43ms, application-code: 456ms)
 GET /forgot-password 200 in 375ms (next.js: 24ms, proxy.ts: 19ms, application-code: 331ms)
 GET /forgot-password 200 in 636ms (next.js: 30ms, proxy.ts: 8ms, application-code: 598ms)
 GET /forgot-password 200 in 435ms (next.js: 22ms, proxy.ts: 35ms, application-code: 378ms)
 GET /forgot-password 200 in 408ms (next.js: 19ms, proxy.ts: 14ms, application-code: 375ms)
 GET /forgot-password 200 in 291ms (next.js: 21ms, proxy.ts: 13ms, application-code: 256ms)
 GET /forgot-password 200 in 266ms (next.js: 24ms, proxy.ts: 13ms, application-code: 229ms)
 GET /forgot-password 200 in 367ms (next.js: 26ms, proxy.ts: 12ms, application-code: 329ms)
 GET /forgot-password 200 in 352ms (next.js: 18ms, proxy.ts: 12ms, application-code: 321ms)
 GET /forgot-password 200 in 342ms (next.js: 20ms, proxy.ts: 11ms, application-code: 312ms)
 GET /forgot-password 200 in 299ms (next.js: 18ms, proxy.ts: 11ms, application-code: 271ms)
 GET /forgot-password 200 in 204ms (next.js: 18ms, proxy.ts: 9ms, application-code: 176ms)
 GET /forgot-password 200 in 107ms (next.js: 17ms, proxy.ts: 9ms, application-code: 81ms)
✓ Compiled in 484ms
 GET /forgot-password 200 in 1082ms (next.js: 389ms, proxy.ts: 91ms, application-code: 602ms)
 GET /forgot-password 200 in 600ms (next.js: 31ms, proxy.ts: 28ms, application-code: 541ms)
 GET /forgot-password 200 in 600ms (next.js: 29ms, proxy.ts: 21ms, application-code: 550ms)
 GET /forgot-password 200 in 598ms (next.js: 35ms, proxy.ts: 19ms, application-code: 544ms)
 GET /forgot-password 200 in 611ms (next.js: 32ms, proxy.ts: 23ms, application-code: 555ms)
 GET /forgot-password 200 in 595ms (next.js: 31ms, proxy.ts: 21ms, application-code: 542ms)
 GET /forgot-password 200 in 565ms (next.js: 36ms, proxy.ts: 20ms, application-code: 509ms)
 GET /forgot-password 200 in 609ms (next.js: 31ms, proxy.ts: 20ms, application-code: 557ms)
 GET /forgot-password 200 in 457ms (next.js: 31ms, proxy.ts: 16ms, application-code: 409ms)
 GET /forgot-password 200 in 304ms (next.js: 24ms, proxy.ts: 19ms, application-code: 260ms)
 GET /forgot-password 200 in 180ms (next.js: 31ms, proxy.ts: 15ms, application-code: 135ms)
 GET /forgot-password 200 in 684ms (next.js: 38ms, proxy.ts: 13ms, application-code: 633ms)
 GET /forgot-password 200 in 690ms (next.js: 20ms, proxy.ts: 15ms, application-code: 655ms)
 GET /forgot-password 200 in 592ms (next.js: 51ms, proxy.ts: 18ms, application-code: 523ms)
 GET /forgot-password 200 in 660ms (next.js: 19ms, proxy.ts: 14ms, application-code: 627ms)
 GET /forgot-password 200 in 543ms (next.js: 38ms, proxy.ts: 24ms, application-code: 482ms)
 GET /forgot-password 200 in 499ms (next.js: 26ms, proxy.ts: 21ms, application-code: 452ms)
 GET /forgot-password 200 in 501ms (next.js: 21ms, proxy.ts: 15ms, application-code: 464ms)
 GET /forgot-password 200 in 605ms (next.js: 42ms, proxy.ts: 20ms, application-code: 544ms)
 GET /forgot-password 200 in 542ms (next.js: 26ms, proxy.ts: 14ms, application-code: 502ms)
 GET /forgot-password 200 in 422ms (next.js: 30ms, proxy.ts: 19ms, application-code: 373ms)
 GET /forgot-password 200 in 329ms (next.js: 33ms, proxy.ts: 23ms, application-code: 273ms)
 GET /forgot-password 200 in 255ms (next.js: 23ms, proxy.ts: 12ms, application-code: 220ms)
 GET /forgot-password 200 in 446ms (next.js: 21ms, proxy.ts: 10ms, application-code: 415ms)
 GET /forgot-password 200 in 388ms (next.js: 16ms, proxy.ts: 11ms, application-code: 361ms)
 GET /forgot-password 200 in 406ms (next.js: 15ms, proxy.ts: 8ms, application-code: 383ms)
 GET /forgot-password 200 in 382ms (next.js: 61ms, proxy.ts: 14ms, application-code: 306ms)
 GET /forgot-password 200 in 399ms (next.js: 22ms, proxy.ts: 13ms, application-code: 364ms)
 GET /forgot-password 200 in 314ms (next.js: 18ms, proxy.ts: 10ms, application-code: 286ms)
 GET /forgot-password 200 in 352ms (next.js: 19ms, proxy.ts: 9ms, application-code: 324ms)
 GET /forgot-password 200 in 355ms (next.js: 21ms, proxy.ts: 10ms, application-code: 324ms)
 GET /forgot-password 200 in 354ms (next.js: 26ms, proxy.ts: 13ms, application-code: 315ms)
 GET /forgot-password 200 in 246ms (next.js: 24ms, proxy.ts: 14ms, application-code: 207ms)
 GET /forgot-password 200 in 328ms (next.js: 22ms, proxy.ts: 14ms, application-code: 291ms)
 GET /forgot-password 200 in 223ms (next.js: 26ms, proxy.ts: 13ms, application-code: 185ms)
 GET /forgot-password 200 in 434ms (next.js: 97ms, proxy.ts: 14ms, application-code: 323ms)
 GET /forgot-password 200 in 448ms (next.js: 20ms, proxy.ts: 13ms, application-code: 415ms)
 GET /forgot-password 200 in 489ms (next.js: 20ms, proxy.ts: 13ms, application-code: 456ms)
 GET /forgot-password 200 in 586ms (next.js: 18ms, proxy.ts: 10ms, application-code: 558ms)
 GET /forgot-password 200 in 509ms (next.js: 125ms, proxy.ts: 54ms, application-code: 331ms)
 GET /forgot-password 200 in 339ms (next.js: 19ms, proxy.ts: 13ms, application-code: 306ms)
 GET /forgot-password 200 in 281ms (next.js: 27ms, proxy.ts: 22ms, application-code: 232ms)
 GET /forgot-password 200 in 344ms (next.js: 23ms, proxy.ts: 16ms, application-code: 305ms)
 GET /forgot-password 200 in 301ms (next.js: 18ms, proxy.ts: 14ms, application-code: 269ms)
 GET /forgot-password 200 in 331ms (next.js: 17ms, proxy.ts: 10ms, application-code: 303ms)
 GET /forgot-password 200 in 271ms (next.js: 19ms, proxy.ts: 10ms, application-code: 242ms)
 GET /forgot-password 200 in 275ms (next.js: 28ms, proxy.ts: 10ms, application-code: 236ms)
 GET /forgot-password 200 in 302ms (next.js: 13ms, proxy.ts: 8ms, application-code: 280ms)
 GET /forgot-password 200 in 342ms (next.js: 22ms, proxy.ts: 10ms, application-code: 310ms)
 GET /forgot-password 200 in 323ms (next.js: 21ms, proxy.ts: 14ms, application-code: 288ms)
 GET /forgot-password 200 in 331ms (next.js: 26ms, proxy.ts: 13ms, application-code: 291ms)
 GET /forgot-password 200 in 227ms (next.js: 21ms, proxy.ts: 16ms, application-code: 189ms)
 GET /forgot-password 200 in 142ms (next.js: 17ms, proxy.ts: 10ms, application-code: 115ms)
 GET /forgot-password 200 in 264ms (next.js: 65ms, proxy.ts: 8ms, application-code: 192ms)
 GET /forgot-password 200 in 630ms (next.js: 65ms, proxy.ts: 18ms, application-code: 548ms)
 GET /forgot-password 200 in 599ms (next.js: 43ms, proxy.ts: 21ms, application-code: 535ms)
 GET /forgot-password 200 in 467ms (next.js: 22ms, proxy.ts: 14ms, application-code: 431ms)
 GET /forgot-password 200 in 458ms (next.js: 73ms, proxy.ts: 17ms, application-code: 368ms)
 GET /forgot-password 200 in 319ms (next.js: 22ms, proxy.ts: 16ms, application-code: 281ms)
 GET /forgot-password 200 in 188ms (next.js: 26ms, proxy.ts: 10ms, application-code: 152ms)
 GET /forgot-password 200 in 583ms (next.js: 32ms, proxy.ts: 16ms, application-code: 536ms)
 GET /forgot-password 200 in 563ms (next.js: 14ms, proxy.ts: 27ms, application-code: 523ms)
 GET /forgot-password 200 in 526ms (next.js: 28ms, proxy.ts: 17ms, application-code: 481ms)
 GET /forgot-password 200 in 552ms (next.js: 19ms, proxy.ts: 12ms, application-code: 522ms)
 GET /forgot-password 200 in 496ms (next.js: 24ms, proxy.ts: 14ms, application-code: 458ms)
 GET /forgot-password 200 in 517ms (next.js: 24ms, proxy.ts: 16ms, application-code: 478ms)
 GET /forgot-password 200 in 504ms (next.js: 28ms, proxy.ts: 17ms, application-code: 459ms)
 GET /forgot-password 200 in 405ms (next.js: 42ms, proxy.ts: 24ms, application-code: 339ms)
 GET /forgot-password 200 in 366ms (next.js: 24ms, proxy.ts: 16ms, application-code: 326ms)
 GET /forgot-password 200 in 376ms (next.js: 22ms, proxy.ts: 11ms, application-code: 343ms)
 GET /forgot-password 200 in 467ms (next.js: 25ms, proxy.ts: 9ms, application-code: 433ms)
 GET /forgot-password 200 in 362ms (next.js: 27ms, proxy.ts: 11ms, application-code: 324ms)
 GET /forgot-password 200 in 255ms (next.js: 38ms, proxy.ts: 11ms, application-code: 207ms)
 GET /forgot-password 200 in 1032ms (next.js: 854ms, proxy.ts: 15ms, application-code: 163ms)
 GET /forgot-password 200 in 434ms (next.js: 21ms, proxy.ts: 9ms, application-code: 404ms)
 GET /forgot-password 200 in 593ms (next.js: 23ms, proxy.ts: 14ms, application-code: 556ms)
 GET /forgot-password 200 in 486ms (next.js: 23ms, proxy.ts: 24ms, application-code: 439ms)
 GET /forgot-password 200 in 478ms (next.js: 25ms, proxy.ts: 14ms, application-code: 438ms)
 GET /forgot-password 200 in 419ms (next.js: 28ms, proxy.ts: 15ms, application-code: 376ms)
 GET /forgot-password 200 in 427ms (next.js: 21ms, proxy.ts: 14ms, application-code: 391ms)
 GET /forgot-password 200 in 422ms (next.js: 48ms, proxy.ts: 17ms, application-code: 357ms)
 GET /forgot-password 200 in 404ms (next.js: 25ms, proxy.ts: 11ms, application-code: 368ms)
 GET /forgot-password 200 in 377ms (next.js: 22ms, proxy.ts: 13ms, application-code: 341ms)
 GET /forgot-password 200 in 405ms (next.js: 21ms, proxy.ts: 12ms, application-code: 372ms)
 GET /forgot-password 200 in 402ms (next.js: 22ms, proxy.ts: 13ms, application-code: 367ms)
 GET /forgot-password 200 in 527ms (next.js: 22ms, proxy.ts: 14ms, application-code: 491ms)
 GET /forgot-password 200 in 455ms (next.js: 30ms, proxy.ts: 32ms, application-code: 393ms)
 GET /forgot-password 200 in 456ms (next.js: 19ms, proxy.ts: 17ms, application-code: 420ms)
 GET /forgot-password 200 in 465ms (next.js: 28ms, proxy.ts: 17ms, application-code: 420ms)
 GET /forgot-password 200 in 452ms (next.js: 27ms, proxy.ts: 18ms, application-code: 406ms)
 GET /forgot-password 200 in 462ms (next.js: 31ms, proxy.ts: 18ms, application-code: 413ms)
 GET /forgot-password 200 in 410ms (next.js: 26ms, proxy.ts: 17ms, application-code: 367ms)
 GET /forgot-password 200 in 407ms (next.js: 25ms, proxy.ts: 15ms, application-code: 368ms)
 GET /forgot-password 200 in 396ms (next.js: 22ms, proxy.ts: 14ms, application-code: 360ms)
 GET /forgot-password 200 in 322ms (next.js: 19ms, proxy.ts: 14ms, application-code: 289ms)
 GET /forgot-password 200 in 314ms (next.js: 23ms, proxy.ts: 12ms, application-code: 279ms)
 GET /forgot-password 200 in 345ms (next.js: 18ms, proxy.ts: 11ms, application-code: 317ms)
 GET /forgot-password 200 in 425ms (next.js: 18ms, proxy.ts: 9ms, application-code: 398ms)
 GET /forgot-password 200 in 512ms (next.js: 24ms, proxy.ts: 18ms, application-code: 470ms)
 GET /forgot-password 200 in 424ms (next.js: 31ms, proxy.ts: 16ms, application-code: 378ms)
 GET /forgot-password 200 in 401ms (next.js: 28ms, proxy.ts: 18ms, application-code: 356ms)
 GET /forgot-password 200 in 428ms (next.js: 24ms, proxy.ts: 12ms, application-code: 392ms)
 GET /forgot-password 200 in 411ms (next.js: 25ms, proxy.ts: 11ms, application-code: 375ms)
 GET /forgot-password 200 in 487ms (next.js: 30ms, proxy.ts: 13ms, application-code: 443ms)
 GET /forgot-password 200 in 608ms (next.js: 15ms, proxy.ts: 9ms, application-code: 584ms)
 GET /forgot-password 200 in 649ms (next.js: 24ms, proxy.ts: 14ms, application-code: 611ms)
 GET /forgot-password 200 in 502ms (next.js: 40ms, proxy.ts: 59ms, application-code: 403ms)
 GET /forgot-password 200 in 169ms (next.js: 34ms, proxy.ts: 16ms, application-code: 119ms)
 GET /login 200 in 2.1s (next.js: 1988ms, proxy.ts: 19ms, application-code: 68ms)
✓ Compiled in 425ms
✓ Compiled in 332ms
✓ Compiled in 318ms
✓ Compiled in 389ms
✓ Compiled in 321ms
